# Blender 5.1.1
# www.blender.org
mtllib real_pine_bark.mtl
o Pine_4.001
v 0.356602 0.044633 -0.152492
v 0.473914 -0.235089 -0.094267
v 0.352794 0.047175 -0.004827
v 0.449104 -0.235089 -0.044233
v 0.403124 -0.235089 0.000000
v 0.467112 -0.235089 -0.141697
v 0.429060 -0.235089 -0.177722
v 0.216297 0.043369 -0.221036
v 0.307608 -0.235089 -0.205537
v 0.370436 -0.235089 -0.198002
v 0.255913 -0.235089 -0.210022
v 0.223766 -0.235089 -0.223766
v 0.147743 0.040911 -0.361321
v 0.205537 -0.235089 -0.307608
v 0.210022 -0.235089 -0.255913
v 0.198002 -0.235089 -0.370436
v 0.177722 -0.235089 -0.429059
v 0.000056 0.040889 -0.357514
v 0.094267 -0.235089 -0.473914
v 0.141697 -0.235089 -0.467112
v 0.044233 -0.235089 -0.449104
v 0.000000 -0.235089 -0.403124
v -0.122234 0.041806 -0.300014
v -0.063024 -0.235089 -0.316843
v -0.034793 -0.235089 -0.353263
v -0.092345 -0.235089 -0.304420
v -0.130816 -0.235089 -0.315817
v -0.282553 0.041927 -0.287392
v -0.242391 -0.235089 -0.362764
v -0.182061 -0.235089 -0.340612
v -0.301457 -0.235089 -0.367326
v -0.346338 -0.235089 -0.346338
v -0.295178 0.044681 -0.127096
v -0.362764 -0.235089 -0.242391
v -0.367326 -0.235089 -0.301457
v -0.340612 -0.235089 -0.182061
v -0.315817 -0.235089 -0.130816
v -0.352687 0.046753 -0.004825
v -0.316843 -0.235089 -0.063024
v -0.304420 -0.235089 -0.092345
v -0.353263 -0.235089 -0.034793
v -0.403124 -0.235089 0.000000
v -0.356495 0.049294 0.142840
v -0.473914 -0.235089 0.094267
v -0.449104 -0.235089 0.044233
v -0.467112 -0.235089 0.141697
v -0.429060 -0.235089 0.177722
v -0.216190 0.050558 0.211384
v -0.307608 -0.235089 0.205537
v -0.370436 -0.235089 0.198002
v -0.255913 -0.235089 0.210022
v -0.223766 -0.235089 0.223766
v -0.147636 0.053016 0.351669
v -0.205537 -0.235089 0.307608
v -0.210022 -0.235089 0.255913
v -0.198002 -0.235089 0.370436
v -0.177722 -0.235089 0.429059
v 0.000051 0.053038 0.347863
v -0.094267 -0.235089 0.473914
v -0.141697 -0.235089 0.467112
v -0.044233 -0.235089 0.449104
v 0.000000 -0.235089 0.403124
v 0.122340 0.052121 0.290362
v 0.063024 -0.235089 0.316843
v 0.034793 -0.235089 0.353263
v 0.092345 -0.235089 0.304420
v 0.130816 -0.235089 0.315817
v 0.282660 0.052000 0.277740
v 0.242391 -0.235089 0.362764
v 0.182061 -0.235089 0.340612
v 0.301457 -0.235089 0.367326
v 0.346338 -0.235089 0.346338
v 0.295285 0.049246 0.117445
v 0.362764 -0.235089 0.242391
v 0.367326 -0.235089 0.301457
v 0.340612 -0.235089 0.182061
v 0.315817 -0.235089 0.130816
v 0.316843 -0.235089 0.063024
v 0.304420 -0.235089 0.092345
v 0.353263 -0.235089 0.034793
v 0.299457 0.334924 -0.014207
v 0.289652 0.330407 -0.133644
v 0.198099 0.327993 -0.211083
v 0.120624 0.324955 -0.302586
v 0.001104 0.325301 -0.312409
v -0.107722 0.327322 -0.276840
v -0.223831 0.329470 -0.239096
v -0.261625 0.334144 -0.123079
v -0.297241 0.338526 -0.014338
v -0.287437 0.343043 0.105099
v -0.195884 0.345457 0.182538
v -0.118408 0.348495 0.274041
v 0.001112 0.348149 0.283863
v 0.109938 0.346128 0.248295
v 0.226046 0.343980 0.210551
v 0.263841 0.339306 0.094534
v 0.264175 0.630565 -0.027772
v 0.250043 0.625644 -0.129817
v 0.181583 0.622390 -0.205770
v 0.105551 0.619561 -0.274161
v 0.003387 0.619585 -0.288293
v -0.094028 0.621526 -0.262771
v -0.187192 0.624373 -0.218247
v -0.231784 0.629264 -0.125200
v -0.257352 0.634231 -0.027904
v -0.243220 0.639152 0.074140
v -0.174760 0.642406 0.150094
v -0.098728 0.645235 0.218485
v 0.003436 0.645211 0.232616
v 0.100851 0.643269 0.207095
v 0.194015 0.640423 0.162571
v 0.238607 0.635531 0.069524
v 0.230964 0.998424 -0.143559
v 0.171461 0.994067 -0.216774
v 0.098107 0.990541 -0.276159
v 0.004170 0.989677 -0.291130
v -0.086946 0.991009 -0.269356
v -0.170474 0.993743 -0.224103
v -0.215796 0.998744 -0.140717
v -0.237595 1.004190 -0.049760
v -0.222584 1.009791 0.044007
v -0.163082 1.014149 0.117222
v -0.089727 1.017675 0.176607
v 0.004210 1.018538 0.191578
v 0.095326 1.017206 0.169804
v 0.178854 1.014472 0.124551
v 0.224176 1.009471 0.041166
v 0.245975 1.004026 -0.049791
v 0.207215 1.321084 -0.159554
v 0.156377 1.314861 -0.228022
v 0.087619 1.310144 -0.278629
v 0.003058 1.308504 -0.293638
v -0.080185 1.309798 -0.275397
v -0.153685 1.313404 -0.231316
v -0.197900 1.319689 -0.158076
v -0.216169 1.326926 -0.075145
v -0.201060 1.334402 0.009083
v -0.150222 1.340625 0.077550
v -0.081465 1.345342 0.128158
v 0.003096 1.346982 0.143167
v 0.086339 1.345688 0.124926
v 0.159840 1.342082 0.080845
v 0.204055 1.335797 0.007605
v 0.222324 1.328560 -0.075326
v 0.205622 1.655073 -0.109351
v 0.191037 1.646741 -0.186281
v 0.145819 1.640090 -0.250151
v 0.081602 1.635664 -0.295149
v 0.004222 1.634688 -0.309707
v -0.072535 1.637054 -0.293787
v -0.138988 1.642178 -0.251996
v -0.181081 1.649768 -0.185970
v -0.197156 1.658276 -0.109681
v -0.182571 1.666607 -0.032751
v -0.137353 1.673258 0.031119
v -0.073135 1.677684 0.076118
v 0.004244 1.678661 0.090676
v 0.081001 1.676295 0.074756
v 0.147454 1.671171 0.032964
v 0.189547 1.663580 -0.033062
v 0.185167 2.057756 -0.228228
v 0.142774 2.051409 -0.289247
v 0.081427 2.047415 -0.331452
v 0.008076 2.046733 -0.345559
v -0.064897 2.049304 -0.330740
v -0.127597 2.054603 -0.290576
v -0.168090 2.062115 -0.228315
v -0.183091 2.070466 -0.155813
v -0.168987 2.078502 -0.082900
v -0.126594 2.084850 -0.021882
v -0.065247 2.088844 0.020323
v 0.008104 2.089525 0.034430
v 0.081077 2.086954 0.019611
v 0.143777 2.081655 -0.020553
v 0.184270 2.074143 -0.082814
v 0.199271 2.065793 -0.155316
v 0.187302 2.425131 -0.197501
v 0.135042 2.409993 -0.321930
v 0.009686 2.403625 -0.373777
v -0.116122 2.409794 -0.322347
v -0.167897 2.424927 -0.197442
v -0.115637 2.440063 -0.073014
v 0.009719 2.446432 -0.021167
v 0.135527 2.440264 -0.072597
v 0.123560 2.769871 -0.364749
v 0.006708 2.761420 -0.412580
v -0.110362 2.767829 -0.364660
v -0.158708 2.785367 -0.248910
v -0.110160 2.803705 -0.133496
v 0.006692 2.812156 -0.085665
v 0.123763 2.805748 -0.133585
v 0.172108 2.788209 -0.249335
v 0.117555 3.135458 -0.419888
v 0.006013 3.127816 -0.465571
v -0.105674 3.136098 -0.420171
v -0.151863 3.155467 -0.310194
v -0.105589 3.174540 -0.200277
v 0.005953 3.182182 -0.154593
v 0.117640 3.173900 -0.199993
v 0.163829 3.154531 -0.309970
v 0.160266 3.623607 -0.380002
v 0.117221 3.610507 -0.483208
v 0.013263 3.606616 -0.526262
v -0.090809 3.614220 -0.483903
v -0.133933 3.628869 -0.380905
v -0.090888 3.641969 -0.277698
v 0.013070 3.645860 -0.234644
v 0.117142 3.638255 -0.277003
v 0.112622 4.015011 -0.519322
v 0.015806 4.010840 -0.559356
v -0.081127 4.014446 -0.519514
v -0.121352 4.023717 -0.423117
v -0.081323 4.033218 -0.326676
v 0.015493 4.037388 -0.286642
v 0.112426 4.033783 -0.326484
v 0.152650 4.024513 -0.422881
v 0.141262 4.521227 -0.471915
v 0.103136 4.511656 -0.563760
v 0.010898 4.506411 -0.601780
v -0.081444 4.508563 -0.563693
v -0.119773 4.516854 -0.471799
v -0.081647 4.526424 -0.379953
v 0.010591 4.531670 -0.341933
v 0.102933 4.529518 -0.380021
v 0.093686 4.936950 -0.599962
v 0.008022 4.933631 -0.635418
v -0.077735 4.937356 -0.600219
v -0.113340 4.945942 -0.514979
v -0.077938 4.954360 -0.429642
v 0.007726 4.957679 -0.394186
v 0.093483 4.953955 -0.429385
v 0.129087 4.945368 -0.514625
v 0.096813 5.373046 -0.624944
v 0.017493 5.373385 -0.658064
v -0.061962 5.377202 -0.625487
v -0.095004 5.382258 -0.546294
v -0.062280 5.385594 -0.466880
v 0.017040 5.385255 -0.433759
v 0.096495 5.381439 -0.466336
v 0.129537 5.376383 -0.545529
v 0.129536 5.916921 -0.561762
v 0.023252 5.916078 -0.668663
v -0.083642 5.918942 -0.562407
v 0.022642 5.919785 -0.455507
v 0.015349 6.379608 -0.666382
v -0.083260 6.378714 -0.568314
v 0.014742 6.383077 -0.469731
v 0.113351 6.383972 -0.567799
v 0.099441 6.850524 -0.582916
v 0.009294 6.847538 -0.673644
v -0.081484 6.850785 -0.583555
v 0.008664 6.853772 -0.492827
v 0.106173 7.428111 -0.586567
v 0.021142 7.430580 -0.672331
v -0.064564 7.433764 -0.587266
v 0.020467 7.431296 -0.501502
v 0.111639 7.927307 -0.563875
v 0.033993 7.933527 -0.642278
v -0.044642 7.929433 -0.564726
v 0.033003 7.923213 -0.486323
v 0.003698 8.434582 -0.602335
v -0.067782 8.424199 -0.532097
v 0.002624 8.426714 -0.460074
v 0.074105 8.437098 -0.530312
v 0.010974 9.056718 -0.508241
v -0.054750 9.051052 -0.575932
v -0.121905 9.042313 -0.509996
v -0.056181 9.047976 -0.442306
v -0.095127 9.583820 -0.550800
v -0.156053 9.577341 -0.491044
v -0.096118 9.577217 -0.429950
v -0.035192 9.583694 -0.489706
v -0.120112 9.694260 -0.485107
v -0.137535 9.690452 -0.468133
v -0.120240 9.689255 -0.450649
v -0.102817 9.693063 -0.467624
v -0.120687 9.700387 -0.466862
v -0.039568 1.441647 -0.210049
v -0.025378 1.463086 -0.191491
v -0.097871 1.500217 -0.143746
v -0.111287 1.474628 -0.168483
v -0.115242 1.570058 -0.181563
v -0.097265 1.608064 -0.149725
v -0.025656 1.637646 -0.203354
v -0.046693 1.596081 -0.232476
v 0.005505 1.519347 -0.240871
v 0.028199 1.552583 -0.213167
v -0.054083 1.416809 -0.229215
v -0.124645 1.447024 -0.192312
v -0.132948 1.533551 -0.212394
v -0.068005 1.556823 -0.262555
v -0.015635 1.486445 -0.266796
v -0.066539 1.394861 -0.245834
v -0.136243 1.422910 -0.212511
v -0.148209 1.502268 -0.238466
v -0.086233 1.523266 -0.288407
v -0.033300 1.458099 -0.288794
v -0.079964 1.370662 -0.263953
v -0.148955 1.396504 -0.234102
v -0.164811 1.468378 -0.266241
v -0.105819 1.486951 -0.316298
v -0.051924 1.427293 -0.312416
v -0.098996 1.335340 -0.290103
v -0.167500 1.358222 -0.264415
v -0.188762 1.419729 -0.304996
v -0.133463 1.434851 -0.355874
v -0.077531 1.382941 -0.345904
v -0.119658 1.295188 -0.319426
v -0.188739 1.315064 -0.296858
v -0.215677 1.365453 -0.345969
v -0.163245 1.376719 -0.398889
v -0.103901 1.333293 -0.382484
v -0.209856 1.133817 -0.532183
v -0.225894 1.095349 -0.472320
v -0.293426 1.113310 -0.451407
v -0.319125 1.162877 -0.498345
v -0.267476 1.175551 -0.548267
v -0.307687 0.924528 -0.627469
v -0.374914 0.937814 -0.610657
v -0.397899 0.989960 -0.652264
v -0.344876 1.008902 -0.694791
v -0.289122 0.968462 -0.679467
v -0.384431 0.781359 -0.819735
v -0.449466 0.794007 -0.803566
v -0.467898 0.852067 -0.834231
v -0.414254 0.875301 -0.869352
v -0.362669 0.831601 -0.860393
v -0.438105 0.753414 -1.018183
v -0.460724 0.703002 -0.983794
v -0.518943 0.719501 -0.959840
v -0.532306 0.780110 -0.979423
v -0.482345 0.801070 -1.015481
v -0.547858 0.631282 -1.136794
v -0.603092 0.648018 -1.112120
v -0.617036 0.705541 -1.133011
v -0.570420 0.724355 -1.170596
v -0.527666 0.678460 -1.172934
v -0.602234 0.575985 -1.247225
v -0.659178 0.587981 -1.230776
v -0.673770 0.642547 -1.252382
v -0.625844 0.664273 -1.282185
v -0.581633 0.623136 -1.278998
v -0.631884 0.536145 -1.362373
v -0.688962 0.544450 -1.354586
v -0.700859 0.600114 -1.366732
v -0.651134 0.626211 -1.382025
v -0.608504 0.586676 -1.379331
v -0.656271 0.528280 -1.490553
v -0.710499 0.536420 -1.479424
v -0.719363 0.591562 -1.476017
v -0.670614 0.617501 -1.485041
v -0.631621 0.578391 -1.494024
v -0.688616 0.538233 -1.578986
v -0.736439 0.545205 -1.557254
v -0.744174 0.597258 -1.551048
v -0.701132 0.622456 -1.568944
v -0.666795 0.585977 -1.586210
v -0.699290 0.582999 -1.665967
v -0.717761 0.537268 -1.653826
v -0.766154 0.543165 -1.639569
v -0.777592 0.592542 -1.642898
v -0.736267 0.617161 -1.659212
v -0.722625 0.532609 -1.710866
v -0.770990 0.535490 -1.714921
v -0.782969 0.582449 -1.718832
v -0.742007 0.608590 -1.717195
v -0.704712 0.577787 -1.712272
v -0.697269 0.584215 -1.752956
v -0.710691 0.543599 -1.771116
v -0.755508 0.547227 -1.782855
v -0.769785 0.590086 -1.771952
v -0.733791 0.612946 -1.753473
v -0.701842 0.574989 -1.825415
v -0.746028 0.573953 -1.829049
v -0.762413 0.608747 -1.806968
v -0.728354 0.631287 -1.789688
v -0.690919 0.610423 -1.801089
v -0.705047 0.589417 -1.851525
v -0.746459 0.585992 -1.851496
v -0.762402 0.623046 -1.841518
v -0.730843 0.649372 -1.835380
v -0.695395 0.628588 -1.841564
v -0.693951 0.634166 -1.861914
v -0.701276 0.596186 -1.869867
v -0.735301 0.594238 -1.889815
v -0.749004 0.631014 -1.894190
v -0.723448 0.655691 -1.876946
v -0.685307 0.604080 -1.882882
v -0.701049 0.607436 -1.916699
v -0.718799 0.640388 -1.917983
v -0.714028 0.657399 -1.884961
v -0.663484 0.628110 -1.889364
v -0.676164 0.633045 -1.922088
v -0.706295 0.651521 -1.919488
v -0.685778 0.643537 -1.866538
v -0.655137 0.650840 -1.894062
v -0.670788 0.646512 -1.923315
v -0.701503 0.659506 -1.920630
v -0.704834 0.671865 -1.889717
v -0.676179 0.666509 -1.873297
v -0.670885 0.675134 -1.879586
v -0.660469 0.649020 -1.892310
v -0.663598 0.651416 -1.922917
v -0.675948 0.679011 -1.929109
v -0.680451 0.693670 -1.902330
v -0.661120 0.678148 -1.909294
v 0.115416 2.060097 -0.059850
v 0.134555 1.978527 -0.120622
v 0.098935 1.993743 -0.128858
v 0.102197 2.076622 -0.209156
v 0.146858 2.051744 -0.194296
v 0.141314 2.130335 -0.129969
v 0.095761 2.162883 -0.142395
v 0.068913 2.085143 -0.068264
v 0.171206 1.959827 -0.111712
v 0.189454 2.027052 -0.180359
v 0.187024 2.100236 -0.117798
v 0.159673 2.035022 -0.051532
v 0.197238 2.013381 -0.044195
v 0.202812 1.943026 -0.103938
v 0.225715 2.005752 -0.168755
v 0.226318 2.074729 -0.107397
v 0.237513 1.989843 -0.036002
v 0.237061 1.924241 -0.095440
v 0.264720 1.982576 -0.156587
v 0.268846 2.047343 -0.096188
v 0.294389 1.955930 -0.023696
v 0.286020 1.896302 -0.083156
v 0.320095 1.949147 -0.140021
v 0.329623 2.008495 -0.080258
v 0.356002 1.917949 -0.008897
v 0.339985 1.863588 -0.069380
v 0.380664 1.911610 -0.123314
v 0.396681 1.965971 -0.062831
v 0.622510 1.790056 0.045175
v 0.610411 1.736298 -0.012109
v 0.641391 1.786294 -0.065572
v 0.653490 1.840052 -0.008288
v 0.863437 1.700816 0.076573
v 0.851955 1.649318 0.021706
v 0.874727 1.699840 -0.030478
v 0.886209 1.751337 0.024389
v 1.072137 1.633309 0.090606
v 1.059923 1.584499 0.038002
v 1.078555 1.633872 -0.012136
v 1.090769 1.682682 0.040467
v 1.246706 1.578389 0.100255
v 1.236085 1.531404 0.050153
v 1.254649 1.578251 0.002285
v 1.265271 1.625236 0.052387
v 1.390812 1.536864 0.116879
v 1.386663 1.490218 0.070016
v 1.406182 1.534216 0.024493
v 1.410331 1.580862 0.071357
v 1.525648 1.512799 0.146789
v 1.531911 1.466348 0.104633
v 1.549242 1.508345 0.060932
v 1.542979 1.554796 0.103087
v 1.625340 1.518120 0.174590
v 1.643453 1.474890 0.139053
v 1.650012 1.513625 0.095277
v 1.631899 1.556854 0.130813
v 1.745409 1.500053 0.164652
v 1.741941 1.534167 0.120754
v 1.722449 1.574613 0.153725
v 1.725917 1.540498 0.197623
v 1.809574 1.524299 0.170633
v 1.800729 1.554677 0.128574
v 1.786393 1.594250 0.160171
v 1.795238 1.563872 0.202230
v 1.850033 1.577946 0.200710
v 1.857823 1.539113 0.170849
v 1.852397 1.568479 0.131244
v 1.844608 1.607311 0.161105
v 1.888164 1.582342 0.202336
v 1.895368 1.545443 0.174771
v 1.901260 1.573852 0.138282
v 1.894056 1.610751 0.165847
v 1.909884 1.583661 0.209036
v 1.925855 1.548968 0.187835
v 1.943583 1.575408 0.157923
v 1.927613 1.610101 0.179123
v 1.947901 1.556745 0.210782
v 1.969967 1.582314 0.187901
v 1.942459 1.611757 0.194276
v 1.920394 1.586188 0.217157
v 1.957876 1.574398 0.237268
v 1.978218 1.597717 0.215287
v 1.946498 1.616073 0.205407
v 1.926157 1.592754 0.227388
v 1.956460 1.599711 0.254337
v 1.974932 1.615843 0.230421
v 1.946293 1.622696 0.212922
v 1.927820 1.606564 0.236837
v 1.950840 1.620826 0.240964
v -0.115044 1.934791 -0.096604
v -0.081631 1.951791 -0.110649
v -0.039977 2.043240 -0.055096
v -0.085271 2.016500 -0.039057
v -0.120188 2.087443 -0.105155
v -0.075320 2.121911 -0.125369
v -0.093366 2.035348 -0.190686
v -0.136356 2.008567 -0.168330
v -0.177402 1.981953 -0.147200
v -0.149830 1.914365 -0.081650
v -0.128324 1.989752 -0.023452
v -0.165004 2.055424 -0.085234
v -0.179901 1.896107 -0.068656
v -0.164818 1.966673 -0.009926
v -0.203473 2.028241 -0.068174
v -0.212378 1.958990 -0.129461
v -0.250042 1.934002 -0.110684
v -0.212542 1.875772 -0.054497
v -0.203887 1.941577 0.004908
v -0.245060 1.999008 -0.049757
v -0.303604 1.897957 -0.084716
v -0.259298 1.845678 -0.034120
v -0.258929 1.905433 0.026599
v -0.304391 1.957443 -0.023516
v -0.362371 1.857482 -0.057691
v -0.310989 1.810697 -0.011428
v -0.318292 1.864977 0.051577
v -0.369675 1.911762 0.005314
v -0.564519 1.663605 0.100887
v -0.568297 1.717658 0.159915
v -0.613998 1.764714 0.113900
v -0.610220 1.710662 0.054872
v -0.833057 1.604374 0.146215
v -0.795512 1.556203 0.192788
v -0.797200 1.608892 0.248646
v -0.834746 1.657063 0.202074
v -1.035546 1.537514 0.213023
v -1.009252 1.488080 0.260668
v -1.007714 1.539511 0.313181
v -1.034007 1.588946 0.265536
v -1.226689 1.460282 0.315504
v -1.218538 1.510469 0.364009
v -1.233106 1.559452 0.315776
v -1.241257 1.509265 0.267271
v -1.391183 1.476630 0.357194
v -1.371313 1.523086 0.399649
v -1.376894 1.568732 0.352312
v -1.396765 1.522275 0.309857
v -1.541927 1.508624 0.404336
v -1.516855 1.551603 0.442707
v -1.521755 1.594890 0.397426
v -1.546827 1.551911 0.359054
v -1.644565 1.578054 0.397461
v -1.639730 1.536899 0.440455
v -1.615655 1.577701 0.476804
v -1.620491 1.618856 0.433810
v -1.722443 1.560313 0.464764
v -1.703996 1.599966 0.500741
v -1.703977 1.638015 0.458796
v -1.722425 1.598361 0.422819
v -1.791671 1.619807 0.431695
v -1.803066 1.586951 0.472470
v -1.789757 1.625493 0.507246
v -1.778362 1.658349 0.466471
v -1.834808 1.643914 0.425975
v -1.861826 1.621803 0.461213
v -1.847008 1.655950 0.493999
v -1.819990 1.678059 0.458762
v -1.906190 1.662664 0.446635
v -1.887101 1.689959 0.479317
v -1.856369 1.705918 0.448039
v -1.875457 1.678624 0.415356
v -1.927361 1.692359 0.439233
v -1.906926 1.714921 0.470686
v -1.878688 1.730557 0.441123
v -1.899122 1.707996 0.409670
v -1.941229 1.710538 0.435212
v -1.925831 1.735529 0.463728
v -1.901928 1.753023 0.435490
v -1.917326 1.728032 0.406974
v -1.952918 1.721128 0.428688
v -1.950402 1.751921 0.451027
v -1.926501 1.768059 0.426089
v -1.929847 1.738787 0.404391
v -1.961014 1.726378 0.412337
v -1.972510 1.758485 0.417387
v -1.941343 1.770894 0.409442
v -1.957905 1.750937 0.400989
v 0.033591 2.750983 -0.160931
v 0.123097 2.744705 -0.116848
v 0.166394 2.687696 -0.184415
v 0.084279 2.688193 -0.229531
v 0.081452 2.800008 -0.240911
v 0.166740 2.788957 -0.192965
v 0.240007 2.685213 -0.144029
v 0.242503 2.780133 -0.150823
v 0.201052 2.738745 -0.078101
v 0.323658 2.681301 -0.098403
v 0.328456 2.770784 -0.103465
v 0.288632 2.731851 -0.033929
v 0.438741 2.673533 -0.036402
v 0.446576 2.759477 -0.039534
v 0.407083 2.722137 0.027575
v 0.708387 2.719182 0.204711
v 0.746593 2.673753 0.150557
v 0.746308 2.753734 0.142869
v 0.932969 2.763649 0.345971
v 0.975214 2.722700 0.300343
v 0.961329 2.794045 0.284204
v 1.110353 2.834392 0.430618
v 1.144719 2.794605 0.386438
v 1.123675 2.857074 0.367184
v 1.272499 2.845099 0.424473
v 1.259241 2.904640 0.408684
v 1.251175 2.885258 0.468094
v 1.346631 2.905537 0.495764
v 1.369737 2.868948 0.457943
v 1.366578 2.924965 0.445487
v 1.437426 2.892507 0.505434
v 1.427677 2.940658 0.488194
v 1.399769 2.920919 0.527466
v 1.472242 2.929435 0.542709
v 1.451859 2.960725 0.514508
v 1.431240 2.948531 0.554706
v 1.487887 2.953860 0.552969
v 1.468801 2.979968 0.526694
v 1.458765 2.980080 0.567135
v 1.496406 2.962495 0.556859
v 1.500185 2.995312 0.540879
v 1.482491 2.992424 0.572897
v 1.502271 2.987354 0.560226
v 0.054844 2.497928 -0.287793
v -0.054553 2.424511 -0.332633
v -0.040714 2.435005 -0.265477
v -0.041149 2.560373 -0.278785
v -0.055146 2.537493 -0.345529
v 0.035271 2.480245 -0.356935
v -0.068090 2.411461 -0.397494
v -0.069073 2.516357 -0.411395
v 0.017124 2.462784 -0.422404
v -0.078801 2.400535 -0.448120
v -0.080144 2.500133 -0.463141
v 0.003304 2.449031 -0.473406
v -0.095775 2.382298 -0.526820
v -0.097766 2.475396 -0.544139
v -0.017482 2.427418 -0.552703
v -0.039966 2.401934 -0.644633
v -0.116145 2.358691 -0.617814
v -0.119062 2.447797 -0.638890
v -0.102711 2.345549 -0.958044
v -0.175939 2.303421 -0.940231
v -0.176892 2.389115 -0.950721
v -0.147122 2.330972 -1.214712
v -0.216940 2.291018 -1.204044
v -0.216202 2.372160 -1.203933
v -0.249389 2.306744 -1.412440
v -0.247295 2.382276 -1.403957
v -0.183469 2.343978 -1.419480
v -0.217522 2.368755 -1.578531
v -0.279076 2.334014 -1.571712
v -0.276146 2.403850 -1.559196
v -0.248738 2.392071 -1.699497
v -0.305719 2.359553 -1.691688
v -0.302865 2.424501 -1.679906
v -0.272448 2.407221 -1.789989
v -0.325322 2.377121 -1.783175
v -0.323382 2.437786 -1.775168
v -0.334045 2.387092 -1.854639
v -0.332968 2.443382 -1.850299
v -0.284741 2.414582 -1.856062
v -0.330954 2.393382 -1.910441
v -0.330338 2.445051 -1.906650
v -0.286208 2.418235 -1.902408
v -0.319249 2.400003 -1.951612
v -0.319807 2.446747 -1.944688
v -0.281174 2.421731 -1.933964
v -0.274015 2.426441 -1.956153
v -0.305464 2.408139 -1.978710
v -0.308121 2.449485 -1.967926
v -0.294252 2.416328 -1.996498
v -0.297449 2.452999 -1.985289
v -0.266203 2.432639 -1.975815
v -0.280821 2.437217 -1.995166
v -0.039716 2.550078 -0.121810
v 0.016017 2.561575 -0.155757
v -0.005368 2.682518 -0.166120
v -0.061652 2.658589 -0.128905
v -0.096246 2.591677 -0.201594
v -0.040613 2.609945 -0.243041
v -0.149069 2.573890 -0.162710
v -0.093929 2.536128 -0.088048
v -0.116440 2.636580 -0.092955
v -0.136252 2.524533 -0.061394
v -0.159346 2.619733 -0.064761
v -0.190327 2.559897 -0.132715
v -0.254706 2.537901 -0.086737
v -0.201993 2.505323 -0.019408
v -0.226314 2.594142 -0.020604
v -0.329877 2.511912 -0.034944
v -0.277813 2.480748 0.030298
v -0.304315 2.565808 0.031239
v -0.548002 2.412424 0.187392
v -0.566644 2.493759 0.184750
v -0.589759 2.443581 0.122158
v -0.805943 2.414854 0.227481
v -0.777110 2.384289 0.293156
v -0.784665 2.461573 0.286162
v -0.965029 2.394635 0.358404
v -0.958293 2.465963 0.347020
v -0.981198 2.422693 0.293488
v -1.115107 2.459510 0.336811
v -1.106670 2.435182 0.398904
v -1.085836 2.497341 0.384041
v -1.209047 2.511731 0.373061
v -1.200766 2.488899 0.430107
v -1.171302 2.540650 0.412849
v -1.255352 2.536803 0.460359
v -1.225492 2.581875 0.442664
v -1.269056 2.562622 0.411555
v -1.284735 2.567882 0.489070
v -1.261167 2.612206 0.475944
v -1.305071 2.598130 0.452139
v -1.326994 2.613485 0.486792
v -1.302374 2.582461 0.512110
v -1.288545 2.627340 0.510017
v -1.340592 2.615291 0.507682
v -1.316889 2.586593 0.527670
v -1.313542 2.627482 0.537758
v -1.349833 2.613288 0.517369
v -1.334858 2.585019 0.537164
v -1.339651 2.618723 0.553175
v -1.350701 2.603103 0.540969
v -0.180782 1.275082 -0.421953
v 0.010827 1.282180 -0.448301
v -0.158651 1.294293 -0.404882
v -0.162534 1.281639 -0.378641
v 0.010340 1.271436 -0.426325
v -0.001725 1.248368 -0.428152
v -0.180983 1.253885 -0.380590
v -0.188772 1.249498 -0.407975
v -0.008802 1.244898 -0.451232
v -0.003277 1.266029 -0.463287
v 0.160565 1.274718 -0.486297
v 0.162227 1.265148 -0.467294
v 0.154809 1.244537 -0.469289
v 0.148514 1.241387 -0.489514
v 0.151180 1.260133 -0.499866
v 0.389771 1.253034 -0.558262
v 0.393719 1.266532 -0.545291
v 0.398520 1.257808 -0.528955
v 0.397540 1.238920 -0.531830
v 0.392133 1.235969 -0.549942
v 0.811432 1.325221 -0.674195
v 0.824145 1.326334 -0.668151
v 0.831990 1.315408 -0.672447
v 0.824126 1.307543 -0.681146
v 0.811421 1.313608 -0.682227
v 0.931338 1.370220 -0.809093
v 0.940572 1.372323 -0.810077
v 0.945132 1.364391 -0.812716
v 0.938715 1.357386 -0.813364
v 0.930190 1.360988 -0.811125
v 0.936562 1.365995 -0.815166
v -0.264655 1.194774 -0.456655
v -0.364243 1.280673 -0.552675
v -0.346625 1.299337 -0.551106
v -0.243908 1.220569 -0.453981
v -0.226902 1.213672 -0.476194
v -0.332728 1.295169 -0.570214
v -0.342553 1.276051 -0.584170
v -0.239216 1.189158 -0.494103
v -0.263830 1.180905 -0.482952
v -0.362522 1.268405 -0.573685
v -0.451293 1.354485 -0.635639
v -0.435965 1.369743 -0.634739
v -0.424191 1.366879 -0.651771
v -0.432558 1.350696 -0.663426
v -0.449504 1.343558 -0.653598
v -0.587357 1.467726 -0.762616
v -0.574196 1.480886 -0.762577
v -0.564235 1.479104 -0.778197
v -0.571238 1.464842 -0.787889
v -0.585528 1.457810 -0.778259
v -0.831750 1.709420 -0.983664
v -0.823041 1.706780 -0.994302
v -0.828174 1.695927 -1.001503
v -0.840054 1.691859 -0.995315
v -0.842264 1.700199 -0.984290
v -0.918100 1.833871 -1.069033
v -0.912359 1.838463 -1.074791
v -0.917381 1.841500 -1.082054
v -0.926225 1.838785 -1.080785
v -0.926669 1.834069 -1.072737
v -0.920907 1.840719 -1.073941
v -0.291599 0.885919 -0.837499
v -0.396462 0.865955 -0.740188
v -0.394673 0.837552 -0.742287
v -0.288617 0.862387 -0.839172
v -0.297237 0.854247 -0.861541
v -0.406584 0.826578 -0.770257
v -0.416660 0.847978 -0.785246
v -0.305900 0.872665 -0.873619
v -0.304091 0.891630 -0.858965
v -0.414777 0.870726 -0.767199
v -0.209235 0.910226 -0.939245
v -0.199516 0.904420 -0.921011
v -0.196195 0.884034 -0.922642
v -0.203058 0.877516 -0.941830
v -0.210758 0.893840 -0.952030
v -0.056086 0.934832 -1.048670
v -0.052359 0.916878 -1.050483
v -0.058153 0.911513 -1.067131
v -0.065459 0.926151 -1.075607
v -0.064182 0.940563 -1.064198
v 0.238300 1.019105 -1.179346
v 0.247336 1.008606 -1.178878
v 0.255339 1.009336 -1.190170
v 0.251249 1.020285 -1.197617
v 0.240719 1.026323 -1.190928
v 0.338393 1.111549 -1.141667
v 0.346718 1.111000 -1.137684
v 0.352978 1.114180 -1.143697
v 0.348522 1.116694 -1.151397
v 0.339508 1.115069 -1.150143
v 0.344771 1.117327 -1.143471
v -0.313176 1.089221 -0.534267
v -0.375977 1.023196 -0.612260
v -0.365059 1.046214 -0.612872
v -0.295851 1.116577 -0.532008
v -0.283104 1.114621 -0.557249
v -0.352098 1.045479 -0.632108
v -0.356109 1.023963 -0.643562
v -0.295444 1.091148 -0.575588
v -0.315272 1.078261 -0.561349
v -0.371341 1.011272 -0.631278
v -0.423510 0.982775 -0.682426
v -0.409966 0.982733 -0.697248
v -0.407985 0.962763 -0.703729
v -0.420222 0.950411 -0.692861
v -0.429465 0.962048 -0.679680
v -0.511812 0.863913 -0.782316
v -0.511284 0.881062 -0.788626
v -0.496096 0.882937 -0.798625
v -0.487237 0.866947 -0.798496
v -0.496950 0.855189 -0.788416
v -0.685914 0.765808 -0.982892
v -0.683826 0.779281 -0.984671
v -0.676521 0.780963 -0.996198
v -0.674094 0.768529 -1.001543
v -0.679900 0.759162 -0.993319
v -0.770986 0.798265 -1.092970
v -0.767418 0.795475 -1.084994
v -0.758282 0.795935 -1.085661
v -0.756204 0.799009 -1.094049
v -0.764055 0.800449 -1.098566
v -0.763477 0.801496 -1.089926
v 0.569472 1.843226 -0.015625
v 0.670738 1.850256 0.083176
v 0.650387 1.841036 0.090828
v 0.542193 1.832747 -0.007312
v 0.548746 1.807255 -0.006359
v 0.654895 1.819623 0.091700
v 0.677350 1.816031 0.086642
v 0.578279 1.803080 -0.008733
v 0.590120 1.826125 -0.010203
v 0.686777 1.835275 0.083010
v 0.744433 1.848391 0.174516
v 0.747685 1.829655 0.174728
v 0.765331 1.826283 0.167090
v 0.773011 1.842956 0.162305
v 0.760336 1.856431 0.165926
v 0.900359 1.867304 0.291159
v 0.890025 1.860401 0.302562
v 0.891631 1.843639 0.301581
v 0.902959 1.840183 0.289570
v 0.908353 1.854809 0.283129
v 1.134407 1.863207 0.546983
v 1.134678 1.850778 0.545448
v 1.146027 1.847653 0.541165
v 1.152770 1.858150 0.540053
v 1.145589 1.867764 0.543649
v 1.185954 1.866525 0.665540
v 1.181812 1.862694 0.671944
v 1.186425 1.863714 0.679053
v 1.193418 1.868176 0.677042
v 1.193127 1.869913 0.668690
v 1.186378 1.869295 0.673158
v 0.516379 1.831950 -0.011404
v 0.551121 1.711026 -0.031376
v 0.535052 1.715245 -0.047574
v 0.494899 1.839671 -0.031413
v 0.508621 1.833997 -0.053162
v 0.545251 1.713380 -0.066200
v 0.565990 1.706851 -0.061691
v 0.534298 1.819804 -0.047053
v 0.536984 1.817738 -0.021544
v 0.568807 1.705095 -0.040283
v 0.571163 1.608776 -0.062464
v 0.579142 1.610618 -0.078716
v 0.596802 1.610299 -0.074945
v 0.599811 1.608440 -0.056362
v 0.584535 1.607796 -0.048576
v 0.638847 1.449441 -0.073911
v 0.628247 1.445503 -0.086425
v 0.633408 1.453513 -0.100342
v 0.647197 1.462402 -0.096428
v 0.650558 1.459885 -0.080094
v 0.782247 1.190805 -0.147989
v 0.774201 1.187992 -0.157167
v 0.777026 1.195082 -0.167099
v 0.786819 1.202276 -0.164059
v 0.790046 1.199632 -0.152249
v 0.870506 1.094714 -0.193186
v 0.871666 1.099483 -0.200168
v 0.875492 1.106737 -0.197802
v 0.876696 1.106450 -0.189357
v 0.873615 1.099020 -0.186504
v 0.876840 1.099737 -0.193918
v -0.332987 1.880842 -0.033504
v -0.206480 1.843541 -0.167511
v -0.301395 1.884240 -0.037496
v -0.293646 1.865859 -0.018259
v -0.198676 1.827288 -0.153079
v -0.216436 1.812233 -0.147882
v -0.317960 1.849346 -0.007100
v -0.340920 1.857922 -0.018837
v -0.235285 1.819336 -0.158871
v -0.230020 1.839206 -0.169418
v -0.121137 1.811198 -0.280786
v -0.113497 1.796405 -0.269405
v -0.126704 1.781723 -0.268876
v -0.142532 1.787503 -0.279842
v -0.139448 1.805928 -0.286567
v 0.000776 1.757578 -0.467739
v 0.012949 1.764310 -0.456203
v 0.021017 1.750447 -0.447878
v 0.013830 1.735147 -0.454268
v 0.001321 1.739554 -0.466544
v 0.278464 1.776854 -0.760623
v 0.290481 1.771089 -0.760809
v 0.290607 1.762145 -0.770692
v 0.278667 1.762383 -0.776614
v 0.271163 1.771473 -0.770391
v 0.333953 1.859614 -0.899291
v 0.336633 1.868157 -0.898607
v 0.339866 1.870699 -0.906589
v 0.339183 1.863728 -0.912207
v 0.335529 1.856877 -0.907697
v 0.333550 1.864991 -0.905914
v -0.664053 1.795506 0.126814
v -0.654200 1.807157 0.108584
v -0.517735 1.774646 0.080352
v -0.532398 1.764510 0.060949
v -0.664982 1.798833 0.091517
v -0.681846 1.784166 0.099015
v -0.555895 1.749138 0.071354
v -0.556039 1.750183 0.097226
v -0.681587 1.783580 0.120728
v -0.531307 1.759993 0.103240
v -0.779266 1.822890 0.148112
v -0.772131 1.833778 0.132890
v -0.779813 1.826046 0.117437
v -0.791848 1.811228 0.123038
v -0.791637 1.809862 0.141956
v -0.954052 1.873500 0.170443
v -0.957473 1.865750 0.155850
v -0.962606 1.850063 0.159355
v -0.962357 1.848117 0.176114
v -0.957070 1.862602 0.182967
v -1.270316 1.982548 0.192194
v -1.260143 1.984624 0.185179
v -1.261749 1.978790 0.174206
v -1.272916 1.973108 0.174440
v -1.278211 1.975430 0.185557
v -1.327389 2.077691 0.165064
v -1.323681 2.083275 0.159772
v -1.328670 2.090189 0.159314
v -1.335461 2.088880 0.164323
v -1.334668 2.081156 0.167876
v -1.328191 2.085710 0.166071
v -0.497985 1.635413 0.069420
v -0.477387 1.766588 0.049806
v -0.475880 1.762411 0.075911
v -0.495657 1.633660 0.091012
v -0.515197 1.625304 0.099987
v -0.499660 1.747237 0.086442
v -0.516209 1.742684 0.067028
v -0.529732 1.622148 0.084012
v -0.520494 1.629273 0.065802
v -0.506101 1.756907 0.046168
v -0.516630 1.522916 0.087070
v -0.514127 1.523586 0.105689
v -0.531255 1.520689 0.113724
v -0.544395 1.518338 0.100098
v -0.535911 1.520071 0.083894
v -0.562716 1.352402 0.111561
v -0.546227 1.350051 0.114760
v -0.543267 1.354790 0.130772
v -0.557926 1.360070 0.137470
v -0.569946 1.358595 0.125597
v -0.564651 1.048765 0.180767
v -0.559971 1.048396 0.192454
v -0.567547 1.041169 0.199454
v -0.576909 1.037071 0.192093
v -0.575119 1.041766 0.180543
v -0.528093 0.936208 0.167557
v -0.524263 0.934718 0.175092
v -0.527862 0.927742 0.178563
v -0.533916 0.924921 0.173173
v -0.534058 0.930153 0.166371
v -0.527169 0.928643 0.170480
v 0.425147 2.723388 0.002064
v 0.479325 2.626781 0.028123
v 0.471171 2.622977 0.007037
v 0.412393 2.719827 -0.025723
v 0.442580 2.719864 -0.031374
v 0.491627 2.624902 0.000581
v 0.498359 2.626687 0.021173
v 0.451593 2.718202 -0.004894
v 0.528095 2.549270 0.051564
v 0.522608 2.544039 0.034896
v 0.536585 2.548917 0.027936
v 0.541518 2.553330 0.044414
v 0.604149 2.433944 0.089808
v 0.602143 2.425261 0.077291
v 0.608786 2.436123 0.068691
v 0.610793 2.444806 0.081208
v 0.802965 2.197364 0.127616
v 0.808851 2.197671 0.120882
v 0.815270 2.200143 0.126606
v 0.809384 2.199835 0.133340
v 0.809845 2.195714 0.127608
v -0.077728 2.420724 -0.614375
v 0.049998 2.347629 -0.628357
v 0.064599 2.348310 -0.611920
v -0.054018 2.417281 -0.596360
v -0.066492 2.405151 -0.577034
v 0.056235 2.336617 -0.596018
v 0.037945 2.327350 -0.603171
v -0.094071 2.397560 -0.584522
v -0.098734 2.405226 -0.608368
v 0.034971 2.333403 -0.623452
v 0.160271 2.291101 -0.637415
v 0.168774 2.294737 -0.622029
v 0.163095 2.283411 -0.608452
v 0.151678 2.272231 -0.615663
v 0.150289 2.276682 -0.633681
v 0.330926 2.217001 -0.635419
v 0.328528 2.205403 -0.623709
v 0.326806 2.190688 -0.631316
v 0.328140 2.193191 -0.647728
v 0.330686 2.209453 -0.650263
v 0.645835 2.167373 -0.638271
v 0.653037 2.163589 -0.628955
v 0.661517 2.155861 -0.633575
v 0.659556 2.154869 -0.645746
v 0.649864 2.161984 -0.648649
v 0.734379 2.226065 -0.671982
v 0.738005 2.230072 -0.678450
v 0.744362 2.225293 -0.681239
v 0.744666 2.218334 -0.676495
v 0.738496 2.218811 -0.670774
v 0.737749 2.222070 -0.678059
v -0.098776 2.372957 -0.700902
v -0.207810 2.352559 -0.759081
v -0.210035 2.369109 -0.739778
v -0.098770 2.392301 -0.675112
v -0.103030 2.412464 -0.699972
v -0.211985 2.386241 -0.758558
v -0.212708 2.369348 -0.775723
v -0.110703 2.392230 -0.720159
v -0.296004 2.334833 -0.812859
v -0.301085 2.349183 -0.797437
v -0.300343 2.364455 -0.812773
v -0.296444 2.349965 -0.827352
v -0.437735 2.318220 -0.887929
v -0.432664 2.332590 -0.899261
v -0.422383 2.320625 -0.909833
v -0.427454 2.306255 -0.898501
v -0.668516 2.293354 -1.047493
v -0.663352 2.304264 -1.054551
v -0.662046 2.296272 -1.065949
v -0.667210 2.285362 -1.058891
v -0.786724 2.290053 -1.089640
v -0.795469 2.293477 -1.089671
v -0.795853 2.292415 -1.098994
v -0.787108 2.288990 -1.098963
v -0.792491 2.288165 -1.093918
v -0.088519 2.390489 -0.723072
v -0.111451 2.286654 -0.734381
v -0.102487 2.393472 -0.694278
v -0.127190 2.391536 -0.714692
v -0.131944 2.286381 -0.749337
v -0.119013 2.283934 -0.769382
v -0.112263 2.384071 -0.738698
v -0.098886 2.285939 -0.756253
v -0.107789 2.201536 -0.788114
v -0.119229 2.199404 -0.770225
v -0.136990 2.201450 -0.782250
v -0.125405 2.202881 -0.799417
v -0.131181 2.068255 -0.826313
v -0.146646 2.074631 -0.835135
v -0.135829 2.081910 -0.848835
v -0.120364 2.075532 -0.840013
v -0.125910 1.874433 -0.966625
v -0.133029 1.863463 -0.961842
v -0.144539 1.868214 -0.968075
v -0.137420 1.879185 -0.972859
v -0.115317 1.802208 -1.063493
v -0.119875 1.795189 -1.059318
v -0.127924 1.799860 -1.060253
v -0.123366 1.806880 -1.064428
v -0.122110 1.799603 -1.064813
v -0.209468 2.580244 -0.054388
v -0.253583 2.516657 -0.166179
v -0.235899 2.506789 -0.182715
v -0.192794 2.565394 -0.080466
v -0.184198 2.546328 -0.053243
v -0.231392 2.488263 -0.164373
v -0.250879 2.496705 -0.150158
v -0.205570 2.557474 -0.033189
v -0.285974 2.466044 -0.262696
v -0.267585 2.459857 -0.272812
v -0.265799 2.441622 -0.260078
v -0.284908 2.447237 -0.250896
v -0.332417 2.392077 -0.411942
v -0.312357 2.390558 -0.413307
v -0.313416 2.371298 -0.407434
v -0.333475 2.372817 -0.406069
v -0.357605 2.326593 -0.690447
v -0.343024 2.326198 -0.687604
v -0.341717 2.314007 -0.696001
v -0.356298 2.314402 -0.698845
v -0.354690 2.365622 -0.796974
v -0.353529 2.373386 -0.790784
v -0.359946 2.378729 -0.796281
v -0.361107 2.370965 -0.802472
v -0.359997 2.370996 -0.794647
v -0.791025 2.428402 0.250110
v -0.766350 2.372275 0.348997
v -0.742132 2.375231 0.343472
v -0.760317 2.430797 0.243162
v -0.763834 2.449190 0.268644
v -0.742696 2.390863 0.363353
v -0.765039 2.384984 0.369457
v -0.789648 2.439163 0.277103
v -0.726681 2.331677 0.427775
v -0.726213 2.346529 0.443517
v -0.746095 2.342865 0.448586
v -0.747308 2.329176 0.432613
v -0.702155 2.267813 0.556153
v -0.701473 2.283299 0.566427
v -0.719510 2.281374 0.570526
v -0.720191 2.265888 0.560251
v -0.673879 2.126351 0.757187
v -0.660260 2.125377 0.756154
v -0.658870 2.132528 0.767748
v -0.672489 2.133501 0.768781
v -0.660589 2.026873 0.828264
v -0.661130 2.027009 0.837444
v -0.669878 2.029790 0.836887
v -0.669337 2.029654 0.827707
v -0.666218 2.025232 0.832563
v -0.262901 2.514225 -0.019127
v -0.219022 2.527147 0.095111
v -0.231205 2.514574 -0.020765
v -0.239298 2.545153 -0.022492
v -0.223594 2.551780 0.095075
v -0.246750 2.549143 0.100722
v -0.267232 2.542403 -0.015682
v -0.243619 2.525430 0.098779
v -0.207720 2.537196 0.190523
v -0.210782 2.558350 0.190982
v -0.230807 2.555972 0.196426
v -0.228319 2.535184 0.195180
v -0.206356 2.549420 0.340343
v -0.188793 2.551521 0.334410
v -0.190854 2.570059 0.334873
v -0.208418 2.567957 0.340807
v -0.111379 2.522733 0.561147
v -0.106401 2.530966 0.570953
v -0.117897 2.529208 0.578265
v -0.122875 2.520976 0.568459
v -0.074518 2.444670 0.636200
v -0.071104 2.444789 0.644772
v -0.079031 2.448345 0.647879
v -0.082445 2.448227 0.639308
v -0.077928 2.443498 0.642541
vn 0.6296 0.1254 0.7667
vn 0.7911 0.1887 0.5819
vn 0.9699 0.2197 0.1048
vn 0.9368 0.3466 0.0474
vn 0.5064 0.2067 -0.8372
vn 0.6151 0.2079 -0.7606
vn 0.8399 0.3147 -0.4421
vn 0.2212 0.1673 -0.9608
vn 0.2428 -0.0038 -0.9701
vn 0.8157 0.1278 -0.5642
vn 0.1845 0.0518 -0.9815
vn 0.7068 0.0262 -0.7069
vn -0.0095 0.9359 -0.3520
vn 0.2092 -0.6754 -0.7071
vn 0.0384 -0.9412 -0.3356
vn -0.9454 -0.3249 -0.0257
vn 0.9700 0.0085 -0.2428
vn 0.9745 0.1150 -0.1925
vn 0.8356 0.2149 -0.5056
vn 0.3395 0.2507 -0.9066
vn 0.9583 0.1818 -0.2206
vn -0.4388 0.1981 0.8765
vn -0.4095 0.1932 0.8916
vn 0.7025 0.0983 0.7048
vn 0.6232 0.0096 0.7820
vn 0.4419 0.3126 -0.8408
vn -0.5839 0.1700 -0.7938
vn -0.3319 0.1257 -0.9349
vn -0.1962 0.3044 -0.9321
vn -0.7686 0.1045 -0.6312
vn -0.8020 0.0922 -0.5902
vn -0.5107 -0.0002 -0.8598
vn 0.3607 0.0420 -0.9317
vn -0.0822 0.0877 -0.9928
vn -0.0564 0.0098 -0.9984
vn 0.3901 0.0505 -0.9194
vn 0.1058 0.2179 -0.9702
vn -0.6746 0.2989 -0.6750
vn -0.9195 0.1884 -0.3449
vn -0.1716 0.2839 -0.9434
vn -0.9396 0.2963 -0.1712
vn -0.9181 0.0726 0.3896
vn -0.9569 0.0914 -0.2758
vn -0.9673 0.1846 0.1738
vn -0.9306 0.0639 0.3603
vn -0.7368 0.3183 0.5965
vn -0.3738 -0.6584 0.6533
vn 0.4421 -0.6503 0.6178
vn -0.1814 0.9725 0.1462
vn -0.9981 0.0259 -0.0567
vn -0.5905 0.0865 -0.8024
vn -0.9745 0.2037 -0.0943
vn -0.7863 0.0322 -0.6170
vn -0.6315 0.0998 -0.7689
vn -0.7938 0.1699 -0.5839
vn -0.9384 0.3418 -0.0512
vn -0.5036 0.2306 0.8326
vn -0.6135 0.2461 0.7504
vn -0.8375 0.3240 0.4399
vn -0.2200 0.1961 0.9556
vn -0.2426 0.0291 0.9697
vn -0.8144 0.1626 0.5571
vn -0.1844 0.0839 0.9793
vn -0.7063 0.0493 0.7062
vn 0.0547 -0.2550 -0.9654
vn 0.6746 -0.7382 -0.0048
vn 0.4506 -0.8926 -0.0172
vn -0.4297 -0.5057 -0.7480
vn -0.9699 0.0169 0.2427
vn -0.9745 0.1171 0.1915
vn -0.8343 0.2226 0.5044
vn -0.3384 0.2903 0.8951
vn -0.9583 0.1819 0.2206
vn -0.5449 -0.5622 -0.6221
vn -0.5588 -0.5809 -0.5919
vn -0.0095 0.9359 -0.3521
vn -0.3977 0.8937 0.2077
vn -0.4402 0.3262 0.8366
vn 0.5820 0.1885 0.7910
vn 0.3321 0.1764 0.9266
vn 0.1953 0.3209 0.9268
vn 0.7672 0.1207 0.6300
vn 0.8007 0.1076 0.5893
vn 0.5102 0.0283 0.8596
vn -0.3601 0.0718 0.9301
vn 0.0818 0.1394 0.9869
vn 0.0568 0.0429 0.9975
vn -0.5628 0.5645 -0.6038
vn -0.6698 0.4608 -0.5823
vn 0.0955 -0.1598 -0.9825
vn -0.3894 0.0796 0.9176
vn -0.1053 0.2414 0.9647
vn 0.6726 0.3098 0.6720
vn 0.9209 0.1999 0.3346
vn 0.1706 0.3037 0.9374
vn 0.9411 0.2917 0.1709
vn 0.9190 0.0579 -0.3900
vn 0.9567 0.1024 0.2725
vn 0.9690 0.1733 -0.1763
vn 0.9314 0.0503 -0.3606
vn 0.9980 0.0271 0.0566
vn 0.5889 0.1133 0.8002
vn 0.7858 0.0529 0.6163
vn 0.3125 0.1236 -0.9419
vn 0.3153 0.0230 -0.9487
vn 0.6806 0.0077 -0.7326
vn 0.7238 0.0804 -0.6853
vn -0.0094 0.9359 -0.3521
vn -0.0096 0.9360 -0.3520
vn -0.6962 -0.7126 0.0864
vn -0.6877 -0.7242 0.0508
vn -0.8645 0.4999 -0.0530
vn -0.6983 0.5286 -0.4827
vn -0.7767 -0.5395 -0.3249
vn 0.1662 0.8933 -0.4177
vn 0.3845 0.8234 -0.4173
vn 0.1146 0.5578 0.8221
vn 0.2258 0.5141 0.8275
vn 0.3641 0.5252 0.7691
vn 0.8665 -0.2886 -0.4074
vn 0.8838 -0.2835 -0.3722
vn 0.3252 0.7933 0.5147
vn 0.6285 -0.7778 0.0038
vn 0.8520 -0.3037 -0.4264
vn 0.2289 0.8133 -0.5350
vn 0.1851 0.9342 0.3050
vn -0.2590 -0.7328 0.6292
vn -0.1049 -0.6777 0.7278
vn -0.3430 0.9390 -0.0231
vn -0.2155 0.9748 0.0583
vn 0.2404 0.9649 -0.1058
vn -0.8782 -0.4448 0.1759
vn -0.8646 -0.4347 0.2521
vn 0.2202 0.9497 -0.2225
vn 0.3825 -0.8614 -0.3342
vn 0.4102 -0.7843 -0.4654
vn 0.9906 -0.0723 -0.1162
vn 0.9808 -0.1900 0.0434
vn 0.8473 0.0400 -0.5296
vn 0.7926 0.1211 -0.5976
vn -0.3136 0.1371 0.9396
vn -0.3132 0.1515 0.9375
vn -0.6417 0.1326 0.7554
vn -0.6586 0.1208 0.7427
vn 0.3134 -0.0321 -0.9491
vn 0.3135 -0.0736 -0.9467
vn 0.6342 -0.0653 -0.7704
vn 0.6422 -0.0260 -0.7661
vn -0.7368 0.6760 0.0146
vn -0.7635 0.6443 -0.0440
vn -0.8676 -0.3566 0.3465
vn -0.8094 -0.2690 0.5219
vn -0.9941 0.0466 0.0979
vn -0.9493 0.0041 -0.3144
vn -0.9488 0.0262 -0.3147
vn -0.9937 0.0678 0.0889
vn -0.7434 -0.0373 -0.6678
vn -0.4106 -0.0491 -0.9105
vn -0.4366 -0.0635 -0.8974
vn -0.7888 -0.0344 -0.6136
vn -0.6733 0.1223 0.7292
vn -0.9050 0.1089 0.4111
vn -0.8852 0.0894 0.4566
vn -0.6336 0.1170 0.7647
vn 0.7439 0.1078 0.6595
vn 0.4111 0.1571 0.8980
vn 0.4369 0.1261 0.8906
vn 0.7893 0.0873 0.6078
vn -0.2808 -0.8836 -0.3747
vn -0.2525 -0.8934 -0.3716
vn -0.2479 -0.5704 0.7831
vn -0.3186 -0.5454 0.7752
vn 0.9497 0.0578 0.3078
vn 0.9368 0.0889 0.3384
vn 0.6740 -0.0558 -0.7366
vn 0.9055 0.0018 -0.4244
vn 0.8857 -0.0253 -0.4635
vn -0.9982 0.0451 0.0385
vn -0.9362 0.0187 -0.3510
vn -0.0558 -0.0804 -0.9952
vn -0.1196 -0.0829 -0.9894
vn 0.0632 -0.9600 0.2726
vn -0.0094 0.9360 -0.3518
vn 0.3892 -0.7818 -0.4872
vn 0.3086 -0.8189 -0.4840
vn 0.5967 -0.0646 -0.7999
vn 0.3490 -0.0546 -0.9355
vn -0.2355 -0.1030 -0.9664
vn -0.9707 0.0602 0.2326
vn -0.5963 0.1452 0.7895
vn 0.0566 0.1488 0.9872
vn 0.2351 0.1711 0.9568
vn -0.3487 0.1656 0.9225
vn 0.8028 0.1244 0.5831
vn 0.1550 -0.9601 0.2326
vn 0.8141 0.3872 0.4328
vn 0.8944 0.3663 0.2565
vn 0.0289 -0.9239 0.3815
vn 0.9954 0.0155 -0.0949
vn 0.9427 -0.0027 -0.3336
vn 0.8016 0.0065 -0.5978
vn 0.3475 0.0466 0.9365
vn 0.3280 0.0468 0.9435
vn 0.7702 0.0192 -0.6375
vn -0.9945 0.0731 0.0750
vn -0.9490 0.0351 -0.3133
vn -0.9487 0.0488 -0.3125
vn -0.9963 0.0639 0.0567
vn -0.9736 0.0550 0.2216
vn -0.8074 -0.0729 -0.5854
vn -0.8036 -0.0433 -0.5936
vn -0.9741 0.0363 0.2232
vn -0.8065 -0.0458 -0.5894
vn -0.8065 -0.0479 -0.5893
vn -0.9742 0.0270 0.2242
vn 0.1201 0.1346 0.9836
vn 0.9550 -0.0033 -0.2966
vn 0.8062 0.0843 0.5857
vn 0.8064 0.0795 0.5860
vn 0.9551 -0.0082 -0.2962
vn -0.8205 -0.2734 0.5020
vn 0.2844 -0.8909 0.3540
vn 0.3430 -0.7905 0.5075
vn -0.8125 -0.2613 0.5210
vn -0.2257 -0.0784 -0.9710
vn 0.5910 -0.0567 -0.8047
vn 0.5911 -0.0614 -0.8043
vn -0.2256 -0.0851 -0.9705
vn -0.5912 0.0932 0.8011
vn -0.5914 0.0951 0.8008
vn 0.5911 -0.0757 -0.8031
vn -0.2251 -0.0807 -0.9710
vn 0.9554 -0.0189 -0.2948
vn 0.8065 0.0555 0.5887
vn -0.8732 0.0189 0.4869
vn -0.3482 -0.0147 -0.9373
vn -0.3279 0.0079 -0.9447
vn -0.8643 0.0116 0.5029
vn 0.9797 -0.0090 -0.2005
vn 0.6546 0.0068 -0.7559
vn -0.1002 -0.0263 -0.9946
vn -0.7551 0.0282 -0.6550
vn 0.7557 0.0551 0.6526
vn 0.1010 0.0522 0.9935
vn -0.6530 0.0764 0.7535
vn -0.1270 -0.0469 -0.9908
vn 0.8029 0.0861 -0.5899
vn 0.3452 -0.0330 0.9380
vn 0.3467 -0.0234 0.9377
vn 0.8029 0.0141 -0.5959
vn 0.8024 0.0928 -0.5895
vn 0.3402 0.0046 0.9404
vn 0.3409 -0.0023 0.9401
vn 0.8015 0.1013 -0.5894
vn 0.6321 0.7453 -0.2122
vn -0.2918 0.8191 -0.4940
vn 0.3526 0.8904 -0.2878
vn -0.2917 0.8191 -0.4939
vn -0.6661 0.7106 0.2268
vn -0.4689 0.8328 -0.2944
vn -0.6660 0.7106 0.2271
vn 0.1759 0.6894 0.7027
vn -0.4652 0.7237 0.5097
vn 0.1757 0.6895 0.7026
vn 0.1782 0.4719 -0.8634
vn 0.1470 0.3543 -0.9235
vn -0.0096 0.9359 -0.3521
vn -0.0669 0.9723 0.2238
vn -0.1789 0.9724 0.1496
vn 0.6416 0.3782 -0.6673
vn 0.3607 0.3688 -0.8567
vn 0.2961 0.8774 0.3774
vn 0.2709 0.8872 0.3735
vn 0.2301 0.4626 -0.8562
vn 0.2942 0.4396 -0.8486
vn -0.7837 -0.5351 0.3154
vn -0.7937 -0.5215 0.3131
vn -0.3781 -0.4522 -0.8078
vn -0.3616 -0.4704 -0.8050
vn 0.8977 -0.4393 -0.0348
vn -0.8907 -0.4420 0.1061
vn -0.8962 -0.4384 0.0678
vn 0.5787 -0.7896 -0.2040
vn 0.5604 -0.7801 -0.2782
vn 0.3141 0.0014 -0.9494
vn 0.6588 0.0109 -0.7523
vn 0.2617 -0.9245 0.2770
vn 0.2680 -0.9100 0.3164
vn 0.0012 -0.6332 0.7740
vn -0.3207 0.9469 -0.0216
vn -0.7015 -0.6468 -0.2991
vn -0.7899 -0.5695 -0.2276
vn 0.2924 0.8470 -0.4440
vn 0.3366 0.8075 -0.4844
vn 0.7175 -0.3159 0.6208
vn 0.5047 0.8496 0.1530
vn 0.5119 0.8485 0.1342
vn 0.7259 -0.3127 0.6126
vn 0.2949 -0.9534 -0.0634
vn 0.1792 -0.9640 -0.1964
vn -0.1086 0.8698 0.4814
vn -0.2313 0.8551 0.4639
vn -0.0094 0.9359 -0.3520
vn -0.2536 0.3511 0.9013
vn -0.3098 0.9268 -0.2122
vn -0.2786 0.9375 -0.2087
vn -0.1817 0.3634 0.9137
vn 0.0078 -0.5627 -0.8266
vn -0.6174 0.7656 -0.1806
vn -0.7022 0.6845 -0.1958
vn -0.1970 -0.4653 -0.8630
vn -0.0451 -0.3529 0.9346
vn 0.3489 -0.0144 0.9371
vn 0.7285 0.6850 -0.0018
vn -0.2977 0.8843 -0.3597
vn -0.5267 0.5120 0.6786
vn -0.1088 -0.9322 -0.3451
vn 0.0959 -0.9539 -0.2843
vn -0.2058 -0.5606 0.8021
vn -0.2761 -0.5590 0.7818
vn 0.0748 -0.9909 0.1118
vn 0.0737 -0.9900 0.1202
vn -0.0639 -0.3184 0.9458
vn -0.0538 -0.3379 0.9396
vn -0.7489 -0.1211 0.6515
vn 0.4018 -0.6716 0.6225
vn 0.3643 -0.8180 0.4451
vn -0.8407 -0.1354 0.5243
vn 0.0856 -0.9932 0.0786
vn 0.4844 -0.8407 -0.2420
vn 0.9570 -0.0892 0.2760
vn 0.7341 -0.3102 0.6040
vn 0.3807 -0.7054 0.5979
vn 0.9312 -0.3401 -0.1311
vn 0.9298 -0.3444 -0.1300
vn 0.8958 -0.3872 -0.2180
vn -0.5595 0.7303 -0.3918
vn 0.8537 -0.4080 -0.3236
vn 0.7794 -0.4731 -0.4108
vn -0.4492 0.8540 -0.2626
vn 0.2621 0.4479 -0.8548
vn 0.2902 0.4444 -0.8475
vn -0.8735 0.0122 0.4866
vn -0.3456 0.0507 -0.9370
vn -0.3473 0.0037 -0.9377
vn -0.8731 0.0270 0.4867
vn 0.9901 0.0056 -0.1400
vn -0.2924 0.2470 0.9238
vn -0.5468 0.7860 -0.2886
vn -0.9860 0.0681 -0.1523
vn -0.9345 -0.1932 -0.2988
vn -0.4471 0.2440 0.8606
vn -0.3075 -0.0370 0.9508
vn 0.2966 0.9270 0.2295
vn -0.8623 0.4760 0.1731
vn 0.3130 0.8853 0.3439
vn -0.0476 -0.9765 0.2104
vn 0.5904 0.5932 0.5473
vn 0.5909 0.5622 0.5786
vn -0.5425 0.6449 -0.5383
vn -0.8927 -0.3581 -0.2736
vn -0.9007 -0.3592 -0.2442
vn -0.1917 0.9237 -0.3315
vn 0.9446 0.1223 0.3046
vn 0.9489 0.0761 0.3063
vn 0.8258 0.0881 0.5570
vn 0.8572 0.1515 0.4923
vn 0.6085 0.7049 -0.3645
vn 0.5639 0.7265 -0.3928
vn -0.4330 0.7654 0.4761
vn 0.0230 0.6050 0.7959
vn 0.2261 0.1632 0.9603
vn -0.5906 0.1503 0.7929
vn -0.5906 0.1479 0.7933
vn 0.2256 0.1784 0.9577
vn 0.8780 0.0118 -0.4786
vn 0.9899 0.0415 -0.1353
vn 0.8009 0.1201 -0.5867
vn 0.3442 -0.0593 0.9370
vn 0.5498 -0.3123 0.7747
vn 0.4561 -0.3340 0.8249
vn -0.1288 -0.8582 -0.4970
vn -0.0895 -0.8517 -0.5164
vn -0.3425 0.0203 -0.9393
vn -0.3419 0.0152 -0.9396
vn -0.4177 -0.5767 -0.7020
vn 0.0698 0.9162 -0.3945
vn 0.0279 0.9241 -0.3812
vn -0.3415 -0.5936 -0.7287
vn 0.0352 -0.0631 -0.9974
vn 0.7117 0.7001 -0.0582
vn 0.2897 0.9439 -0.1587
vn -0.0259 0.1131 -0.9932
vn -0.7823 0.6217 0.0391
vn -0.7937 0.6005 -0.0970
vn -0.8424 -0.4732 -0.2579
vn -0.8859 -0.4489 0.1166
vn 0.1409 0.4990 0.8550
vn 0.2448 -0.9177 0.3127
vn 0.4019 -0.8754 0.2686
vn 0.1072 0.4907 0.8647
vn -0.7952 -0.0038 -0.6064
vn -0.4240 -0.0310 -0.9051
vn -0.4009 -0.0068 -0.9161
vn -0.8086 0.0222 -0.5880
vn 0.1628 0.1088 0.9806
vn -0.3140 0.1292 0.9406
vn -0.3103 0.2027 0.9288
vn 0.2065 0.1587 0.9655
vn 0.2058 -0.9735 -0.0996
vn 0.2587 -0.9655 0.0285
vn 0.9560 -0.2685 -0.1186
vn 0.8857 -0.3119 -0.3440
vn 0.6740 -0.2055 -0.7096
vn 0.7372 -0.4648 -0.4905
vn -0.2836 0.6516 -0.7035
vn -0.5170 0.3505 -0.7809
vn -0.9410 0.1971 -0.2750
vn -0.9118 0.3259 -0.2500
vn -0.9619 -0.1332 0.2389
vn -0.9878 -0.1246 0.0937
vn 0.2980 0.1589 0.9413
vn 0.2447 0.8485 0.4693
vn 0.2741 0.8212 0.5005
vn -0.0094 0.9360 -0.3520
vn -0.0096 0.9359 -0.3520
vn -0.9330 0.1798 -0.3118
vn -0.1759 -0.3511 0.9196
vn 0.1938 -0.3590 0.9130
vn -0.9479 0.1386 -0.2869
vn 0.6965 -0.1665 -0.6980
vn 0.8111 -0.2645 -0.5217
vn 0.0716 0.3328 -0.9403
vn -0.0288 0.2434 -0.9695
vn 0.7389 -0.4195 -0.5273
vn 0.3810 -0.5186 -0.7655
vn -0.3533 -0.7413 0.5706
vn -0.1660 -0.6199 0.7669
vn -0.8057 -0.0147 -0.5921
vn -0.2250 -0.0469 -0.9732
vn 0.5911 -0.0521 -0.8049
vn 0.4261 -0.5215 -0.7392
vn 0.5212 -0.5172 -0.6789
vn -0.3424 -0.7434 0.5746
vn -0.7760 -0.1801 0.6045
vn -0.9411 -0.3308 -0.0699
vn -0.9281 -0.3691 0.0486
vn 0.1370 -0.4633 0.8756
vn -0.2424 0.9456 0.2171
vn -0.2954 0.9292 0.2221
vn 0.0770 -0.4811 0.8733
vn 0.7702 -0.5250 -0.3622
vn 0.3712 0.1152 0.9214
vn -0.9162 0.2130 0.3395
vn -0.9037 0.2650 0.3362
vn 0.2393 0.8833 0.4031
vn 0.1927 0.8773 0.4395
vn 0.2029 0.9273 -0.3146
vn -0.8555 -0.4237 0.2977
vn -0.8999 -0.4011 0.1710
vn -0.0092 0.8557 -0.5173
vn 0.7496 -0.5119 -0.4195
vn 0.9309 -0.2209 -0.2909
vn 0.5974 -0.7231 0.3468
vn 0.5973 -0.7231 0.3469
vn 0.9545 -0.0239 -0.2973
vn 0.8070 0.1191 0.5784
vn 0.2256 0.0867 0.9704
vn -0.5912 0.0931 0.8011
vn 0.2253 0.1195 0.9669
vn 0.6395 0.0954 0.7628
vn 0.8297 0.3415 -0.4416
vn 0.8517 0.3196 -0.4153
vn 0.6364 0.0748 0.7677
vn -0.1023 -0.9080 0.4062
vn -0.1250 -0.9014 0.4145
vn -0.3899 -0.5829 -0.7129
vn 0.8020 -0.0068 -0.5972
vn 0.1571 0.7238 -0.6719
vn -0.2387 -0.6101 -0.7555
vn -0.0787 0.9321 -0.3536
vn -0.2622 0.9144 -0.3084
vn -0.1166 -0.6078 -0.7855
vn 0.9120 -0.2688 -0.3098
vn 0.0509 -0.9317 0.3596
vn 0.0623 0.0144 0.9980
vn 0.9641 0.2036 -0.1707
vn 0.8278 0.1469 -0.5415
vn 0.1165 0.0130 0.9931
vn 0.0925 0.4822 0.8712
vn 0.5692 -0.7965 0.2038
vn 0.5990 -0.7784 0.1877
vn 0.0593 0.4621 0.8848
vn 0.9153 -0.3752 -0.1465
vn 0.9154 -0.3730 -0.1513
vn 0.2768 0.4762 -0.8346
vn 0.2706 0.4752 -0.8373
vn -0.4399 0.8791 -0.1834
vn 0.5866 -0.2990 0.7526
vn 0.4207 -0.3204 0.8487
vn -0.5346 0.8350 0.1307
vn -0.7376 -0.5911 0.3264
vn 0.2094 0.4756 0.8544
vn -0.6318 0.4081 0.6590
vn 0.2349 0.9714 -0.0348
vn 0.3971 0.7205 0.5686
vn -0.7733 0.2755 0.5711
vn -0.4055 -0.8962 0.1800
vn -0.1813 -0.9628 0.2001
vn -0.0062 -0.2473 0.9689
vn -0.0224 -0.2403 0.9704
vn 0.0229 -0.9243 0.3810
vn 0.4408 0.7928 -0.4210
vn 0.3885 0.7187 -0.5767
vn -0.9423 0.1789 -0.2828
vn -0.9380 0.1931 -0.2878
vn -0.7879 -0.6133 -0.0546
vn -0.1917 0.9238 -0.3315
vn 0.9893 0.1350 -0.0554
vn 0.2257 0.1292 0.9656
vn -0.5908 0.1236 0.7973
vn -0.8060 -0.0378 -0.5907
vn -0.8773 -0.4317 0.2096
vn -0.6680 -0.7149 0.2065
vn 0.5797 -0.4540 0.6766
vn 0.1496 -0.1438 0.9782
vn 0.5974 -0.7965 -0.0935
vn 0.6019 -0.7986 -0.0021
vn 0.2567 0.9595 0.1162
vn 0.2651 0.9631 0.0469
vn 0.5930 -0.0363 0.8044
vn 0.6154 -0.1588 0.7720
vn 0.1306 -0.2969 -0.9459
vn 0.1299 -0.3168 -0.9395
vn 0.5657 0.0191 -0.8244
vn -0.6470 0.0838 -0.7579
vn -0.0854 0.4061 -0.9098
vn -0.7280 0.4529 -0.5147
vn 0.9661 -0.2422 0.0896
vn 0.4052 0.8953 0.1850
vn 0.4499 0.8781 -0.1628
vn -0.9535 0.0654 -0.2942
vn -0.9928 -0.1129 -0.0409
vn -0.8689 -0.4270 -0.2503
vn -0.7946 -0.4001 -0.4566
vn 0.6079 -0.7936 0.0260
vn 0.3308 0.4887 0.8073
vn -0.0551 -0.9196 0.3889
vn 0.2364 0.5027 0.8315
vn 0.9741 -0.2184 -0.0584
vn 0.7798 -0.0378 -0.6249
vn 0.7411 0.1846 -0.6456
vn 0.7846 0.1381 0.6045
vn 0.7088 0.6211 -0.3344
vn 0.7195 0.6068 -0.3378
vn 0.5868 -0.7964 -0.1462
vn 0.5711 -0.7866 -0.2348
vn 0.2717 0.9592 0.0785
vn 0.2580 0.9661 0.0042
vn -0.7276 -0.5170 -0.4509
vn -0.3880 -0.7557 -0.5276
vn -0.5586 0.6103 0.5617
vn 0.5564 -0.5114 -0.6550
vn 0.2559 -0.9212 0.2930
vn 0.8827 -0.3968 -0.2519
vn 0.8645 -0.4151 -0.2835
vn 0.2225 -0.5682 -0.7922
vn 0.4104 -0.3739 -0.8317
vn 0.9023 0.3754 0.2118
vn -0.6896 -0.7182 0.0928
vn 0.2239 -0.5781 -0.7846
vn 0.4427 0.5533 -0.7056
vn -0.5578 0.8291 -0.0380
vn -0.6504 0.7413 -0.1656
vn 0.3898 0.4695 -0.7923
vn 0.0915 -0.8133 0.5745
vn 0.4082 -0.8377 0.3627
vn -0.4352 -0.2960 -0.8503
vn -0.5309 0.7023 -0.4742
vn -0.4049 0.9137 -0.0353
vn 0.4831 0.8470 0.2219
vn 0.7368 0.5211 -0.4308
vn 0.9936 0.0562 -0.0982
vn -0.0743 0.9852 0.1546
vn -0.0122 0.9811 0.1933
vn -0.8641 0.1025 0.4927
vn -0.8774 0.1059 0.4680
vn 0.6250 -0.7785 0.0578
vn 0.6140 -0.7890 0.0204
vn 0.9486 0.0837 0.3053
vn 0.9484 0.0836 0.3060
vn 0.9909 0.0619 -0.1198
vn -0.9946 0.0291 0.0995
vn -0.9736 0.0552 0.2216
vn 0.5912 0.2317 0.7725
vn 0.6421 0.6516 -0.4038
vn 0.7617 0.4699 -0.4462
vn 0.6361 0.1233 0.7617
vn 0.5440 -0.5518 0.6321
vn 0.4684 -0.8483 0.2469
vn 0.7569 0.4599 -0.4644
vn -0.8924 -0.4420 0.0909
vn -0.8876 -0.4452 0.1186
vn -0.3130 0.1384 0.9396
vn 0.4466 0.5388 0.7143
vn -0.7646 0.2056 0.6108
vn -0.8729 -0.0913 0.4793
vn -0.3454 0.0591 -0.9366
vn -0.8743 -0.0679 0.4807
vn -0.8949 -0.4202 -0.1503
vn -0.7646 -0.6102 -0.2076
vn -0.0095 0.9360 -0.3520
vn -0.9403 -0.2890 -0.1795
vn -0.2970 0.0851 -0.9511
vn -0.2051 0.0771 -0.9757
vn -0.8144 0.5489 -0.1886
vn -0.8135 0.5516 -0.1842
vn -0.7459 -0.1156 0.6560
vn 0.0943 0.9854 -0.1421
vn -0.4245 0.7394 0.5225
vn 0.8822 -0.3367 -0.3293
vn 0.1733 0.4112 -0.8949
vn -0.3144 -0.2835 -0.9060
vn -0.1328 -0.7004 -0.7013
vn 0.5528 -0.0597 -0.8311
vn 0.3639 0.7249 0.5849
vn 0.3361 0.8249 0.4544
vn 0.2180 0.8835 0.4145
vn -0.3280 0.9149 0.2352
vn -0.3142 0.9359 -0.1591
vn -0.3141 0.9359 -0.1591
vn -0.4515 -0.7921 0.4107
vn -0.6533 -0.6649 0.3621
vn -0.2780 -0.5720 -0.7717
vn -0.2466 -0.6121 -0.7513
vn 0.2557 -0.9375 -0.2362
vn -0.0915 -0.5353 0.8397
vn -0.8679 0.4451 -0.2205
vn -0.2256 -0.1202 -0.9668
vn 0.5905 -0.1077 -0.7998
vn 0.5905 -0.1021 -0.8005
vn -0.2258 -0.1377 -0.9644
vn -0.0769 -0.8461 -0.5275
vn -0.3779 0.8992 -0.2208
vn 0.1270 0.1531 0.9800
vn 0.4004 0.1272 0.9075
vn 0.1420 0.1405 0.9798
vn -0.8917 -0.4418 0.0982
vn 0.5589 -0.7778 -0.2875
vn 0.3890 0.7183 -0.5767
vn -0.7216 0.6911 0.0415
vn -0.7587 0.6502 -0.0396
vn 0.3979 0.7231 -0.5646
vn -0.6799 0.0956 0.7271
vn 0.8080 0.1153 0.5778
vn 0.3803 0.4029 -0.8325
vn -0.3428 -0.8564 -0.3860
vn -0.3930 -0.8303 -0.3951
vn 0.4503 0.3645 -0.8151
vn -0.0649 -0.5973 -0.7994
vn 0.5012 -0.0175 0.8651
vn 0.6925 0.5971 -0.4050
vn 0.3476 0.0188 0.9375
vn 0.2254 0.1117 0.9678
vn -0.2098 -0.8601 -0.4651
vn -0.1018 0.9331 -0.3448
vn -0.2680 0.9224 -0.2782
vn 0.0470 -0.4307 0.9013
vn 0.3281 0.9445 -0.0186
vn 0.6684 0.6884 -0.2816
vn 0.2651 0.9633 0.0429
vn -0.8550 -0.4115 0.3156
vn -0.6675 -0.6381 -0.3837
vn -0.4549 -0.5973 -0.6606
vn -0.0056 0.9993 -0.0382
vn 0.1986 -0.3303 0.9227
vn 0.1387 -0.3091 0.9408
vn -0.5362 -0.7596 -0.3680
vn -0.3523 -0.8358 -0.4212
vn 0.1718 -0.9150 0.3650
vn -0.0536 -0.9762 0.2099
vn 0.7483 -0.2728 0.6046
vn 0.1393 0.9145 -0.3799
vn -0.5717 0.2649 0.7765
vn -0.5696 0.2468 0.7840
vn 0.0963 0.8798 -0.4654
vn 0.1049 0.4896 0.8656
vn 0.5052 -0.8313 0.2316
vn 0.1514 0.5374 0.8296
vn -0.9737 0.0551 0.2213
vn 0.8070 0.0860 0.5843
vn 0.9550 -0.0169 -0.2960
vn -0.8462 0.1040 0.5226
vn 0.2985 0.3859 0.8729
vn -0.7591 -0.6110 -0.2245
vn 0.1229 -0.4689 -0.8747
vn 0.1934 -0.5585 -0.8066
vn -0.7090 -0.7005 0.0812
vn 0.4921 -0.5944 0.6360
vn -0.0549 0.9532 0.2974
vn -0.2126 0.9449 0.2489
vn 0.1535 0.4288 -0.8902
vn 0.5616 0.7727 -0.2959
vn 0.5523 -0.2650 -0.7904
vn 0.3231 -0.2225 -0.9198
vn -0.0053 0.9758 -0.2184
vn -0.8782 -0.3986 -0.2642
vn -0.8732 -0.3958 -0.2844
vn -0.7575 0.2042 0.6201
vn -0.0935 0.8660 0.4912
vn -0.0625 0.9630 0.2622
vn -0.0495 -0.3208 0.9458
vn 0.8450 0.3262 -0.4237
vn 0.7570 0.3233 -0.5678
vn -0.8173 0.5439 -0.1903
vn -0.8029 0.5753 -0.1561
vn -0.9733 0.0685 0.2190
vn -0.8335 0.5509 0.0432
vn 0.9262 -0.3437 -0.1552
vn -0.1423 -0.0105 -0.9898
vn -0.1624 -0.0041 -0.9867
vn -0.3708 0.0157 -0.9286
vn 0.4696 -0.5535 -0.6879
vn 0.3962 -0.5800 -0.7118
vn -0.0798 -0.6484 0.7571
vn 0.2224 0.9489 0.2241
vn 0.2378 -0.3303 0.9134
vn 0.0510 -0.3287 0.9430
vn 0.3941 -0.6789 0.6195
vn 0.5389 -0.5724 -0.6180
vn -0.2164 -0.6596 0.7198
vn -0.6403 0.4437 -0.6270
vn 0.0353 -0.2387 -0.9705
vn 0.2051 -0.3350 -0.9196
vn 0.1282 -0.3043 -0.9439
vn 0.7626 0.3204 -0.5619
vn 0.7581 0.3280 -0.5636
vn -0.7757 0.4320 0.4601
vn 0.4456 0.8689 -0.2156
vn 0.2394 -0.3199 0.9167
vn 0.9273 0.3333 -0.1703
vn 0.9404 0.1738 -0.2924
vn 0.3871 -0.2505 0.8874
vn 0.7844 -0.4641 -0.4115
vn 0.6411 -0.4528 -0.6196
vn 0.4452 0.8606 -0.2472
vn -0.2233 -0.1250 0.9667
vn -0.9913 0.0071 -0.1312
vn 0.1817 0.9711 -0.1550
vn -0.1925 0.0786 -0.9781
vn -0.7248 -0.3619 -0.5862
vn -0.1513 -0.0152 -0.9884
vn 0.9548 -0.0348 -0.2951
vn -0.8257 0.0279 -0.5634
vn -0.2971 -0.6027 -0.7406
vn 0.0837 0.9125 -0.4005
vn -0.0453 -0.5905 -0.8058
vn -0.5186 0.8246 -0.2262
vn -0.5820 0.7886 -0.1984
vn -0.0217 -0.5781 -0.8157
vn 0.5886 0.7129 -0.3813
vn -0.0466 0.3656 -0.9296
vn 0.3092 -0.9263 -0.2154
vn 0.3473 -0.9131 -0.2138
vn -0.0033 0.3807 -0.9247
vn -0.1921 -0.9471 -0.2569
vn -0.4701 -0.4757 0.7435
vn -0.3054 -0.4697 0.8283
vn 0.5794 0.7618 0.2898
vn 0.4151 0.8162 0.4018
vn 0.5251 0.3450 -0.7780
vn -0.0094 0.9360 -0.3519
vn 0.4244 -0.8570 -0.2923
vn -0.8097 -0.5250 -0.2621
vn 0.9277 -0.3341 -0.1666
vn 0.4832 0.8568 -0.1800
vn -0.8727 -0.1006 0.4778
vn -0.8744 -0.0741 0.4795
vn 0.4232 0.1422 0.8948
vn 0.7951 0.1139 0.5957
vn 0.7587 0.2885 -0.5841
vn 0.6514 0.0593 0.7564
vn -0.7785 -0.5850 -0.2275
vn 0.1714 0.9419 -0.2890
vn 0.4155 -0.5366 0.7345
vn 0.2864 -0.4288 0.8568
vn 0.6147 -0.6584 -0.4344
vn -0.8790 0.2708 0.3925
vn -0.5920 -0.6631 0.4582
vn 0.8047 -0.0069 0.5936
vn 0.5475 0.7782 0.3077
vn -0.8144 -0.2320 0.5320
vn -0.9466 -0.2559 0.1961
vn -0.2536 -0.3515 -0.9012
vn -0.4220 -0.8897 0.1744
vn -0.3729 -0.8176 0.4387
vn -0.2938 -0.3594 -0.8857
vn 0.2298 -0.7058 -0.6701
vn -0.8299 -0.5337 -0.1623
vn 0.2568 -0.4883 -0.8341
vn -0.7162 0.6536 0.2446
vn -0.7146 0.6607 0.2298
vn 0.4901 0.8617 -0.1316
vn 0.9596 0.0170 0.2807
vn 0.9254 0.1794 -0.3339
vn -0.8992 -0.4343 -0.0537
vn -0.9628 0.1119 -0.2459
vn 0.2179 0.4667 -0.8571
vn -0.2454 -0.8953 -0.3718
vn 0.4442 0.5296 0.7226
vn 0.2077 -0.9535 -0.2183
vn -0.2246 -0.4826 0.8465
vn 0.0262 -0.4824 0.8755
vn -0.2606 -0.9616 -0.0862
vn 0.0113 -0.8966 0.4427
vn 0.5973 -0.7231 0.3468
vn -0.8657 0.2539 0.4314
vn -0.9627 -0.2693 -0.0242
vn -0.7308 0.2219 0.6455
vn -0.3974 0.2318 0.8879
vn 0.0745 0.8664 0.4937
vn -0.6611 0.7264 0.1878
vn -0.0095 0.9360 -0.3519
vn -0.9126 -0.1378 0.3849
vn 0.6013 -0.7972 -0.0535
vn 0.2533 0.4545 -0.8540
vn -0.2130 -0.9053 -0.3676
vn 0.2769 0.9557 0.0999
vn -0.3451 0.0776 -0.9354
vn -0.1190 0.9681 0.2203
vn 0.0812 0.3762 -0.9230
vn -0.8813 -0.3996 0.2522
vn 0.1897 -0.9734 -0.1282
vn 0.2310 -0.9695 0.0819
vn -0.8981 -0.3949 0.1935
vn 0.1360 0.9266 0.3507
vn -0.9435 0.1091 -0.3130
vn -0.9893 0.1455 0.0105
vn -0.3726 -0.0670 -0.9256
vn 0.8607 -0.1768 -0.4773
vn 0.5614 -0.2142 -0.7994
vn 0.3594 0.6585 -0.6612
vn 0.3077 0.5403 -0.7832
vn 0.2717 0.9593 0.0765
vn 0.0086 0.1304 -0.9914
vn -0.9452 -0.2972 -0.1352
vn -0.9437 -0.3168 0.0947
vn 0.0238 0.1209 -0.9924
vn -0.0101 0.3308 0.9436
vn -0.0807 0.1797 0.9804
vn 0.2670 0.8484 -0.4570
vn 0.0983 0.9081 -0.4070
vn -0.7941 -0.2516 0.5533
vn -0.4182 0.8694 -0.2631
vn 0.7115 -0.6721 -0.2051
vn -0.4096 -0.5070 0.7584
vn 0.3574 0.8487 0.3899
vn -0.9875 0.0842 0.1329
vn -0.9875 0.0843 0.1329
vn 0.3030 -0.8023 0.5143
vn 0.8350 -0.5113 -0.2034
vn 0.8390 -0.2948 -0.4574
vn 0.4867 -0.8080 0.3321
vn 0.0554 0.0269 0.9981
vn 0.9568 0.2132 -0.1977
vn -0.0519 -0.3720 0.9268
vn -0.4705 -0.4722 0.7454
vn -0.0255 -0.2758 0.9609
vn 0.3356 0.8970 -0.2878
vn 0.0152 0.8554 0.5177
vn 0.2940 0.2403 0.9251
vn 0.6974 0.3988 -0.5954
vn -0.9528 0.1476 -0.2654
vn -0.1504 -0.7571 0.6357
vn -0.1814 -0.4984 0.8477
vn 0.1762 -0.3345 0.9258
vn -0.2476 -0.5695 0.7838
vn -0.7513 0.6590 0.0358
vn 0.7535 -0.3873 0.5313
vn 0.5722 -0.7406 0.3523
vn 0.0642 -0.3859 0.9203
vn 0.1899 -0.6783 0.7098
vn 0.1662 -0.6678 0.7256
vn -0.1827 0.3798 0.9068
vn -0.7219 0.1504 0.6754
vn -0.9425 -0.3089 -0.1274
vn 0.3250 -0.3450 0.8806
vn 0.2183 0.4695 0.8555
vn 0.7888 -0.5127 0.3390
vn 0.4695 0.3857 -0.7943
vn 0.0240 0.9123 -0.4089
vn 0.3478 -0.4616 0.8160
vn 0.7313 -0.6820 0.0093
vn 0.1587 -0.6516 0.7418
vn -0.1975 0.9803 0.0034
vn 0.2134 -0.9665 0.1428
vn 0.5926 0.3250 -0.7370
vn 0.1694 -0.9854 0.0148
vn 0.6542 0.3036 -0.6927
vn 0.4305 0.8100 0.3982
vn -0.3140 0.9360 -0.1591
vn -0.0372 -0.6171 -0.7860
vn -0.2258 -0.5888 -0.7761
vn -0.0684 -0.4675 -0.8814
vn -0.2345 -0.3468 -0.9081
vn -0.1211 -0.3187 0.9401
vn -0.2067 -0.1395 0.9684
vn -0.5628 -0.3837 0.7322
vn -0.7034 -0.1831 0.6868
vn -0.2539 -0.2808 0.9256
vn 0.5611 0.2975 -0.7724
vn -0.5657 -0.6143 -0.5501
vn 0.7523 0.2668 -0.6023
vn 0.1285 0.3212 -0.9382
vn -0.8552 0.1216 -0.5039
vn -0.8066 -0.0597 -0.5881
vn -0.2303 -0.5763 0.7842
vn 0.3471 0.4865 0.8018
vn -0.6315 -0.4197 0.6520
vn -0.3868 0.9169 -0.0980
vn -0.5966 -0.4833 0.6407
vn 0.8883 -0.3161 -0.3333
vn 0.7750 0.5045 0.3807
vn 0.6005 0.5272 0.6012
vn 0.7820 0.2650 -0.5642
vn 0.7918 0.2207 -0.5694
vn 0.9799 -0.1793 -0.0873
vn 0.8619 -0.2192 -0.4572
vn 0.8680 -0.2105 -0.4497
vn 0.6096 0.0058 0.7927
vn -0.2125 -0.8794 0.4260
vn 0.8312 -0.0743 0.5510
vn 0.9913 -0.1111 0.0709
vn -0.4839 -0.6717 -0.5609
vn -0.7244 -0.5344 0.4355
vn -0.1232 -0.4384 0.8903
vn -0.9875 0.0844 0.1331
vn 0.9604 0.0476 0.2746
vn 0.8213 0.3518 -0.4491
vn -0.4825 -0.1086 0.8691
vn -0.5473 0.2416 0.8013
vn -0.9875 0.0843 0.1330
vn 0.0283 0.5110 -0.8591
vn -0.3571 0.8860 0.2957
vn 0.2570 -0.5002 -0.8269
vn 0.8073 0.1025 0.5812
vn 0.2440 0.8556 0.4566
vn 0.0085 0.7810 0.6245
vn 0.7581 0.3611 -0.5430
vn 0.8928 0.3975 -0.2118
vn -0.1906 0.9241 -0.3312
vn -0.0096 0.9360 -0.3519
vn 0.2104 -0.9774 -0.0204
vn -0.8477 0.4812 -0.2233
vn -0.7806 0.5885 -0.2105
vn -0.1478 0.0182 0.9889
vn -0.6986 -0.3365 -0.6315
vn -0.7905 -0.3033 -0.5321
vn 0.5361 -0.3913 -0.7480
vn -0.1635 0.1829 -0.9694
vn 0.1084 -0.8015 0.5881
vn 0.3537 -0.9078 -0.2253
vn -0.7090 -0.3458 -0.6146
vn -0.1877 -0.9088 -0.3727
vn -0.2888 -0.6333 0.7180
vn 0.5305 -0.1691 -0.8306
vn 0.4544 0.1184 -0.8829
vn -0.0458 0.1239 -0.9912
vn 0.3044 -0.9507 -0.0593
vn 0.2671 0.8884 0.3733
vn 0.2390 0.8976 0.3703
vn 0.3923 0.8703 0.2977
vn 0.3942 0.4759 0.7862
vn -0.1917 0.9238 -0.3314
vn -0.8497 -0.3793 -0.3664
vn 0.2356 -0.2263 0.9451
vn -0.1743 -0.5913 0.7874
vn -0.6395 0.7553 -0.1438
vn 0.3689 0.4844 -0.7933
vn 0.8648 0.0338 -0.5010
vn 0.4079 0.0411 -0.9121
vn -0.1231 0.1488 -0.9812
vn -0.2069 0.0554 -0.9768
vn -0.1303 0.1787 -0.9752
vn -0.7624 -0.3158 -0.5648
vn -0.2419 0.9698 -0.0297
vn 0.9394 -0.3393 0.0482
vn 0.3445 -0.8976 -0.2749
vn -0.2895 0.7312 0.6177
vn 0.1339 0.9006 0.4136
vn -0.2139 -0.1624 -0.9633
vn 0.5342 -0.7781 0.3304
vn -0.7902 0.1795 0.5860
vn 0.2453 0.9667 0.0727
vn 0.1883 0.9680 -0.1662
vn -0.3680 0.5706 -0.7341
vn 0.1042 0.8588 -0.5015
vn 0.0780 0.8561 -0.5109
vn -0.7915 -0.5726 0.2136
vn -0.4479 0.8770 0.1739
vn 0.3905 -0.8668 -0.3102
vn -0.3418 -0.9371 -0.0701
vn 0.8628 0.5053 -0.0190
vn 0.7102 0.2809 -0.6455
vn 0.7599 0.2585 -0.5965
vn -0.1694 -0.3709 0.9131
vn -0.8140 -0.4269 -0.3940
vn -0.5347 0.7811 0.3225
vn -0.2569 0.9274 -0.2720
vn -0.3365 0.3575 -0.8712
vn -0.8663 0.0086 0.4994
vn 0.6894 0.4622 0.5577
vn -0.7430 -0.5697 -0.3512
vn 0.3280 0.1675 0.9297
vn 0.1408 0.8042 0.5775
vn -0.5688 0.7902 0.2283
vn -0.8733 0.0252 0.4866
vn 0.4287 0.8963 0.1133
vn 0.4101 0.7047 -0.5789
vn -0.2039 0.0570 -0.9773
vn -0.2051 0.0672 -0.9764
vn -0.1918 0.9238 -0.3314
vn -0.4154 0.3245 -0.8498
vn -0.4968 0.8447 -0.1992
vn 0.3315 0.9431 -0.0264
vn 0.7064 0.5116 -0.4892
vn -0.7017 0.7122 -0.0192
vn 0.3007 0.5440 -0.7833
vn -0.6402 0.3130 0.7015
vn 0.5299 -0.8159 0.2314
vn 0.2220 -0.5219 -0.8236
vn 0.1882 0.8575 0.4788
vn -0.2065 -0.6135 0.7622
vn -0.3281 -0.8330 -0.4455
vn -0.2879 -0.8647 -0.4117
vn 0.0020 -0.6533 0.7571
vn 0.5507 -0.7377 0.3907
vn 0.7687 0.2453 -0.5907
vn 0.3056 0.9287 -0.2099
vn 0.3019 0.1594 0.9399
vn 0.0112 0.8607 -0.5089
vn -0.2854 0.9359 -0.2066
vn -0.2401 0.8531 -0.4632
vn -0.1978 0.4243 0.8837
vn 0.0450 -0.9349 0.3522
vn -0.9473 -0.2425 0.2093
vn -0.0080 -0.2472 0.9689
vn 0.4637 0.7948 0.3914
vn 0.5117 0.8446 0.1574
vn 0.0268 -0.2217 0.9747
vn -0.7952 -0.3927 -0.4621
vn -0.5349 -0.4964 -0.6837
vn 0.7310 -0.6770 -0.0857
vn 0.5635 0.5274 0.6359
vn -0.2987 0.8668 -0.3994
vn -0.8524 -0.4797 0.2084
vn -0.2060 0.9200 -0.3333
vn -0.0404 0.2181 -0.9751
vn -0.9240 -0.1918 -0.3309
vn -0.0203 -0.6646 0.7469
vn -0.3031 -0.8773 -0.3721
vn -0.3339 -0.7517 -0.5687
vn -0.0595 -0.7003 0.7114
vn -0.1099 0.9220 -0.3712
vn 0.6850 0.6892 -0.2361
vn -0.5419 0.6472 -0.5362
vn -0.3141 0.9359 -0.1592
vn -0.9502 -0.0586 -0.3061
vn 0.7399 0.6571 0.1439
vn 0.3414 0.9389 -0.0447
vn -0.5516 0.0022 -0.8341
vn -0.3909 0.8099 -0.4372
vn 0.2849 -0.8314 -0.4772
vn -0.1978 -0.4738 -0.8581
vn -0.5215 -0.1819 -0.8336
vn 0.8026 0.3146 0.5068
vn 0.9999 0.0062 0.0140
vn 0.8501 -0.0228 -0.5261
vn -0.7909 -0.3161 -0.5240
vn -0.7920 -0.3488 -0.5011
vn 0.9223 0.2099 0.3245
vn 0.9938 -0.0388 -0.1046
vn 0.7853 0.2218 -0.5780
vn 0.5084 0.7885 -0.3461
vn -0.2001 0.2994 -0.9329
vn -0.4015 0.4115 0.8182
vn 0.4264 0.5623 0.7086
vn 0.2151 0.9761 0.0302
vn -0.9364 0.2555 -0.2405
vn -0.9001 0.3678 -0.2336
vn -0.8432 0.2980 -0.4474
vn 0.9470 -0.3133 -0.0709
vn -0.6512 -0.0744 -0.7553
vn -0.7869 0.1375 -0.6016
vn -0.4664 0.1785 0.8664
vn -0.9687 0.0965 -0.2288
vn -0.7496 -0.6159 0.2422
vn -0.7101 -0.3430 -0.6149
vn -0.2066 -0.1639 -0.9646
vn -0.7101 -0.3431 -0.6148
vn -0.0679 -0.4113 -0.9090
vn -0.7744 -0.1820 -0.6060
vn -0.4171 0.6255 -0.6594
vn -0.0854 0.4060 -0.9098
vn 0.4829 -0.2286 0.8453
vn 0.9615 -0.2016 -0.1866
vn 0.6831 -0.4003 -0.6108
vn -0.3042 0.2541 -0.9181
vn -0.7498 -0.5970 -0.2853
vn -0.3040 -0.4437 0.8430
vn 0.1039 -0.6018 -0.7919
vn 0.2341 -0.0262 -0.9719
vn -0.4233 0.5024 -0.7539
vn -0.1068 0.9061 -0.4093
vn 0.4913 0.7534 -0.4370
vn 0.5446 0.2553 -0.7989
vn 0.0866 0.6043 0.7920
vn 0.3780 0.8483 0.3709
vn -0.0660 0.9667 -0.2474
vn -0.7589 0.6512 0.0046
vn -0.3459 0.4488 0.8240
vn 0.2395 0.6285 0.7400
vn 0.2689 0.9406 0.2074
vn -0.2982 0.9538 -0.0378
vn 0.0076 0.8692 -0.4945
vn 0.7249 0.3829 -0.5727
vn 0.5862 0.7985 -0.1369
vn 0.7243 0.5523 0.4128
vn 0.9484 -0.0156 0.3167
vn 0.8519 -0.4639 -0.2431
vn 0.1802 -0.7731 0.6082
vn -0.1558 0.7548 0.6372
vn 0.2441 0.8355 0.4923
vn 0.4740 0.8754 -0.0950
vn -0.2127 0.9168 -0.3379
vn -0.5034 0.7204 0.4771
vn 0.0257 0.6234 0.7815
vn 0.4927 0.7705 0.4044
vn 0.2523 0.9585 -0.1330
vn 0.7828 0.6222 0.0003
vn 0.0836 -0.9078 0.4109
vn 0.1211 -0.4614 0.8789
vn 0.3281 -0.8351 -0.4416
vn 0.3552 -0.8633 -0.3585
vn -0.5748 0.2270 -0.7862
vn -0.6064 0.6219 -0.4955
vn -0.2770 -0.0885 -0.9568
vn -0.7195 0.2225 -0.6578
vn -0.4762 0.7529 -0.4544
vn 0.1169 0.7696 -0.6277
vn 0.6232 -0.7566 0.1978
vn 0.5359 -0.7360 -0.4137
vn 0.7590 -0.1980 -0.6203
vn 0.9841 0.1138 -0.1364
vn -0.9238 0.2678 0.2737
vn -0.6722 0.7395 -0.0368
vn -0.5637 0.5511 -0.6153
vn -0.7483 -0.0369 -0.6624
vn -0.6095 -0.5332 -0.5866
vn 0.6947 0.1040 0.7117
vn 0.8153 0.4005 0.4182
vn 0.3397 0.8810 0.3291
vn -0.1713 0.6113 0.7726
vn 0.3232 -0.0860 0.9424
vn 0.8146 0.0087 0.5799
vn 0.7573 0.5678 0.3227
vn 0.2304 0.8185 0.5263
vn 0.6245 -0.0028 0.7810
vn -0.2454 0.1379 0.9596
vn -0.9803 0.0810 -0.1800
vn 0.1924 0.4114 -0.8909
vn -0.1916 0.9238 -0.3316
vn 0.4475 -0.2743 -0.8512
vn 0.8835 -0.0710 -0.4631
vn 0.8937 -0.4478 0.0267
vn 0.4641 -0.8838 -0.0587
vn -0.1445 -0.7703 0.6211
vn -0.9875 0.0844 0.1330
vn 0.7925 -0.1476 0.5918
vn -0.1921 -0.8041 0.5627
vn -0.2266 -0.9437 -0.2411
vn 0.5675 -0.7643 -0.3062
vn -0.3142 0.9359 -0.1592
vn -0.8668 -0.2320 -0.4414
vn -0.4789 -0.6830 -0.5516
vn -0.8511 -0.5063 -0.1391
vn -0.8734 0.0042 -0.4870
vn -0.4209 -0.0308 -0.9066
vn -0.1190 -0.5628 -0.8180
vn -0.5754 -0.5468 -0.6082
vn 0.4039 -0.4115 -0.8170
vn 0.2417 -0.9652 0.1000
vn -0.2723 -0.6894 0.6713
vn -0.8334 -0.5442 0.0964
vn 0.3761 -0.6418 -0.6683
vn -0.4021 -0.7867 -0.4684
vn -0.6176 -0.0651 -0.7838
vn 0.7251 -0.2118 -0.6553
vn -0.1919 0.9237 -0.3315
vn -0.9122 -0.2948 0.2844
vn -0.9155 -0.1598 -0.3691
vn -0.7249 -0.5013 -0.4724
vn -0.6253 -0.6695 0.4009
vn -0.9632 0.0607 0.2617
vn -0.8411 -0.0354 -0.5398
vn -0.2132 -0.7867 -0.5794
vn 0.3021 -0.9527 0.0320
vn -0.2812 -0.7697 0.5732
vn -0.4891 0.4220 -0.7634
vn 0.2654 0.1710 -0.9489
vn 0.0457 -0.6008 -0.7981
vt 0.000240 0.000240
vt 0.015860 0.000240
vt 0.000240 0.172010
vt 0.031480 0.000240
vt 0.062710 0.000240
vt 0.062710 0.172010
vt 0.047100 0.000240
vt 0.078330 0.000240
vt 0.109570 0.000240
vt 0.125180 0.172010
vt 0.093950 0.000240
vt 0.125180 0.000240
vt 0.999760 4.003240
vt 0.999760 4.295920
vt 0.799850 4.295920
vt 0.799850 4.003240
vt 0.140800 0.000240
vt 0.156420 0.000240
vt 0.187650 0.000240
vt 0.187650 0.172010
vt 0.172040 0.000240
vt 0.599950 3.016740
vt 0.599950 3.259920
vt 0.400050 3.259920
vt 0.400050 3.010750
vt 0.203270 0.000240
vt 0.234500 0.000240
vt 0.250120 0.172010
vt 0.218890 0.000240
vt 0.250120 0.000240
vt 0.265740 0.000240
vt 0.281360 0.000240
vt 0.312590 0.000240
vt 0.312590 0.172010
vt 0.296970 0.000240
vt 0.328210 0.000240
vt 0.343830 0.000240
vt 0.375060 0.000240
vt 0.375060 0.172010
vt 0.359440 0.000240
vt 0.390680 0.000240
vt 0.421910 0.000240
vt 0.437530 0.172010
vt 0.406300 0.000240
vt 0.437530 0.000240
vt 0.666590 4.737760
vt 0.333410 4.737760
vt 0.333410 4.693150
vt 0.666590 4.693150
vt 0.453150 0.000240
vt 0.484380 0.000240
vt 0.500000 0.172010
vt 0.468770 0.000240
vt 0.500000 0.000240
vt 0.515620 0.000240
vt 0.531230 0.000240
vt 0.562470 0.000240
vt 0.562470 0.172010
vt 0.546850 0.000240
vt 0.578090 0.000240
vt 0.609320 0.000240
vt 0.624940 0.172010
vt 0.593700 0.000240
vt 0.624940 0.000240
vt 0.400050 4.703420
vt 0.200150 4.703420
vt 0.200150 4.658200
vt 0.400050 4.658200
vt 0.640560 0.000240
vt 0.656170 0.000240
vt 0.687410 0.000240
vt 0.687410 0.172010
vt 0.671790 0.000240
vt 0.250120 3.177440
vt 0.250120 3.322000
vt 0.000240 3.323260
vt 0.000240 3.163040
vt 0.703030 0.000240
vt 0.734260 0.000240
vt 0.749880 0.172010
vt 0.718640 0.000240
vt 0.749880 0.000240
vt 0.765500 0.000240
vt 0.781110 0.000240
vt 0.812350 0.000240
vt 0.812350 0.172010
vt 0.796730 0.000240
vt 0.599950 4.703420
vt 0.599950 4.741210
vt 0.400050 4.741210
vt 0.827960 0.000240
vt 0.843580 0.000240
vt 0.874820 0.000240
vt 0.874820 0.172010
vt 0.859200 0.000240
vt 0.890430 0.000240
vt 0.921670 0.000240
vt 0.937290 0.172010
vt 0.906050 0.000240
vt 0.937290 0.000240
vt 0.952900 0.000240
vt 0.984140 0.000240
vt 0.999760 0.172010
vt 0.968520 0.000240
vt 0.999760 0.000240
vt 0.187650 0.356100
vt 0.187650 0.552170
vt 0.125180 0.552170
vt 0.125180 0.356100
vt 0.999760 2.260960
vt 0.999760 2.505740
vt 0.799850 2.503850
vt 0.799850 2.255310
vt 0.599950 4.592420
vt 0.599950 4.658200
vt 0.400050 4.592420
vt 0.749880 4.520860
vt 0.749880 4.664900
vt 0.500000 4.664900
vt 0.500000 4.520860
vt 0.500000 3.969960
vt 0.250120 3.969960
vt 0.250120 3.378870
vt 0.500000 3.378870
vt 0.999760 4.856340
vt 0.999760 4.900800
vt 0.666590 4.900800
vt 0.666590 4.856340
vt 0.999760 3.372010
vt 0.999760 3.827810
vt 0.666590 3.827810
vt 0.666590 3.372010
vt 0.666590 3.037650
vt 0.333410 3.037650
vt 0.333410 2.514820
vt 0.666590 2.514820
vt 0.200150 4.434880
vt 0.200150 4.524930
vt 0.000240 4.524930
vt 0.000240 4.434880
vt 0.062710 0.552170
vt 0.062710 0.356100
vt 0.687410 0.805960
vt 0.687410 1.036970
vt 0.624940 1.036970
vt 0.624940 0.805960
vt 0.187650 1.036970
vt 0.187650 1.282780
vt 0.125180 1.282780
vt 0.125180 1.036970
vt 0.599950 3.326340
vt 0.599950 3.546150
vt 0.400050 3.546150
vt 0.400050 3.326340
vt 0.500000 1.282780
vt 0.437530 1.282780
vt 0.437530 1.036970
vt 0.500000 1.036970
vt 0.375060 1.599680
vt 0.312590 1.599680
vt 0.312590 1.282780
vt 0.375060 1.282780
vt 0.624940 1.599680
vt 0.562470 1.599680
vt 0.562470 1.282780
vt 0.624940 1.282780
vt 0.874820 1.599680
vt 0.812350 1.599680
vt 0.812350 1.282780
vt 0.874820 1.282780
vt 0.250120 2.540420
vt 0.250120 2.936200
vt 0.000240 2.936200
vt 0.000240 2.540420
vt 0.937290 1.282780
vt 0.937290 1.599680
vt 0.125180 1.599680
vt 0.062710 1.599680
vt 0.062710 1.282780
vt 0.500000 1.599680
vt 0.437530 1.599680
vt 0.250120 1.599680
vt 0.250120 1.282780
vt 0.999760 3.046440
vt 0.999760 3.338250
vt 0.799850 3.338250
vt 0.799850 3.056630
vt 0.125180 1.887170
vt 0.187650 1.599680
vt 0.250120 1.887170
vt 0.500000 1.887170
vt 0.624940 1.887170
vt 0.749880 1.599680
vt 0.749880 1.887170
vt 0.687410 1.599680
vt 0.874820 1.887170
vt 0.500000 3.285010
vt 0.250120 3.285010
vt 0.250120 3.034040
vt 0.500000 3.021780
vt 0.999760 1.599680
vt 0.999760 1.887170
vt 0.999760 5.835360
vt 0.749880 5.835360
vt 0.749880 5.300790
vt 0.999760 5.300790
vt 0.500000 0.805960
vt 0.437530 0.805960
vt 0.437530 0.552170
vt 0.500000 0.552170
vt 0.500000 2.192880
vt 0.375060 2.192880
vt 0.375060 1.887170
vt 0.500000 3.806280
vt 0.375060 3.806280
vt 0.375060 3.322180
vt 0.500000 3.322180
vt 0.749880 1.282780
vt 0.999760 3.806280
vt 0.874820 3.806280
vt 0.874820 3.322180
vt 0.999760 3.322180
vt 0.400050 2.744070
vt 0.200150 2.744070
vt 0.200150 2.379970
vt 0.400050 2.379970
vt 0.250120 3.806280
vt 0.125180 3.806280
vt 0.125180 3.322180
vt 0.250120 3.322180
vt 0.624940 3.322180
vt 0.624940 3.806280
vt 0.125180 2.944420
vt 0.250120 2.944420
vt 0.999760 4.243290
vt 0.874820 4.243290
vt 0.500000 5.835360
vt 0.250120 5.835360
vt 0.250120 5.300790
vt 0.500000 5.300790
vt 0.000240 4.707500
vt 0.125180 4.707500
vt 0.000240 5.300790
vt 0.250120 4.707500
vt 0.375060 4.707500
vt 0.874820 4.707500
vt 0.749880 4.707500
vt 0.624940 4.707500
vt 0.999760 4.707500
vt 0.250120 1.036970
vt 0.999760 7.776180
vt 0.749880 7.776180
vt 0.749880 7.126010
vt 0.999760 7.126010
vt 0.999760 9.342200
vt 0.749880 9.342200
vt 0.749880 8.465500
vt 0.999760 8.465500
vt 0.000240 11.120450
vt 0.250120 11.120450
vt 0.125180 11.029580
vt 0.500000 11.120450
vt 0.375060 11.029580
vt 0.749880 11.120450
vt 0.624940 11.029580
vt 0.999760 11.120450
vt 0.874820 11.029580
vt 0.999760 3.364640
vt 0.749880 3.364640
vt 0.749880 3.157960
vt 0.999760 3.150230
vt 0.749880 4.733500
vt 0.749880 4.798930
vt 0.500000 4.798930
vt 0.500000 4.733500
vt 0.749880 2.540420
vt 0.749880 2.936200
vt 0.500000 2.936200
vt 0.500000 2.540420
vt 0.250120 4.870960
vt 0.250120 4.937990
vt 0.000240 4.937990
vt 0.000240 4.870960
vt 0.200150 4.741210
vt 0.333410 4.318670
vt 0.333410 4.492690
vt 0.000240 4.492690
vt 0.000240 4.318670
vt 0.187650 0.805960
vt 0.125180 0.805960
vt 0.200150 3.546150
vt 0.200150 3.326340
vt 0.999760 4.179430
vt 0.666590 4.179430
vt 0.999760 4.298670
vt 0.999760 4.447230
vt 0.666590 4.447230
vt 0.666590 4.298670
vt 0.400050 2.888970
vt 0.200150 2.898310
vt 0.200150 2.676720
vt 0.400050 2.652950
vt 0.250120 4.798930
vt 0.250120 4.733500
vt 0.200150 2.588960
vt 0.200150 2.945630
vt 0.000240 2.945630
vt 0.000240 2.593430
vt 0.400050 3.338250
vt 0.200150 3.338250
vt 0.200150 3.049230
vt 0.400050 3.061850
vt 0.999760 1.964140
vt 0.749880 1.958050
vt 0.749880 1.853280
vt 0.999760 1.866230
vt 0.999760 4.957240
vt 0.999760 5.010620
vt 0.666590 5.010620
vt 0.666590 4.957240
vt 0.799850 4.741210
vt 0.250120 3.830940
vt 0.250120 4.073380
vt 0.000240 4.073380
vt 0.000240 3.830940
vt 0.599950 2.336460
vt 0.599950 2.576800
vt 0.400050 2.578770
vt 0.400050 2.331440
vt 0.400050 1.523120
vt 0.200150 1.531360
vt 0.200150 1.438600
vt 0.400050 1.417530
vt 0.599950 3.234300
vt 0.599950 4.188850
vt 0.400050 4.188850
vt 0.400050 3.234300
vt 0.200150 2.021640
vt 0.000240 2.379970
vt 0.000240 2.021640
vt 0.000240 2.744070
vt 0.666590 4.888350
vt 0.333410 4.888350
vt 0.333410 4.788030
vt 0.666590 4.788030
vt 0.500000 4.073380
vt 0.500000 3.830940
vt 0.500000 7.126010
vt 0.250120 7.126010
vt 0.250120 6.402710
vt 0.500000 6.402710
vt 0.000240 1.599680
vt 0.000240 1.282780
vt 0.400050 4.153400
vt 0.200150 4.153400
vt 0.999760 1.965950
vt 0.999760 2.097640
vt 0.666590 2.094860
vt 0.666590 1.962220
vt 0.799850 4.592420
vt 0.599950 4.524930
vt 0.799850 4.524930
vt 0.599950 2.880340
vt 0.999760 3.552340
vt 0.749880 3.552340
vt 0.749880 3.340490
vt 0.999760 3.323260
vt 0.999760 3.034490
vt 0.749880 3.020010
vt 0.749880 2.849920
vt 0.999760 2.881020
vt 0.937290 0.356100
vt 0.937290 0.552170
vt 0.874820 0.552170
vt 0.874820 0.356100
vt 0.749880 4.991720
vt 0.749880 5.037960
vt 0.500000 5.037960
vt 0.500000 4.991720
vt 0.749880 2.514620
vt 0.624940 2.514620
vt 0.624940 2.192880
vt 0.749880 2.192880
vt 0.062710 1.036970
vt 0.000240 1.036970
vt 0.999760 10.128210
vt 0.749880 10.128210
vt 0.333410 2.602380
vt 0.333410 3.112680
vt 0.000240 3.112680
vt 0.000240 2.602380
vt 0.250120 8.465500
vt 0.250120 9.342200
vt 0.000240 9.342200
vt 0.000240 8.465500
vt 0.999760 4.181680
vt 0.749880 4.181680
vt 0.749880 3.917990
vt 0.999760 3.917990
vt 0.400050 4.166000
vt 0.200150 4.166000
vt 0.200150 3.390650
vt 0.400050 3.390650
vt 0.599950 4.232990
vt 0.599950 4.341500
vt 0.400050 4.341500
vt 0.400050 4.232990
vt 0.500000 3.308450
vt 0.250120 3.308450
vt 0.250120 2.950880
vt 0.500000 2.950880
vt 0.375060 1.036970
vt 0.312590 1.036970
vt 0.312590 0.805960
vt 0.375060 0.805960
vt 0.749880 0.552170
vt 0.687410 0.552170
vt 0.687410 0.356100
vt 0.749880 0.356100
vt 0.200150 4.081200
vt 0.200150 4.232990
vt 0.000240 4.232990
vt 0.000240 4.081200
vt 0.999760 2.006440
vt 0.999760 2.132610
vt 0.666590 2.126360
vt 0.666590 1.998070
vt 0.599950 1.227290
vt 0.599950 1.323050
vt 0.400050 1.210040
vt 0.400050 1.091370
vt 0.812350 0.356100
vt 0.200150 2.722730
vt 0.200150 3.043430
vt 0.000240 3.043430
vt 0.000240 2.719080
vt 0.500000 3.032560
vt 0.250120 3.016640
vt 0.250120 2.853970
vt 0.500000 2.881430
vt 0.999760 1.311030
vt 0.999760 1.383280
vt 0.799850 1.358850
vt 0.799850 1.279810
vt 0.333410 2.469820
vt 0.333410 2.617340
vt 0.000240 2.622780
vt 0.000240 2.485000
vt 0.375060 4.243290
vt 0.250120 4.243290
vt 0.125180 4.243290
vt 0.333410 2.789840
vt 0.333410 3.372010
vt 0.000240 3.372010
vt 0.000240 2.789840
vt 0.400050 2.021640
vt 0.333410 1.959500
vt 0.333410 2.102200
vt 0.000240 2.132610
vt 0.000240 2.006440
vt 0.999760 4.552130
vt 0.749880 4.552130
vt 0.749880 4.431000
vt 0.999760 4.431000
vt 0.333410 4.957240
vt 0.812350 0.552170
vt 0.749880 2.994280
vt 0.749880 3.154230
vt 0.500000 3.168150
vt 0.500000 3.029000
vt 0.666590 2.374390
vt 0.333410 2.369730
vt 0.333410 2.229210
vt 0.666590 2.242940
vt 0.250120 2.871090
vt 0.250120 3.033500
vt 0.000240 3.003140
vt 0.000240 2.820070
vt 0.999760 2.192880
vt 0.874820 2.192880
vt 0.749880 4.243290
vt 0.624940 4.243290
vt 0.749880 3.806280
vt 0.799850 2.974210
vt 0.599950 2.983660
vt 0.599950 2.827430
vt 0.799850 2.800780
vt 0.250120 4.181680
vt 0.250120 4.365770
vt 0.000240 4.365770
vt 0.000240 4.181680
vt 0.000240 7.126010
vt 0.000240 6.402710
vt 0.999760 3.933820
vt 0.749880 3.933820
vt 0.999760 3.655860
vt 0.749880 3.655860
vt 0.749880 3.308450
vt 0.999760 3.308450
vt 0.250120 3.167960
vt 0.000240 3.155030
vt 0.250120 3.655860
vt 0.000240 3.655860
vt 0.000240 3.308450
vt 0.500000 3.002140
vt 0.250120 3.001030
vt 0.250120 2.818660
vt 0.500000 2.821700
vt 0.500000 2.069930
vt 0.250120 2.069930
vt 0.250120 1.955990
vt 0.500000 1.950690
vt 0.999760 1.535040
vt 0.999760 1.623700
vt 0.799850 1.623700
vt 0.799850 1.526970
vt 0.666590 2.464320
vt 0.333410 2.460570
vt 0.333410 2.323290
vt 0.666590 2.335070
vt 0.250120 4.991720
vt 0.500000 4.937990
vt 0.400050 3.829840
vt 0.200150 3.829840
vt 0.200150 3.039670
vt 0.400050 3.039670
vt 0.599950 3.027120
vt 0.599950 3.320600
vt 0.400050 3.320600
vt 0.400050 3.037790
vt 0.500000 2.836860
vt 0.799850 3.546150
vt 0.799850 3.326340
vt 0.500000 3.364640
vt 0.500000 3.161340
vt 0.749880 2.650350
vt 0.999760 2.708070
vt 0.000240 0.356100
vt 0.749880 2.944420
vt 0.624940 2.944420
vt 0.375060 2.944420
vt 0.749880 3.368410
vt 0.749880 3.956260
vt 0.500000 3.956260
vt 0.500000 3.368410
vt 0.999760 4.626500
vt 0.999760 4.727480
vt 0.666590 4.727480
vt 0.666590 4.626500
vt 0.000240 4.741210
vt 0.000240 4.703420
vt 0.999760 2.126900
vt 0.999760 2.372750
vt 0.799850 2.356800
vt 0.799850 2.098290
vt 0.999760 1.873870
vt 0.666590 1.862220
vt 0.749880 5.079190
vt 0.500000 5.079190
vt 0.999760 4.232990
vt 0.999760 4.341500
vt 0.799850 4.341500
vt 0.799850 4.232990
vt 0.599950 1.123420
vt 0.400050 0.961570
vt 0.333410 4.727480
vt 0.333410 4.802190
vt 0.000240 4.802190
vt 0.000240 4.727480
vt 0.500000 3.917990
vt 0.250120 3.917990
vt 0.500000 3.655860
vt 0.400050 4.295920
vt 0.200150 4.295920
vt 0.200150 4.003240
vt 0.400050 4.003240
vt 0.999760 4.937990
vt 0.749880 4.937990
vt 0.749880 4.870960
vt 0.999760 4.870960
vt 0.999760 3.466880
vt 0.999760 3.815740
vt 0.666590 3.815740
vt 0.666590 3.466880
vt 0.999760 2.223220
vt 0.999760 2.337970
vt 0.666590 2.220570
vt 0.333410 3.827810
vt 0.000240 3.827810
vt 0.200150 3.028390
vt 0.000240 3.326340
vt 0.000240 3.028390
vt 0.599950 2.517360
vt 0.599950 2.283090
vt 0.250120 2.858170
vt 0.000240 3.034490
vt 0.000240 2.881020
vt 0.799850 2.718530
vt 0.599950 2.723450
vt 0.400050 2.973800
vt 0.200150 2.973800
vt 0.200150 2.723370
vt 0.400050 2.749910
vt 0.250120 1.727940
vt 0.250120 1.839230
vt 0.000240 1.866230
vt 0.000240 1.776620
vt 0.749880 4.895690
vt 0.749880 4.936320
vt 0.500000 4.936320
vt 0.500000 4.895690
vt 0.000240 0.552170
vt 0.999760 2.622780
vt 0.999760 2.789840
vt 0.666590 2.789840
vt 0.666590 2.618590
vt 0.562470 0.805960
vt 0.562470 1.036970
vt 0.999760 2.377440
vt 0.999760 2.514820
vt 0.999760 1.036970
vt 0.937290 1.036970
vt 0.937290 0.805960
vt 0.999760 0.805960
vt 0.500000 4.707500
vt 0.500000 4.243290
vt 0.799850 3.929370
vt 0.599950 3.929370
vt 0.599950 3.220340
vt 0.799850 3.220340
vt 0.999760 0.552170
vt 0.999760 0.356100
vt 0.250120 4.895690
vt 0.250120 4.850770
vt 0.500000 4.850770
vt 0.333410 3.815740
vt 0.333410 3.466880
vt 0.687410 1.282780
vt 0.200150 2.752810
vt 0.400050 2.760550
vt 0.500000 8.465500
vt 0.250120 7.776180
vt 0.500000 7.776180
vt 0.200150 3.220340
vt 0.200150 3.929370
vt 0.000240 3.929370
vt 0.000240 3.220340
vt 0.333410 1.806580
vt 0.000240 1.873870
vt 0.312590 0.356100
vt 0.250120 0.356100
vt 0.599950 1.520180
vt 0.599950 1.623700
vt 0.400050 1.623700
vt 0.999760 4.741210
vt 0.999760 4.776120
vt 0.799850 4.776120
vt 0.999760 1.455610
vt 0.799850 1.438140
vt 0.200150 1.162070
vt 0.200150 1.259330
vt 0.000240 1.311030
vt 0.000240 1.238060
vt 0.200150 3.982140
vt 0.000240 3.982140
vt 0.999760 4.434880
vt 0.999760 4.524930
vt 0.799850 4.434880
vt 0.200150 3.320600
vt 0.200150 4.086600
vt 0.000240 4.086600
vt 0.000240 3.320600
vt 0.250120 4.664900
vt 0.250120 4.770070
vt 0.000240 4.770070
vt 0.000240 4.664900
vt 0.250120 4.253530
vt 0.000240 4.253530
vt 0.599950 1.417320
vt 0.250120 2.514620
vt 0.125180 2.514620
vt 0.125180 2.192880
vt 0.250120 2.192880
vt 0.999760 2.466420
vt 0.999760 2.602380
vt 0.666590 2.602380
vt 0.749880 1.036970
vt 0.812350 0.805960
vt 0.749880 0.805960
vt 0.333410 4.096140
vt 0.000240 4.096140
vt 0.799850 3.028390
vt 0.599950 3.028390
vt 0.599950 2.744070
vt 0.799850 2.744070
vt 0.624940 0.552170
vt 0.874820 0.805960
vt 0.500000 2.086790
vt 0.250120 2.086790
vt 0.250120 1.974350
vt 0.500000 1.969420
vt 0.000240 2.950880
vt 0.400050 4.086600
vt 0.000240 2.998330
vt 0.000240 2.811080
vt 0.749880 6.402710
vt 0.999760 6.402710
vt 0.749880 3.322180
vt 0.999760 3.112680
vt 0.999760 3.522780
vt 0.666590 3.522780
vt 0.666590 3.112680
vt 0.999760 2.353800
vt 0.999760 2.485000
vt 0.666590 2.475780
vt 0.666590 2.337980
vt 0.999760 4.492690
vt 0.666590 4.492690
vt 0.400050 4.081200
vt 0.000240 3.338250
vt 0.000240 3.046440
vt 0.999760 4.637150
vt 0.999760 4.693150
vt 0.666590 4.637150
vt 0.333410 3.848070
vt 0.333410 4.102550
vt 0.000240 4.102550
vt 0.000240 3.848070
vt 0.599950 2.372900
vt 0.599950 2.645760
vt 0.400050 2.373060
vt 0.500000 3.453890
vt 0.250120 3.453890
vt 0.250120 3.207800
vt 0.500000 3.220270
vt 0.500000 2.539870
vt 0.250120 2.539870
vt 0.500000 4.770070
vt 0.500000 2.944420
vt 0.874820 2.944420
vt 0.999760 2.944420
vt 0.562470 0.552170
vt 0.250120 4.936320
vt 0.799850 3.982140
vt 0.599950 3.982140
vt 0.599950 3.043430
vt 0.799850 3.043430
vt 0.333410 4.637150
vt 0.749880 4.073380
vt 0.749880 4.253530
vt 0.500000 4.253530
vt 0.200150 4.178890
vt 0.000240 4.178890
vt 0.000240 3.829840
vt 0.749880 3.453890
vt 0.749880 4.123490
vt 0.500000 4.123490
vt 0.599950 2.576020
vt 0.599950 2.757530
vt 0.400050 2.581570
vt 0.200150 2.352730
vt 0.200150 2.079940
vt 0.400050 2.043080
vt 0.400050 3.982140
vt 0.400050 3.043430
vt 0.599950 2.021640
vt 0.599950 2.379970
vt 0.500000 2.514620
vt 0.599950 4.434880
vt 0.000240 3.546150
vt 0.250120 0.805960
vt 0.250120 0.552170
vt 0.312590 0.552170
vt 0.999760 4.253530
vt 0.333410 4.179430
vt 0.333410 4.446460
vt 0.000240 4.446460
vt 0.000240 4.179430
vt 0.999760 4.802190
vt 0.666590 4.802190
vt 0.333410 2.198830
vt 0.333410 2.058580
vt 0.200150 1.623700
vt 0.000240 1.623700
vt 0.000240 1.535040
vt 0.333410 4.644870
vt 0.000240 4.644870
vt 0.599950 4.776120
vt 0.400050 4.776120
vt 0.999760 2.593430
vt 0.999760 2.945630
vt 0.799850 2.945630
vt 0.799850 2.584570
vt 0.400050 2.725350
vt 0.400050 2.520550
vt 0.999760 3.003140
vt 0.749880 2.798300
vt 0.999760 2.820070
vt 0.999760 4.081200
vt 0.799850 4.081200
vt 0.999760 1.614290
vt 0.749880 1.583340
vt 0.749880 1.478290
vt 0.999760 1.517390
vt 0.599950 2.973800
vt 0.599950 3.634880
vt 0.400050 3.634880
vt 0.599950 4.003240
vt 0.799850 3.259920
vt 0.200150 3.109940
vt 0.400050 3.126010
vt 0.333410 4.856340
vt 0.333410 4.900800
vt 0.000240 4.900800
vt 0.000240 4.856340
vt 0.000240 2.944420
vt 0.000240 2.514620
vt 0.375060 0.552170
vt 0.999760 4.520860
vt 0.749880 4.365770
vt 0.999760 4.365770
vt 0.999760 2.539870
vt 0.749880 2.539870
vt 0.749880 2.069930
vt 0.999760 2.069930
vt 0.999760 4.770070
vt 0.749880 4.770070
vt 0.999760 4.664900
vt 0.500000 4.552130
vt 0.250120 4.552130
vt 0.250120 4.431000
vt 0.500000 4.431000
vt 0.999760 2.936200
vt 0.999760 2.540420
vt 0.250120 1.859370
vt 0.000240 1.982740
vt 0.000240 1.885840
vt 0.749880 1.873470
vt 0.749880 1.977080
vt 0.500000 1.850600
vt 0.000240 3.390650
vt 0.000240 3.101670
vt 0.200150 4.592420
vt 0.400050 4.524930
vt 0.999760 3.546150
vt 0.999760 3.740330
vt 0.799850 3.740330
vt 0.500000 10.128210
vt 0.500000 9.342200
vt 0.812350 1.036970
vt 0.874820 1.036970
vt 0.599950 2.646280
vt 0.799850 2.591560
vt 0.999760 4.557430
vt 0.666590 4.557430
vt 0.333410 4.557430
vt 0.333410 4.447230
vt 0.999760 3.378870
vt 0.749880 3.378870
vt 0.999760 3.155030
vt 0.599950 3.829840
vt 0.599950 4.178890
vt 0.400050 4.178890
vt 0.000240 2.973800
vt 0.000240 2.710920
vt 0.000240 2.372750
vt 0.749880 2.794830
vt 0.749880 2.985040
vt 0.799850 2.845960
vt 0.599950 2.829840
vt 0.599950 2.594600
vt 0.799850 2.632450
vt 0.799850 3.039670
vt 0.599950 3.039670
vt 0.799850 2.747490
vt 0.599950 4.081200
vt 0.599950 3.933150
vt 0.799850 3.933150
vt 0.799850 4.259570
vt 0.599950 4.259570
vt 0.333410 4.626500
vt 0.000240 4.626500
vt 0.799850 3.006270
vt 0.999760 1.282780
vt 0.500000 3.279820
vt 0.250120 3.279820
vt 0.200150 2.564570
vt 0.250120 4.652060
vt 0.000240 4.733500
vt 0.000240 4.652060
vt 0.799850 3.634880
vt 0.799850 2.973800
vt 0.999760 3.969960
vt 0.749880 3.969960
vt 0.599950 2.367530
vt 0.400050 2.373980
vt 0.250120 4.123490
vt 0.200150 4.188850
vt 0.200150 4.613770
vt 0.000240 4.613770
vt 0.000240 4.188850
vt 0.400050 1.316100
vt 0.999760 3.037650
vt 0.000240 4.243290
vt 0.000240 3.806280
vt 0.500000 3.576470
vt 0.250120 3.576470
vt 0.999760 4.096140
vt 0.666590 4.096140
vt 0.250120 10.128210
vt 0.749880 4.652060
vt 0.500000 4.652060
vt 0.400050 3.933150
vt 0.200150 3.933150
vt 0.200150 3.740330
vt 0.400050 3.740330
vt 0.999760 4.073380
vt 0.749880 3.830940
vt 0.999760 3.830940
vt 0.437530 0.356100
vt 0.500000 0.356100
vt 0.200150 1.060560
vt 0.200150 3.259920
vt 0.749880 3.212860
vt 0.999760 2.021640
vt 0.999760 2.379970
vt 0.799850 2.379970
vt 0.799850 2.021640
vt 0.666590 4.318670
vt 0.400050 2.830140
vt 0.200150 2.802300
vt 0.200150 2.620650
vt 0.400050 2.668030
vt 0.500000 1.829810
vt 0.500000 1.717090
vt 0.999760 3.848070
vt 0.999760 4.102550
vt 0.666590 4.102550
vt 0.666590 3.848070
vt 0.999760 2.744070
vt 0.400050 3.028390
vt 0.000240 7.776180
vt 0.749880 2.950880
vt 0.999760 3.326340
vt 0.999760 2.248040
vt 0.999760 2.086790
vt 0.749880 2.086790
vt 0.999760 1.982740
vt 0.999760 4.123490
vt 0.999760 3.453890
vt 0.999760 4.733500
vt 0.999760 4.652060
vt 0.799850 2.555830
vt 0.599950 2.613270
vt 0.599950 2.456300
vt 0.799850 2.353660
vt 0.500000 3.149620
vt 0.250120 3.148900
vt 0.000240 4.957240
vt 0.000240 4.888350
vt 0.000240 2.337970
vt 0.000240 2.223220
vt 0.000240 4.798930
vt 0.400050 2.945630
vt 0.000240 3.466880
vt 0.000240 3.037650
vt 0.500000 3.933820
vt 0.250120 3.933820
vt 0.250120 3.364640
vt 0.000240 2.514820
vt 0.000240 2.377440
vt 0.000240 4.552130
vt 0.000240 4.431000
vt 0.333410 4.298670
vt 0.000240 4.447230
vt 0.000240 4.298670
vt 0.000240 3.576470
vt 0.599950 3.740330
vt 0.000240 1.964140
vt 0.250120 1.509730
vt 0.250120 1.635360
vt 0.000240 1.706770
vt 0.000240 1.614290
vt 0.599950 2.894770
vt 0.599950 3.066920
vt 0.400050 2.892490
vt 0.624940 0.356100
vt 0.200150 2.963140
vt 0.000240 2.961560
vt 0.333410 3.522780
vt 0.500000 4.870960
vt 0.000240 2.466420
vt 0.999760 4.326460
vt 0.749880 4.326460
vt 0.799850 4.486440
vt 0.599950 4.486440
vt 0.599950 4.153400
vt 0.799850 4.153400
vt 0.999760 3.929370
vt 0.999760 4.259570
vt 0.599950 3.338250
vt 0.999760 3.028390
vt 0.999760 4.446460
vt 0.666590 4.446460
vt 0.599950 2.945630
vt 0.500000 1.739590
vt 0.250120 1.749430
vt 0.500000 1.625770
vt 0.200150 3.047850
vt 0.000240 3.043860
vt 0.999760 5.037960
vt 0.999760 4.991720
vt 0.799850 3.320600
vt 0.799850 3.029740
vt 0.333410 1.906990
vt 0.000240 2.097640
vt 0.000240 1.965950
vt 0.500000 1.474470
vt 0.250120 1.485140
vt 0.250120 1.347650
vt 0.500000 1.338640
vt 0.500000 3.552340
vt 0.250120 3.552340
vt 0.500000 3.339240
vt 0.749880 3.011240
vt 0.999760 2.998330
vt 0.375060 0.356100
vt 0.375060 2.514620
vt 0.000240 3.279820
vt 0.000240 10.128210
vt 0.500000 4.365770
vt 0.999760 2.961560
vt 0.999760 3.220340
vt 0.999760 4.895690
vt 0.749880 4.850770
vt 0.999760 4.850770
vt 0.000240 3.815740
vt 0.999760 4.888350
vt 0.000240 3.969960
vt 0.000240 3.378870
vt 0.000240 3.933150
vt 0.999760 4.798930
vt 0.749880 2.998420
vt 0.749880 3.188990
vt 0.500000 3.204330
vt 0.500000 3.046530
vt 0.000240 1.887170
vt 0.333410 2.324540
vt 0.000240 2.353800
vt 0.000240 5.835360
vt 0.999760 2.950880
vt 0.200150 2.996580
vt 0.200150 2.828500
vt 0.400050 2.858910
vt 0.999760 2.994180
vt 0.999760 3.259920
vt 0.999760 2.872950
vt 0.999760 3.043860
vt 0.000240 2.192880
vt 0.250120 4.520860
vt 0.000240 4.520860
vt 0.000240 4.991720
vt 0.000240 4.658200
vt 0.000240 4.592420
vt 0.749880 4.445580
vt 0.500000 4.445580
vt 0.000240 1.796560
vt 0.000240 3.453890
vt 0.000240 3.201590
vt 0.333410 2.162600
vt 0.666590 2.186290
vt 0.250120 2.866960
vt 0.250120 3.051010
vt 0.000240 3.023870
vt 0.000240 2.807980
vt 0.200150 3.634880
vt 0.999760 2.549580
vt 0.999760 2.745260
vt 0.799850 2.553740
vt 0.874820 2.514620
vt 0.000240 3.917990
vt 0.200150 2.513260
vt 0.200150 2.270910
vt 0.400050 2.284990
vt 0.250120 3.368410
vt 0.000240 3.368410
vt 0.000240 3.141250
vt 0.000240 3.634880
vt 0.200150 1.350040
vt 0.000240 1.383280
vt 0.749880 1.664160
vt 0.749880 1.758840
vt 0.500000 1.601360
vt 0.999760 2.895810
vt 0.999760 3.234300
vt 0.799850 3.234300
vt 0.799850 2.883430
vt 0.000240 3.259920
vt 0.000240 2.994180
vt 0.400050 4.259570
vt 0.400050 3.929370
vt 0.500000 4.271740
vt 0.250120 4.271740
vt 0.500000 4.224260
vt 0.250120 4.224260
vt 0.250120 1.612530
vt 0.999760 3.023870
vt 0.749880 3.044210
vt 0.749880 2.838710
vt 0.999760 2.807980
vt 0.400050 2.977220
vt 0.200150 4.341500
vt 0.000240 4.341500
vt 0.999760 3.279820
vt 0.749880 3.279820
vt 0.749880 3.576470
vt 0.000240 2.785110
vt 0.200150 3.234300
vt 0.000240 3.234300
vt 0.000240 2.895810
vt 0.500000 4.181680
vt 0.000240 2.988900
vt 0.000240 4.737760
vt 0.000240 4.693150
vt 0.000240 2.213020
vt 0.000240 4.788030
vt 0.200150 2.565110
vt 0.400050 2.622600
vt 0.062710 0.805960
vt 0.999760 1.160470
vt 0.999760 1.238060
vt 0.799850 1.198060
vt 0.799850 1.113040
vt 0.400050 3.220340
vt 0.799850 4.188850
vt 0.999760 2.719080
vt 0.000240 4.637150
vt 0.000240 4.557430
vt 0.666590 4.644870
vt 0.333410 5.010620
vt 0.000240 5.010620
vt 0.200150 4.259570
vt 0.000240 4.259570
vt 0.999760 4.703420
vt 0.799850 4.703420
vt 0.799850 4.658200
vt 0.799850 4.086600
vt 0.599950 4.086600
vt 0.562470 0.356100
vt 0.200150 2.725710
vt 0.200150 2.930880
vt 0.000240 2.904640
vt 0.000240 2.673570
vt 0.500000 3.076690
vt 0.500000 2.913200
vt 0.749880 4.271740
vt 0.200150 3.982950
vt 0.000240 3.982950
vt 0.799850 3.829840
vt 0.999760 3.576470
vt 0.999760 4.318670
vt 0.999760 3.043430
vt 0.999760 3.982140
vt 0.250120 4.326460
vt 0.000240 4.326460
vt 0.000240 3.552340
vt 0.749880 1.683570
vt 0.500000 1.501490
vt 0.500000 1.368950
vt 0.250120 3.152890
vt 0.000240 3.364640
vt 0.000240 3.150230
vt 0.000240 3.322180
vt 0.000240 0.805960
vt 0.000240 4.224260
vt 0.000240 3.933820
vt 0.400050 4.434880
vt 0.200150 2.346420
vt 0.000240 2.549580
vt 0.000240 2.325230
vt 0.000240 3.740330
vt 0.250120 3.009700
vt 0.000240 2.966500
vt 0.999760 2.514620
vt 0.000240 2.086790
vt 0.799850 4.808460
vt 0.599950 4.808460
vt 0.400050 2.964750
vt 0.400050 2.783450
vt 0.999760 2.988900
vt 0.999760 2.806550
vt 0.999760 2.213020
vt 0.000240 2.539870
vt 0.000240 2.069930
vt 0.000240 2.505740
vt 0.000240 2.260960
vt 0.000240 2.745260
vt 0.200150 2.387950
vt 0.400050 2.487000
vt 0.000240 4.153400
vt 0.000240 2.248040
vt 0.000240 3.522780
vt 0.999760 4.936320
vt 0.599950 4.295920
vt 0.000240 2.811950
vt 0.999760 1.776620
vt 0.999760 2.325230
vt 0.799850 2.329960
vt 0.500000 2.863550
vt 0.999760 3.163040
vt 0.999760 2.966500
vt 0.799850 3.390650
vt 0.599950 3.390650
vt 0.599950 3.127410
vt 0.799850 3.111840
vt 0.599950 3.982950
vt 0.599950 4.428050
vt 0.400050 4.428050
vt 0.400050 3.982950
vt 0.000240 3.039670
vt 0.000240 4.936320
vt 0.000240 4.895690
vt 0.200150 2.862320
vt 0.200150 2.646590
vt 0.400050 2.702470
vt 0.599950 2.061770
vt 0.749880 3.140850
vt 0.400050 2.839390
vt 0.200150 2.864220
vt 0.200150 2.644390
vt 0.400050 2.596370
vt 0.000240 4.271740
vt 0.749880 3.285010
vt 0.749880 3.966100
vt 0.500000 3.966100
vt 0.250120 3.966100
vt 0.000240 3.966100
vt 0.000240 3.285010
vt 0.200150 4.428050
vt 0.000240 4.428050
vt 0.999760 3.390650
vt 0.999760 4.166000
vt 0.799850 4.166000
vt 0.000240 2.806550
vt 0.999760 4.153400
vt 0.749880 4.224260
vt 0.999760 4.188850
vt 0.999760 4.613770
vt 0.799850 4.613770
vt 0.000240 4.003240
vt 0.999760 4.644870
vt 0.999760 4.788030
vt 0.000240 2.686830
vt 0.799850 2.919030
vt 0.599950 2.957840
vt 0.599950 2.763460
vt 0.799850 2.690650
vt 0.200150 4.776120
vt 0.000240 4.776120
vt 0.999760 4.592420
vt 0.250120 3.956260
vt 0.000240 3.956260
vt 0.999760 3.201590
vt 0.999760 4.224260
vt 0.999760 3.368410
vt 0.999760 3.141250
vt 0.999760 2.679840
vt 0.000240 4.123490
vt 0.000240 1.160470
vt 0.599950 1.013890
vt 0.999760 3.320600
vt 0.999760 1.885840
vt 0.749880 1.778920
vt 0.999760 1.796560
vt 0.200150 2.419730
vt 0.999760 3.285010
vt 0.599950 4.613770
vt 0.400050 4.613770
vt 0.500000 4.326460
vt 0.599950 4.360940
vt 0.400050 4.360940
vt 0.000240 4.808460
vt 0.200150 4.808460
vt 0.400050 4.808460
vt 0.799850 2.662130
vt 0.799850 2.410810
vt 0.999760 4.808460
vt 0.100200 5.995840
vt 0.300100 5.995840
vt 0.500000 5.995840
vt 0.699900 5.995840
vt 0.899800 5.995840
vt 0.000240 2.126900
vt 0.749880 2.830100
vt 0.999760 2.811080
vt 0.125180 6.525170
vt 0.375060 6.525170
vt 0.624940 6.525170
vt 0.874820 6.525170
vt 0.749880 1.462030
vt 0.749880 1.565120
vt 0.999760 1.496900
vt 0.000240 4.850770
vt 0.799850 4.178890
vt 0.999760 1.686640
vt 0.999760 1.594040
vt 0.599950 2.859180
vt 0.799850 2.829600
vt 0.250120 5.037960
vt 0.250120 5.079190
vt 0.000240 5.037960
vt 0.000240 5.079190
vt 0.125180 6.634460
vt 0.375060 6.634460
vt 0.624940 6.634460
vt 0.999760 5.079190
vt 0.874820 6.634460
vt 0.000240 4.295920
vt 0.166830 7.149960
vt 0.500000 7.149960
vt 0.833170 7.149960
vt 0.999760 3.933150
vt 0.166830 6.836020
vt 0.500000 6.836020
vt 0.833170 6.836020
vt 0.166830 6.771180
vt 0.500000 6.771180
vt 0.999760 4.737760
vt 0.833170 6.771180
vt 0.999760 2.811950
vt 0.000240 1.686640
vt 0.799850 3.982950
vt 0.999760 3.982950
vt 0.799850 4.428050
vt 0.999760 4.428050
vt 0.100200 6.097460
vt 0.300100 6.097460
vt 0.500000 6.097460
vt 0.699900 6.097460
vt 0.899800 6.097460
vt 0.000240 4.421840
vt 0.200150 4.421840
vt 0.400050 4.421840
vt 0.599950 4.421840
vt 0.799850 4.421840
vt 0.999760 4.421840
vt 0.100200 6.332020
vt 0.300100 6.332020
vt 0.500000 6.332020
vt 0.699900 6.332020
vt 0.899800 6.332020
vt 0.999760 3.039670
vt 0.999760 3.829840
vt 0.999760 4.178890
vt 0.100200 6.208590
vt 0.300100 6.208590
vt 0.500000 6.208590
vt 0.699900 6.208590
vt 0.899800 6.208590
vt 0.000240 2.526540
vt 0.000240 2.310330
vt 0.999760 2.526540
vt 0.999760 2.310330
vt 0.599950 2.752470
vt 0.799850 2.728430
vt 0.999760 2.710920
vt 0.000240 1.455610
vt 0.000240 3.955010
vt 0.200150 3.955010
vt 0.400050 3.955010
vt 0.599950 3.955010
vt 0.799850 3.955010
vt 0.999760 3.955010
vt 0.999760 3.634880
vt 0.100200 6.071060
vt 0.300100 6.071060
vt 0.500000 6.071060
vt 0.699900 6.071060
vt 0.899800 6.071060
vt 0.250120 2.641800
vt 0.500000 2.612070
vt 0.000240 1.594040
vt 0.599950 2.699780
vt 0.799850 2.863450
vt 0.799850 2.634540
vt 0.999760 2.846510
vt 0.999760 2.610590
vt 0.999760 1.706770
vt 0.000240 4.486440
vt 0.200150 4.486440
vt 0.400050 4.486440
vt 0.999760 4.486440
vt 0.100200 6.830950
vt 0.300100 6.830950
vt 0.500000 6.830950
vt 0.699900 6.830950
vt 0.899800 6.830950
vt 0.999760 2.785110
vt 0.999760 2.575700
vt 0.100200 6.604810
vt 0.300100 6.604810
vt 0.500000 6.604810
vt 0.699900 6.604810
vt 0.899800 6.604810
vt 0.000240 2.455890
vt 0.999760 2.686830
vt 0.000240 2.846510
vt 0.000240 2.610590
vt 0.100200 6.630950
vt 0.300100 6.630950
vt 0.500000 6.630950
vt 0.699900 6.630950
vt 0.899800 6.630950
vt 0.999760 2.904640
vt 0.999760 2.673570
vt 0.000240 4.166000
vt 0.599950 4.166000
vt 0.999760 4.658200
vt 0.000240 4.465770
vt 0.200150 4.465770
vt 0.400050 4.465770
vt 0.599950 4.465770
vt 0.799850 4.465770
vt 0.999760 4.465770
vt 0.100200 6.886210
vt 0.300100 6.886210
vt 0.500000 6.886210
vt 0.699900 6.886210
vt 0.899800 6.886210
vt 0.999760 2.973800
vt 0.400050 2.689410
vt 0.599950 2.677480
vt 0.799850 2.618050
vt 0.999760 2.596150
vt 0.250120 4.235630
vt 0.000240 4.235630
vt 0.999760 4.271740
vt 0.100200 6.658580
vt 0.300100 6.658580
vt 0.500000 6.658580
vt 0.699900 6.658580
vt 0.899800 6.658580
vt 0.250120 4.445580
vt 0.000240 4.445580
vt 0.999760 2.455890
vt 0.999760 3.101670
vt 0.000240 2.575700
vt 0.250120 1.374040
vt 0.000240 1.517390
vt 0.125180 7.110630
vt 0.375060 7.110630
vt 0.624940 7.110630
vt 0.874820 7.110630
vt 0.000240 2.872950
vt 0.000240 2.679840
vt 0.999760 4.086600
vt 0.000240 4.360940
vt 0.200150 4.360940
vt 0.799850 4.360940
vt 0.999760 4.360940
vt 0.100200 6.689490
vt 0.300100 6.689490
vt 0.500000 6.689490
vt 0.699900 6.689490
vt 0.899800 6.689490
vt 0.000240 1.496900
vt 0.749880 4.235630
vt 0.500000 4.235630
vt 0.999760 4.445580
vt 0.125180 7.051830
vt 0.375060 7.051830
vt 0.624940 7.051830
vt 0.874820 7.051830
vt 0.125180 6.867220
vt 0.375060 6.867220
vt 0.624940 6.867220
vt 0.874820 6.867220
vt 0.000240 2.708070
vt 0.200150 2.636160
vt 0.000240 2.596150
vt 0.999760 3.966100
vt 0.000240 4.248510
vt 0.250120 4.248510
vt 0.500000 4.248510
vt 0.749880 4.248510
vt 0.999760 4.248510
vt 0.125180 6.636320
vt 0.375060 6.636320
vt 0.624940 6.636320
vt 0.874820 6.636320
vt 0.125180 6.899310
vt 0.375060 6.899310
vt 0.624940 6.899310
vt 0.874820 6.899310
vt 0.999760 3.956260
vt 0.999760 4.235630
vt 0.125180 6.836830
vt 0.375060 6.836830
vt 0.624940 6.836830
vt 0.874820 6.836830
s 1
usemtl Bark_NormalTree
f 5/1/1 4/2/2 3/3/3
f 4/2/2 2/4/4 3/3/3
f 7/5/5 1/6/6 6/7/7
f 7/5/5 10/8/8 1/6/6
f 11/9/9 8/10/10 9/11/11
f 12/12/12 8/10/10 11/9/9
f 1000/13/13 1005/14/14 1004/15/15 999/16/16
f 12/12/12 15/17/17 8/10/10
f 15/17/17 14/18/18 8/10/10
f 17/19/19 13/20/20 16/21/21
f 988/22/22 994/23/23 993/24/24 987/25/25
f 17/19/19 20/26/26 13/20/20
f 21/27/27 18/28/28 19/29/29
f 22/30/30 18/28/28 21/27/27
f 22/30/30 25/31/31 18/28/28
f 25/31/31 24/32/32 18/28/28
f 27/33/33 23/34/34 26/35/35
f 27/33/33 30/36/36 23/34/34
f 30/36/36 29/37/37 23/34/34
f 32/38/38 28/39/39 31/40/40
f 32/38/38 35/41/41 28/39/39
f 36/42/42 33/43/43 34/44/44
f 37/45/45 33/43/43 36/42/42
f 726/46/46 725/47/47 722/48/48 723/49/49
f 37/45/45 40/50/50 33/43/43
f 41/51/51 38/52/52 39/53/53
f 42/54/54 38/52/52 41/51/51
f 42/54/54 45/55/55 38/52/52
f 45/55/55 44/56/56 38/52/52
f 47/57/57 43/58/58 46/59/59
f 47/57/57 50/60/60 43/58/58
f 51/61/61 48/62/62 49/63/63
f 52/64/64 48/62/62 51/61/61
f 389/65/65 388/66/66 384/67/67 385/68/68
f 52/64/64 55/69/69 48/62/62
f 55/69/69 54/70/70 48/62/62
f 57/71/71 53/72/72 56/73/73
f 1009/74/74 1016/75/75 1015/76/76 1008/77/77
f 57/71/71 60/78/78 53/72/72
f 61/79/79 58/80/80 59/81/81
f 62/82/82 58/80/80 61/79/79
f 62/82/82 65/83/83 58/80/80
f 65/83/83 64/84/84 58/80/80
f 67/85/85 63/86/86 66/87/87
f 390/88/88 394/89/89 393/90/90 389/65/65
f 67/85/85 70/91/91 63/86/86
f 70/91/91 69/92/92 63/86/86
f 72/93/93 68/94/94 71/95/95
f 72/93/93 75/96/96 68/94/94
f 76/97/97 73/98/98 74/99/99
f 77/100/100 73/98/98 76/97/97
f 77/100/100 79/101/101 73/98/98
f 80/102/102 3/103/3 78/104/103
f 5/105/1 3/103/3 80/102/102
f 84/106/104 100/107/105 99/108/106 83/109/107
f 759/110/108 760/111/109 768/112/110 767/113/111
f 380/114/112 386/115/113 385/68/68 379/116/114
f 554/117/115 559/118/116 558/119/117 553/120/118
f 1152/121/119 1151/122/120 1146/123/121 1147/124/122
f 672/125/123 677/126/124 676/127/125 674/128/126
f 599/129/127 602/130/128 604/131/129 601/132/130
f 647/133/131 646/134/132 643/135/133 644/136/134
f 369/137/135 373/138/136 377/139/137 368/140/138
f 99/108/106 98/141/139 82/142/140 83/109/107
f 123/143/141 139/144/142 138/145/143 122/146/144
f 131/147/145 148/148/146 147/149/147 130/150/148
f 335/151/149 340/152/150 339/153/151 334/154/152
f 153/155/153 152/156/154 135/157/155 136/158/156
f 166/159/157 165/160/158 150/161/159 151/162/160
f 170/163/161 169/164/162 154/165/163 155/166/164
f 174/167/165 173/168/166 158/169/167 159/170/168
f 436/171/169 440/172/170 439/173/171 435/174/172
f 160/175/173 175/176/174 174/167/165 159/170/168
f 162/177/175 161/178/176 146/179/177 147/149/147
f 154/165/163 169/164/162 168/180/178 153/155/153
f 168/180/178 167/181/179 152/156/154 153/155/153
f 150/161/159 165/160/158 164/182/180 149/183/181
f 866/184/182 867/185/183 871/186/184 865/187/185
f 162/177/175 178/188/186 161/178/176
f 162/177/175 163/189/187 178/188/186
f 164/182/180 165/160/158 179/190/188
f 168/180/178 181/191/189 167/181/179
f 40/50/50 39/53/53 38/52/52 33/43/43
f 170/163/161 182/192/190 169/164/162
f 172/193/191 183/194/192 171/195/193
f 174/167/165 184/196/194 173/168/166
f 1123/197/195 1122/198/196 1118/199/197 1119/200/198
f 176/201/199 177/202/200 175/176/174
f 248/203/201 247/204/202 244/205/203 241/206/204
f 120/207/205 119/208/206 104/209/207 105/210/208
f 188/211/209 187/212/210 180/213/211 181/191/189
f 221/214/212 220/215/213 211/216/214 212/217/215
f 158/169/167 173/168/166 172/193/191 157/218/216
f 217/219/217 224/220/218 215/221/219 216/222/220
f 324/223/221 323/224/222 318/225/223 319/226/224
f 219/227/225 218/228/226 209/229/227 210/230/228
f 213/231/229 222/232/230 221/214/212 212/217/215
f 210/230/228 209/229/227 202/233/231 203/234/232
f 232/235/233 231/236/234 224/220/218 217/219/217
f 246/237/235 245/238/236 242/239/237 243/240/238
f 240/241/239 233/242/240 241/243/204
f 234/244/241 235/245/242 242/239/237
f 239/246/243 241/206/204 244/205/203 238/247/244
f 238/247/244 244/205/203 237/248/245
f 240/249/239 241/206/204 239/246/243
f 149/183/181 148/148/146 131/147/145 132/250/246
f 257/251/247 260/252/248 256/253/249 253/254/250
f 265/255/251 268/256/252 263/257/253 264/258/254
f 276/259/255 273/260/256 277/261/257
f 273/260/258 274/262/259 277/263/260
f 274/262/261 275/264/262 277/265/263
f 275/264/264 276/266/255 277/267/257
f 1099/268/109 1098/269/265 1095/270/266 1092/271/267
f 478/272/268 482/273/269 481/274/270 477/275/271
f 164/182/180 163/189/187 148/148/146 149/183/181
f 438/276/272 442/277/273 441/278/274 437/279/275
f 564/280/276 568/281/277 571/282/278 567/283/279
f 393/90/90 392/284/280 388/66/66 389/65/65
f 658/285/281 661/286/282 660/287/283 657/288/284
f 100/107/105 115/289/285 114/290/286 99/108/106
f 339/153/151 338/291/287 333/292/288 334/154/152
f 602/130/128 605/293/289 607/294/290 604/131/129
f 709/295/291 714/296/292 713/297/293 711/298/294
f 925/299/295 924/300/296 915/301/297 918/302/298
f 481/274/270 480/303/299 476/304/300 477/275/271
f 738/305/301 744/306/302 743/307/76 742/308/303
f 869/309/304 868/310/305 862/311/306 863/312/307
f 516/313/308 519/314/309 515/315/310 512/316/311
f 622/317/312 625/318/313 624/319/314 621/320/315
f 391/321/316 394/89/89 390/88/88
f 452/322/317 456/323/318 455/324/319 451/325/320
f 733/326/321 740/327/322 739/328/323 732/329/324
f 304/330/325 303/331/326 298/332/327 299/333/328
f 932/334/329 936/335/330 935/336/331 931/337/332
f 314/338/333 318/225/223 322/339/334 313/340/335
f 318/225/223 323/224/222 327/341/336 322/339/334
f 618/342/337 617/343/338 614/344/339 615/345/340
f 457/346/341 456/323/318 452/322/317 453/347/342
f 255/348/343 254/349/344 250/350/345 251/351/346
f 146/179/177 161/178/176 176/352/199 145/353/347
f 873/354/348 872/355/349 868/310/305 869/309/304
f 684/356/350 683/357/351 682/358/352 681/359/353
f 381/360/354 380/114/112 375/361/355 376/362/356
f 926/363/357 932/334/329 931/337/332 925/299/295
f 1019/364/108 1022/365/358 1018/366/359 1015/367/76
f 1117/368/360 1120/369/361 1115/370/362 1110/371/363
f 96/372/364 112/373/365 111/374/366 95/375/367
f 574/376/368 578/377/369 577/378/370 573/379/371
f 198/380/372 197/381/373 189/382/374 190/383/375
f 129/384/376 146/179/177 145/353/347 144/385/377
f 272/386/378 271/387/379 268/256/252 265/255/251
f 695/388/380 697/389/381 699/390/382 694/391/383
f 261/392/384 266/393/385 265/394/251 264/395/254
f 547/396/386 546/397/387 542/398/388 543/399/389
f 967/400/390 966/401/391 960/402/392 961/403/393
f 361/404/394 365/405/395 364/406/396 360/407/397
f 534/408/398 533/409/399 529/410/400 530/411/401
f 134/412/402 133/413/403 117/414/404 118/415/405
f 109/416/406 108/417/407 92/418/408 93/419/409
f 353/420/410 359/421/411 358/422/412 357/423/413
f 632/424/414 635/425/415 634/426/416 631/427/417
f 290/428/418 295/429/419 289/430/420 281/431/421
f 63/86/86 94/432/422 93/419/409 58/80/80
f 770/433/423 775/434/424 774/435/425 769/436/426
f 1088/437/427 1085/438/428 1086/439/429 1087/440/430
f 93/419/409 92/418/408 53/72/72 58/80/80
f 292/441/431 297/442/432 296/443/433 291/444/434
f 60/78/78 59/81/81 58/80/80 53/72/72
f 590/445/435 593/446/436 595/447/437 592/448/438
f 227/449/439 235/245/242 234/244/241 226/450/440
f 226/450/440 225/451/441 218/228/226 219/227/225
f 596/452/442 600/453/443 599/454/127 598/455/444
f 244/205/203 247/204/202 246/237/235 243/240/238
f 319/226/224 318/225/223 314/338/333 315/456/445
f 628/457/446 633/458/447 635/459/415 632/460/414
f 470/461/448 469/462/449 465/463/450 466/464/451
f 621/320/315 620/465/452 617/343/338 618/342/337
f 111/374/366 110/466/453 94/432/422 95/375/367
f 66/87/87 63/86/86 58/80/80 64/84/84
f 1140/467/454 1144/468/455 1143/469/456 1139/470/457
f 640/471/458 639/472/459 636/473/460 637/474/461
f 1137/475/462 1136/476/463 1135/477/464 1134/478/465
f 192/479/466 191/480/467 184/196/194 177/202/200
f 231/236/234 239/246/243 238/247/244 230/481/468
f 230/481/468 229/482/469 222/232/230 223/483/470
f 896/484/471 895/485/472 889/486/473 892/487/474
f 544/488/475 549/489/476 548/490/477 547/491/386
f 250/350/345 254/349/344 253/492/250 249/493/478
f 1100/494/109 1103/495/479 1098/269/265 1099/268/109
f 539/496/480 538/497/481 535/498/482 532/499/483
f 1136/476/463 1142/500/484 1145/501/464 1135/477/464
f 533/409/399 536/502/485 539/503/480 532/504/483
f 1163/505/486 1160/506/487 1161/507/488 1162/508/489
f 522/509/490 521/510/491 517/511/492 518/512/493
f 307/513/494 312/514/495 311/515/496 306/516/497
f 693/517/498 692/518/499 688/519/500 689/520/501
f 573/379/371 572/521/502 568/281/277 569/522/503
f 811/523/504 810/524/505 805/525/506 806/526/507
f 1041/527/508 1045/528/509 1044/529/510 1040/530/511
f 1115/370/362 1120/369/361 1119/200/198 1114/531/512
f 341/532/513 340/152/150 335/151/149 336/533/514
f 1095/270/266 1098/269/265 1097/534/515 1094/535/516
f 1110/371/363 1115/370/362 1116/536/517 1109/537/518
f 1/6/6 82/142/140 81/538/519 3/3/3
f 207/539/520 206/540/521 197/381/373 198/380/372
f 204/541/522 211/216/214 210/230/228 203/234/232
f 1174/542/523 1177/543/524 1176/544/525 1173/545/526
f 665/546/527 668/547/528 667/548/529 664/549/530
f 388/66/66 392/284/280 395/550/531 383/551/532
f 728/552/13 737/553/13 736/554/533 735/555/534
f 627/556/535 632/424/414 631/427/417 630/557/536
f 578/377/369 582/558/537 581/559/538 577/378/370
f 358/560/412 367/561/539 366/562/540 362/563/541
f 282/564/542 290/428/418 281/431/421 280/565/543
f 666/566/544 669/567/545 671/568/546 668/569/528
f 541/570/547 540/571/548 536/502/485 537/572/549
f 1002/573/550 1001/574/551 996/575/552 997/576/553
f 571/577/278 570/578/554 566/579/555 567/580/279
f 648/581/556 653/582/557 652/583/558 650/584/559
f 685/585/560 690/586/561 689/520/501 687/587/562
f 600/453/443 603/588/563 602/589/128 599/454/127
f 329/590/564 333/292/288 337/591/565 328/592/566
f 768/112/110 765/593/567 766/594/568 767/113/111
f 1111/595/569 1118/199/197 1117/596/360 1110/597/363
f 773/598/570 772/599/571 765/593/567 768/112/110
f 838/600/572 837/601/573 831/602/574 832/603/575
f 508/604/576 513/605/577 512/606/311 511/607/578
f 489/608/579 493/609/580 492/610/581 488/611/582
f 82/142/140 98/141/139 97/612/583 81/538/519
f 595/613/437 598/614/444 597/615/584 594/616/585
f 121/617/586 137/618/587 136/158/156 120/207/205
f 641/619/588 642/620/589 644/136/134 640/471/458
f 593/446/436 596/452/442 598/455/444 595/447/437
f 144/621/377 143/622/590 127/623/591 128/624/592
f 570/578/554 574/376/368 573/379/371 569/522/503
f 236/625/593 235/245/242 227/449/439 228/626/594
f 907/627/595 906/628/596 901/629/597 902/630/598
f 97/631/583 112/373/365 96/372/364 81/632/519
f 488/611/582 487/633/599 483/634/600 484/635/601
f 652/583/558 651/636/602 649/637/603 650/584/559
f 139/144/142 156/638/604 155/166/164 138/145/143
f 806/526/507 805/525/506 801/639/605 802/640/606
f 262/641/607 261/392/384 258/642/608 259/643/609
f 899/644/610 904/645/611 903/646/612 898/647/612
f 629/648/613 628/457/446 632/460/414 627/649/535
f 23/34/34 86/650/614 85/651/615 18/28/28
f 305/652/616 310/653/617 309/654/618 304/330/325
f 395/655/531 400/656/619 399/657/620 391/321/316
f 297/442/432 302/658/621 301/659/622 296/443/433
f 278/660/623 288/661/624 292/662/431 286/663/625
f 775/434/424 779/664/626 783/665/303 774/435/425
f 368/666/138 377/667/137 376/362/356 372/668/627
f 1043/669/628 1048/670/629 1052/671/630 1047/672/631
f 13/20/20 84/106/104 83/109/107 8/10/10
f 557/673/632 561/674/633 560/675/634 556/676/635
f 456/323/318 460/677/636 459/678/637 455/324/319
f 301/659/622 300/679/638 295/429/419 296/443/433
f 194/680/639 193/681/640 185/682/641 186/683/642
f 691/684/643 694/685/383 696/686/644 693/517/498
f 157/218/216 156/638/604 139/144/142 140/687/645
f 110/466/453 125/688/646 124/689/647 109/416/406
f 655/690/648 658/285/281 657/288/284 654/691/649
f 332/692/650 331/693/651 325/694/652 326/695/653
f 108/417/407 123/143/141 122/146/144 107/696/654
f 112/373/365 127/623/591 126/697/655 111/374/366
f 433/698/656 432/699/657 428/700/658 429/701/659
f 529/410/400 533/409/399 532/504/483 528/702/660
f 1049/703/661 1048/670/629 1043/669/628 1044/529/510
f 1086/439/429 1085/438/428 1091/704/662 1084/705/425
f 253/254/250 256/253/249 252/706/663 249/707/478
f 214/708/664 213/231/229 206/540/521 207/539/520
f 699/709/382 700/710/665 702/711/666 698/712/667
f 260/252/248 263/257/253 262/641/607 259/643/609
f 585/713/668 592/714/438 591/715/669 589/716/670
f 660/717/283 665/546/527 664/549/530 662/718/671
f 360/407/397 359/421/411 353/420/410 354/719/672
f 862/311/306 868/310/305 867/720/183 866/721/182
f 718/722/673 721/723/674 723/49/49 720/724/675
f 703/725/676 707/726/677 706/727/678 705/728/679
f 920/729/680 919/730/681 918/302/298 917/731/682
f 631/427/417 628/457/446 629/648/613 630/557/536
f 1072/732/683 1071/733/684 1068/734/685 1069/735/686
f 525/736/687 524/737/688 521/510/491 522/509/490
f 562/738/689 561/674/633 557/673/632 558/119/117
f 212/217/215 211/216/214 204/541/522 205/739/690
f 216/222/220 215/221/219 208/740/691 201/741/692
f 106/742/693 121/617/586 120/207/205 105/210/208
f 229/482/469 237/248/245 236/625/593 228/626/594
f 492/610/581 491/743/694 487/633/599 488/611/582
f 782/744/695 781/745/696 777/746/697 778/747/698
f 723/49/49 722/48/48 719/748/699 720/724/675
f 458/749/700 462/750/701 461/751/702 457/346/341
f 810/524/505 815/752/703 819/753/612 814/754/612
f 1073/755/704 1077/756/705 1076/757/706 1072/732/683
f 794/758/707 803/759/708 802/640/606 793/760/709
f 732/329/324 729/761/710 730/762/711 731/763/712
f 780/764/713 779/664/626 775/434/424 776/765/714
f 316/766/715 320/767/716 319/226/224 315/456/445
f 128/624/592 127/623/591 112/373/365 97/631/583
f 148/148/146 163/189/187 162/177/175 147/149/147
f 189/382/374 197/381/373 196/768/717 188/211/209
f 376/362/356 375/361/355 371/769/718 372/668/627
f 333/292/288 338/291/287 342/770/719 337/591/565
f 116/771/720 115/289/285 100/107/105 101/772/721
f 252/706/663 256/253/249 255/348/343 251/351/346
f 102/773/722 117/414/404 116/771/720 101/772/721
f 696/686/644 695/388/380 692/518/499 693/517/498
f 466/464/451 465/463/450 462/750/701 459/774/637
f 386/115/113 390/88/88 389/65/65 385/68/68
f 606/775/723 608/776/724 610/777/725 605/778/289
f 671/779/546 672/125/123 674/128/126 670/780/726
f 687/587/562 686/781/727 679/782/728 682/358/352
f 303/331/326 308/783/729 312/784/495 307/785/494
f 608/776/724 612/786/730 611/787/731 610/777/725
f 296/443/433 295/429/419 290/428/418 291/444/434
f 394/89/89 398/788/732 397/789/733 393/90/90
f 742/790/303 743/791/76 747/792/734 741/793/735
f 765/593/567 772/599/571 771/794/736 764/795/737
f 1135/796/464 1140/467/454 1141/797/738 1134/798/465
f 357/799/413 358/560/412 362/563/541 356/800/739
f 407/801/740 412/802/741 413/803/742 414/804/743
f 839/805/744 844/806/745 843/807/746 838/600/572
f 999/16/16 998/808/747 994/23/23 995/809/748
f 961/403/393 960/402/392 956/810/749 957/811/750
f 673/812/751 675/813/752 677/814/124 672/815/123
f 694/685/383 699/709/382 698/712/667 696/686/644
f 193/681/640 202/233/231 201/816/692 200/817/753
f 118/415/405 117/414/404 102/773/722 103/818/754
f 555/819/755 554/117/115 551/820/756 548/821/477
f 140/687/645 139/144/142 123/143/141 124/689/647
f 527/822/757 526/823/758 523/824/759 520/825/760
f 560/826/634 563/827/761 559/118/116 556/828/635
f 468/829/762 467/830/763 463/831/764 464/832/765
f 439/833/171 442/277/273 438/276/272 435/834/172
f 424/835/766 428/700/658 427/836/767 423/837/768
f 426/838/769 430/839/770 429/701/659 425/840/771
f 956/810/749 960/402/392 964/841/13 955/842/772
f 379/116/114 378/843/773 373/138/136 374/844/774
f 342/845/719 347/846/775 346/847/776 341/532/513
f 186/683/642 185/682/641 178/188/186 179/190/188
f 135/157/155 152/156/154 151/162/160 134/412/402
f 268/256/252 271/387/379 270/848/777 267/849/778
f 159/170/168 158/169/167 141/850/779 142/851/780
f 892/487/474 889/486/473 890/852/781 891/853/782
f 717/854/783 718/722/673 720/724/675 716/855/784
f 132/250/246 131/147/145 115/289/285 116/771/720
f 323/224/222 329/590/564 328/592/566 327/341/336
f 716/855/784 715/856/785 712/857/786 713/297/293
f 1149/858/787 1148/859/788 1144/468/455 1145/860/464
f 812/861/789 817/862/790 816/863/791 811/523/504
f 831/602/574 837/601/573 836/864/13 835/865/425
f 729/761/710 738/305/301 742/308/303 737/866/13
f 1165/867/792 1164/868/793 1163/505/486 1162/508/489
f 1037/869/794 1034/870/795 1035/871/796 1036/872/797
f 808/873/798 807/874/799 803/759/708 804/875/800
f 356/800/739 355/876/801 350/877/802 351/878/803
f 911/879/804 910/880/805 906/628/596 907/627/595
f 661/286/282 663/881/806 665/882/527 660/287/283
f 995/809/748 994/23/23 988/22/22 989/883/807
f 172/193/191 171/195/193 156/638/604 157/218/216
f 176/201/199 175/176/174 160/175/173 145/884/347
f 222/232/230 229/482/469 228/626/594 221/214/212
f 445/885/808 444/886/809 440/172/170 441/278/274
f 228/626/594 227/449/439 220/215/213 221/214/212
f 465/463/450 469/462/449 468/829/762 464/832/765
f 597/615/584 596/452/442 593/446/436 594/616/585
f 802/640/606 801/639/605 790/887/810 793/760/709
f 523/824/759 526/823/758 525/736/687 522/509/490
f 472/888/811 476/304/300 475/889/812 471/890/813
f 845/891/814 844/806/745 839/805/744 840/892/815
f 355/876/801 361/404/394 360/407/397 354/719/672
f 1150/893/816 1153/894/817 1148/859/788 1149/858/787
f 795/895/818 794/758/707 793/760/709 792/896/819
f 1076/757/706 1075/897/820 1071/733/684 1072/732/683
f 934/898/821 940/899/822 939/900/823 938/901/13
f 56/73/73 53/72/72 48/62/62 54/70/70
f 136/158/156 135/157/155 119/208/206 120/207/205
f 295/429/419 300/679/638 294/902/824 289/430/420
f 598/614/444 599/129/127 601/132/130 597/615/584
f 642/620/589 645/903/825 647/133/131 644/136/134
f 218/228/226 225/451/441 232/904/233 217/905/217
f 449/906/826 448/907/827 444/886/809 445/885/808
f 653/582/557 654/908/649 656/909/828 652/583/558
f 270/848/777 269/910/829 266/393/385 267/849/778
f 474/911/830 478/272/268 477/275/271 473/912/831
f 349/913/832 348/914/833 343/915/834 344/916/835
f 455/917/319 458/749/700 454/918/836 451/919/320
f 105/210/208 104/209/207 88/920/837 89/921/838
f 690/586/561 691/684/643 693/517/498 689/520/501
f 264/258/254 263/257/253 260/252/248 257/251/247
f 86/650/614 102/773/722 101/772/721 85/651/615
f 281/431/421 278/660/623 279/922/839 280/565/543
f 997/576/553 996/575/552 992/923/840 993/24/24
f 242/239/237 241/243/204 233/242/240 234/244/241
f 95/375/367 94/432/422 63/86/86 68/94/94
f 1070/924/841 1073/755/704 1072/732/683 1069/735/686
f 603/588/563 606/775/723 605/778/289 602/589/128
f 223/483/470 222/232/230 213/231/229 214/708/664
f 313/925/335 322/926/334 321/927/842 317/928/843
f 310/653/617 316/766/715 315/456/445 309/654/618
f 156/638/604 171/195/193 170/163/161 155/166/164
f 659/929/844 658/285/281 655/690/648 656/909/828
f 119/208/206 135/157/155 134/412/402 118/415/405
f 778/747/698 777/746/697 772/599/571 773/598/570
f 674/128/126 673/812/751 669/567/545 670/780/726
f 372/668/627 371/769/718 365/405/395 366/562/540
f 888/930/845 885/931/846 886/932/847 887/933/848
f 514/934/849 513/605/577 508/604/576 509/935/850
f 705/936/679 706/937/678 708/938/851 704/939/852
f 322/926/334 327/940/336 326/695/653 321/927/842
f 334/154/152 333/292/288 329/590/564 330/941/853
f 211/216/214 220/215/213 219/227/225 210/230/228
f 182/192/190 189/382/374 188/211/209 181/191/189
f 556/828/635 559/118/116 554/117/115 555/819/755
f 115/289/285 131/147/145 130/150/148 114/290/286
f 258/642/608 261/392/384 264/395/254 257/942/247
f 308/783/729 314/338/333 313/340/335 312/784/495
f 526/823/758 531/943/854 530/411/401 525/736/687
f 337/944/565 342/845/719 341/532/513 336/533/514
f 462/750/701 465/463/450 464/832/765 461/751/702
f 638/945/855 641/619/588 640/471/458 637/474/461
f 431/946/856 434/947/857 430/839/770 427/948/767
f 1078/949/858 1077/756/705 1073/755/704 1074/950/859
f 475/951/812 478/272/268 474/911/830 471/952/813
f 708/938/851 707/726/677 703/725/676 704/939/852
f 634/426/416 633/458/447 628/457/446 631/427/417
f 830/953/860 827/954/861 828/955/862 829/956/863
f 330/941/853 329/590/564 323/224/222 324/223/221
f 1168/957/864 1167/958/865 1160/506/487 1163/505/486
f 617/343/338 620/465/452 622/959/312 619/960/866
f 686/781/727 688/519/500 690/961/561 685/962/560
f 476/304/300 480/303/299 479/963/867 475/889/812
f 745/964/868 744/306/302 738/305/301 739/328/323
f 484/635/601 483/634/600 480/303/299 481/274/270
f 646/134/132 649/637/603 648/965/556 645/966/825
f 276/266/869 275/264/870 271/387/871 272/386/872
f 1102/967/873 1101/968/874 1096/969/875 1097/534/515
f 639/472/459 643/135/133 642/970/589 641/971/588
f 463/831/764 467/830/763 470/972/448 466/973/451
f 127/623/591 143/622/590 142/851/780 126/697/655
f 662/718/671 661/286/282 658/285/281 659/929/844
f 126/697/655 125/688/646 110/466/453 111/374/366
f 710/974/876 712/857/786 714/975/292 709/976/291
f 448/907/827 452/322/317 451/325/320 447/977/877
f 346/847/776 345/978/878 340/152/150 341/532/513
f 513/605/577 517/511/492 516/979/308 512/606/311
f 408/980/879 415/981/880 418/982/881 407/983/740
f 858/984/882 864/985/883 863/312/307 857/986/884
f 772/599/571 777/746/697 776/765/714 771/794/736
f 53/72/72 92/418/408 91/987/885 48/62/62
f 92/418/408 108/417/407 107/696/654 91/987/885
f 893/988/886 899/644/610 898/647/612 897/989/612
f 702/711/666 701/990/887 697/389/381 698/712/667
f 331/693/651 335/151/149 334/154/152 330/941/853
f 566/579/555 570/578/554 569/522/503 565/991/888
f 336/533/514 335/151/149 331/693/651 332/692/650
f 692/518/499 695/388/380 694/391/383 691/992/643
f 85/651/615 84/106/104 13/20/20 18/28/28
f 1026/993/425 1025/994/889 1022/365/358 1019/364/108
f 880/995/890 879/996/891 874/997/892 875/998/893
f 903/999/612 912/1000/772 911/879/804 907/627/595
f 875/998/893 874/997/892 870/1001/894 871/186/184
f 711/298/294 710/974/876 707/726/677 708/938/851
f 469/462/449 474/911/830 473/912/831 468/829/762
f 328/1002/566 337/944/565 336/533/514 332/692/650
f 776/765/714 775/434/424 770/433/423 771/794/736
f 605/293/289 610/1003/725 609/1004/895 607/294/290
f 747/792/734 746/1005/896 740/327/322 741/793/735
f 706/937/678 709/295/291 711/298/294 708/938/851
f 1098/269/265 1103/495/479 1102/967/873 1097/534/515
f 421/1006/897 420/1007/898 415/981/880 416/1008/899
f 1039/1009/900 1043/669/628 1047/672/631 1038/1010/901
f 579/1011/902 578/377/369 574/376/368 575/1012/903
f 1046/1013/904 1045/528/509 1041/527/508 1042/1014/905
f 83/109/107 82/142/140 1/6/6 8/10/10
f 680/1015/906 679/782/728 683/1016/351 684/1017/350
f 707/726/677 710/974/876 709/976/291 706/727/678
f 345/978/878 350/877/802 349/913/832 344/916/835
f 499/1018/907 496/1019/908 497/1020/909 498/1021/910
f 1021/1022/911 1020/1023/912 1016/75/75 1017/1024/913
f 1092/271/267 1095/270/266 1089/1025/914 1091/1026/662
f 33/43/43 88/920/837 87/1027/915 28/39/39
f 698/712/667 697/389/381 695/388/380 696/686/644
f 195/1028/916 204/541/522 203/234/232 194/680/639
f 444/886/809 448/907/827 447/977/877 443/1029/917
f 133/413/403 150/161/159 149/183/181 132/250/246
f 266/393/385 269/910/829 272/1030/378 265/394/251
f 741/793/735 740/327/322 733/326/321 736/554/533
f 551/820/756 554/117/115 553/120/118 550/1031/918
f 667/548/529 666/566/544 663/881/806 664/549/530
f 635/425/415 638/945/855 637/474/461 634/426/416
f 306/516/497 305/652/616 300/679/638 301/659/622
f 399/657/620 398/788/732 394/89/89 391/321/316
f 897/1032/612 898/1033/612 902/630/598 896/484/471
f 490/1034/919 489/608/579 485/1035/920 486/1036/921
f 190/383/375 189/382/374 182/192/190 183/194/192
f 247/204/202 252/706/663 251/351/346 246/237/235
f 530/411/401 529/410/400 524/737/688 525/736/687
f 145/884/347 160/175/173 143/622/590 144/621/377
f 569/522/503 568/281/277 564/280/276 565/991/888
f 649/637/603 651/636/602 653/1037/557 648/965/556
f 350/877/802 355/876/801 354/719/672 349/913/832
f 351/878/803 350/877/802 345/978/878 346/847/776
f 430/839/770 434/947/857 433/698/656 429/701/659
f 679/782/728 686/781/727 685/962/560 683/1016/351
f 619/1038/866 622/317/312 621/320/315 618/342/337
f 1146/123/121 1151/122/120 1150/1039/816 1149/1040/787
f 477/275/271 476/304/300 472/888/811 473/912/831
f 565/991/888 564/280/276 561/674/633 562/738/689
f 208/740/691 215/221/219 214/708/664 207/539/520
f 348/914/833 353/420/410 357/423/413 352/1041/922
f 479/1042/867 482/273/269 478/272/268 475/951/812
f 1014/1043/923 1013/1044/924 1012/1045/925 1011/1046/926
f 864/985/883 870/1001/894 869/309/304 863/312/307
f 243/240/238 242/239/237 235/245/242 236/625/593
f 161/178/176 178/188/186 177/1047/200 176/352/199
f 87/1027/915 86/650/614 23/34/34 28/39/39
f 586/1048/927 590/445/435 592/448/438 585/1049/668
f 242/239/237 245/238/236 248/1050/201 241/243/204
f 147/149/147 146/179/177 129/384/376 130/150/148
f 645/903/825 648/581/556 650/584/559 647/133/131
f 528/1051/660 531/943/854 526/823/758 527/822/757
f 254/349/344 258/642/608 257/942/247 253/492/250
f 987/25/25 986/1052/928 976/1053/929 979/1054/930
f 990/1055/612 991/1056/612 995/809/748 989/883/807
f 180/213/211 179/190/188 165/160/158 166/159/157
f 1029/1057/901 1038/1058/901 1042/1014/905 1037/869/794
f 1018/366/359 1022/365/358 1021/1022/911 1017/1024/913
f 461/751/702 460/677/636 456/323/318 457/346/341
f 185/682/641 193/681/640 200/817/753 192/1059/466
f 206/540/521 213/231/229 212/217/215 205/739/690
f 700/710/665 705/936/679 704/939/852 702/711/666
f 256/253/249 260/252/248 259/643/609 255/348/343
f 549/489/476 552/1060/931 555/1061/755 548/490/477
f 568/281/277 572/521/502 575/1062/903 571/282/278
f 535/498/482 538/497/481 537/572/549 534/408/398
f 378/843/773 384/67/67 383/1063/932 382/1064/933
f 1077/756/705 1081/1065/934 1080/1066/935 1076/757/706
f 420/1007/898 424/835/766 423/837/768 419/1067/936
f 1144/468/455 1148/859/788 1147/124/122 1143/469/456
f 1068/734/685 1071/733/684 1074/1068/859 1067/1069/937
f 739/328/323 738/305/301 729/761/710 732/329/324
f 589/716/670 586/1048/927 587/1070/938 588/1071/939
f 575/1012/903 574/376/368 570/578/554 571/577/278
f 656/909/828 655/690/648 651/636/602 652/583/558
f 267/849/778 266/393/385 261/392/384 262/641/607
f 180/213/211 187/212/210 186/683/642 179/190/188
f 548/821/477 551/820/756 546/397/387 547/396/386
f 321/927/842 320/767/716 316/766/715 317/928/843
f 485/1035/920 489/608/579 488/611/582 484/635/601
f 1062/1072/940 1061/1073/941 1060/1074/942 1059/1075/943
f 843/807/746 842/1076/944 837/601/573 838/600/572
f 798/1077/426 800/1078/109 804/875/800 797/1079/945
f 591/715/669 590/445/435 586/1048/927 589/716/670
f 191/480/467 199/1080/946 198/380/372 190/383/375
f 540/571/548 544/488/475 547/491/386 543/1081/389
f 142/851/780 141/850/779 125/688/646 126/697/655
f 441/278/274 440/172/170 436/171/169 437/279/275
f 764/795/737 761/1082/947 762/1083/948 763/1084/949
f 1167/958/865 1172/1085/950 1171/1086/518 1170/1087/951
f 837/601/573 842/1076/944 841/1088/952 836/864/13
f 288/661/624 293/1089/953 297/1090/432 292/662/431
f 515/315/310 519/314/309 518/512/493 514/934/849
f 507/1091/954 510/1092/955 509/935/850 506/1093/956
f 928/1094/425 929/1095/772 933/1096/957 927/1097/958
f 179/190/188 178/188/186 163/189/187 164/182/180
f 1044/529/510 1043/669/628 1039/1009/900 1040/530/511
f 986/1052/928 992/923/840 991/1098/612 990/1099/612
f 906/628/596 910/880/805 909/1100/959 905/1101/960
f 137/618/587 154/165/163 153/155/153 136/158/156
f 197/381/373 206/540/521 205/739/690 196/768/717
f 688/519/500 692/518/499 691/992/643 690/961/561
f 309/654/618 308/783/729 303/331/326 304/330/325
f 299/333/328 298/332/327 293/1089/953 294/902/824
f 1155/1102/961 1154/1103/962 1151/122/120 1152/121/119
f 1106/1104/963 1105/1105/964 1101/968/874 1102/967/873
f 509/935/850 508/604/576 505/1106/965 506/1093/956
f 1060/1107/942 1065/1108/966 1066/1109/967 1059/1110/943
f 894/1111/968 893/988/886 885/931/846 888/930/845
f 993/24/24 992/923/840 986/1052/928 987/25/25
f 363/1112/969 369/137/135 368/140/138 367/1113/539
f 220/215/213 227/449/439 226/450/440 219/227/225
f 315/456/445 314/338/333 308/783/729 309/654/618
f 443/1114/917 446/1115/970 442/277/273 439/833/171
f 450/1116/971 454/918/836 453/347/342 449/906/826
f 537/572/549 536/502/485 533/409/399 534/408/398
f 668/547/528 671/779/546 670/780/726 667/548/529
f 885/931/846 893/988/886 897/989/612 884/1117/612
f 924/300/296 930/1118/972 929/1119/772 928/1120/425
f 344/916/835 343/915/834 338/291/287 339/153/151
f 446/1115/970 450/1116/971 449/906/826 445/885/808
f 550/1031/918 549/489/476 544/488/475 545/1121/973
f 435/834/172 438/276/272 434/947/857 431/946/856
f 1160/506/487 1167/958/865 1170/1087/951 1166/1122/974
f 89/921/838 88/920/837 33/43/43 38/52/52
f 722/48/48 725/47/47 724/1123/975 721/1124/674
f 935/336/331 934/898/821 930/1118/972 931/337/332
f 415/981/880 420/1007/898 419/1067/936 418/982/881
f 31/40/40 28/39/39 23/34/34 29/37/37
f 518/512/493 517/511/492 513/605/577 514/934/849
f 26/35/35 23/34/34 18/28/28 24/32/32
f 587/1070/938 586/1048/927 585/1049/668 584/1125/976
f 125/688/646 141/850/779 140/687/645 124/689/647
f 151/162/160 150/161/159 133/413/403 134/412/402
f 713/297/293 712/857/786 710/974/876 711/298/294
f 612/786/730 614/344/339 616/1126/977 611/787/731
f 803/759/708 807/874/799 806/526/507 802/640/606
f 366/562/540 365/405/395 361/404/394 362/563/541
f 832/603/575 831/602/574 823/1127/978 826/1128/979
f 614/344/339 617/343/338 619/960/866 616/1126/977
f 245/238/236 250/350/345 249/493/478 248/1050/201
f 532/499/483 535/498/482 531/943/854 528/1051/660
f 130/150/148 129/384/376 113/1129/980 114/290/286
f 473/912/831 472/888/811 467/830/763 468/829/762
f 536/502/485 540/571/548 543/1081/389 539/503/480
f 327/940/336 328/1002/566 332/692/650 326/695/653
f 287/1130/981 286/1131/625 285/1132/982 284/1133/983
f 895/485/472 901/629/597 900/1134/984 894/1111/968
f 937/1135/985 936/335/330 932/334/329 933/1096/957
f 79/101/101 78/104/103 3/103/3 73/98/98
f 1148/859/788 1153/894/817 1152/121/119 1147/124/122
f 760/111/109 769/1136/426 773/598/570 768/112/110
f 715/856/785 719/748/699 718/1137/673 717/1138/783
f 234/244/241 233/242/240 225/451/441 226/450/440
f 771/794/736 770/433/423 761/1082/947 764/795/737
f 650/584/559 649/637/603 646/134/132 647/133/131
f 454/918/836 458/749/700 457/346/341 453/347/342
f 615/345/340 614/344/339 612/786/730 613/1139/986
f 620/465/452 623/1140/987 625/1141/313 622/959/312
f 904/645/611 908/1142/988 912/1143/772 903/646/612
f 383/1144/532 391/1145/989 387/1146/990
f 1051/1147/991 1050/1148/992 1045/528/509 1046/1013/904
f 900/1134/984 899/644/610 893/988/886 894/1111/968
f 43/58/58 90/1149/993 89/921/838 38/52/52
f 122/146/144 121/617/586 106/742/693 107/696/654
f 644/136/134 643/135/133 639/472/459 640/471/458
f 947/1150/994 946/1151/995 945/1152/996 954/1153/267
f 1064/1154/997 1061/1073/941 1062/1072/940 1063/1155/998
f 1153/894/817 1156/1156/999 1155/1102/961 1152/121/119
f 744/306/302 748/1157/1000 752/1158/108 743/307/76
f 813/1159/1001 812/861/789 807/874/799 808/873/798
f 604/131/129 603/588/563 600/453/443 601/132/130
f 199/1080/946 208/740/691 207/539/520 198/380/372
f 451/919/320 454/918/836 450/1116/971 447/1160/877
f 654/908/649 657/1161/284 659/929/844 656/909/828
f 774/1162/425 783/1163/303 782/744/695 778/747/698
f 543/399/389 542/398/388 538/497/481 539/496/480
f 719/748/699 722/48/48 721/1124/674 718/1137/673
f 1020/1023/912 1023/1164/1002 1026/1165/425 1019/1166/108
f 412/802/741 417/1167/1003 411/1168/1004 410/1169/1005
f 1093/1170/1006 1096/969/875 1099/1171/109 1092/1172/267
f 187/212/210 195/1028/916 194/680/639 186/683/642
f 202/233/231 209/229/227 216/1173/220 201/816/692
f 124/689/647 123/143/141 108/417/407 109/416/406
f 98/141/139 113/1129/980 128/1174/592 97/612/583
f 143/622/590 160/175/173 159/170/168 142/851/780
f 553/120/118 552/1060/931 549/489/476 550/1031/918
f 1101/968/874 1105/1105/964 1104/1175/952 1100/1176/109
f 1013/1044/924 1018/366/359 1017/1024/913 1012/1045/925
f 173/168/166 184/196/194 183/194/192 172/193/191
f 425/840/771 424/835/766 420/1007/898 421/1006/897
f 371/769/718 375/361/355 374/844/774 370/1177/1007
f 326/695/653 325/694/652 320/767/716 321/927/842
f 325/694/652 331/693/651 330/941/853 324/223/221
f 155/166/164 154/165/163 137/618/587 138/145/143
f 471/952/813 474/911/830 469/462/449 470/461/448
f 117/414/404 133/413/403 132/250/246 116/771/720
f 274/262/1008 273/260/1009 269/910/1010 270/848/1011
f 545/1121/973 544/488/475 540/571/548 541/570/547
f 609/1004/895 608/776/724 606/775/723 607/294/290
f 538/497/481 542/398/388 541/570/547 537/572/549
f 791/1178/1012 790/887/810 798/1179/426 799/1180/823
f 343/915/834 348/914/833 352/1041/922 347/1181/775
f 1010/1182/1013 1009/74/74 1008/77/77 1007/1183/425
f 169/164/162 182/192/190 181/191/189 168/180/178
f 375/361/355 380/114/112 379/116/114 374/844/774
f 1147/124/122 1146/123/121 1142/500/484 1143/469/456
f 201/741/692 208/740/691 199/1080/946 200/1184/753
f 651/636/602 655/690/648 654/691/649 653/1037/557
f 271/387/1014 275/264/1015 274/262/1016 270/848/1017
f 432/699/657 436/171/169 435/174/172 431/1185/856
f 405/1186/1018 404/1187/1019 398/788/732 399/657/620
f 286/1131/625 292/441/431 291/444/434 285/1132/982
f 949/1188/1020 946/1151/995 947/1150/994 948/1189/1021
f 1166/1190/974 1164/868/793 1165/867/792 1159/1191/1022
f 584/1192/976 585/713/668 589/716/670 588/1071/939
f 152/156/154 167/181/179 166/159/157 151/162/160
f 447/1160/877 450/1116/971 446/1115/970 443/1114/917
f 200/1184/753 199/1080/946 191/480/467 192/479/466
f 434/947/857 438/276/272 437/279/275 433/698/656
f 269/910/1023 273/260/1024 276/259/1025 272/1030/1026
f 521/510/491 524/737/688 527/1193/757 520/1194/760
f 902/630/598 901/629/597 895/485/472 896/484/471
f 762/1083/948 761/1082/947 760/1195/109 759/1196/108
f 637/474/461 636/473/460 633/458/447 634/426/416
f 790/887/810 801/639/605 800/1197/109 798/1179/426
f 1016/75/75 1020/1023/912 1019/1166/108 1015/76/76
f 552/1060/931 557/673/632 556/676/635 555/1061/755
f 385/68/68 384/67/67 378/843/773 379/116/114
f 826/1128/979 823/1127/978 824/1198/1027 825/1199/1028
f 868/310/305 872/355/349 876/1200/425 867/720/183
f 104/209/207 119/208/206 118/415/405 103/818/754
f 442/277/273 446/1115/970 445/885/808 441/278/274
f 224/220/218 231/236/234 230/481/468 223/483/470
f 542/398/388 546/397/387 545/1121/973 541/570/547
f 251/351/346 250/350/345 245/238/236 246/237/235
f 453/347/342 452/322/317 448/907/827 449/906/826
f 263/257/253 268/256/252 267/849/778 262/641/607
f 178/188/186 185/682/641 192/1059/466 177/1047/200
f 259/643/609 258/642/608 254/349/344 255/348/343
f 633/458/447 636/473/460 638/1201/855 635/459/415
f 697/389/381 701/990/887 700/1202/665 699/390/382
f 320/767/716 325/694/652 324/223/221 319/226/224
f 374/844/774 373/138/136 369/137/135 370/1177/1007
f 464/832/765 463/831/764 460/677/636 461/751/702
f 494/1203/1029 493/609/580 489/608/579 490/1034/919
f 559/118/116 563/827/761 562/738/689 558/119/117
f 517/511/492 521/510/491 520/1194/760 516/979/308
f 317/928/843 316/766/715 310/653/617 311/515/496
f 138/145/143 137/618/587 121/617/586 122/146/144
f 90/1149/993 106/742/693 105/210/208 89/921/838
f 459/774/637 462/750/701 458/749/700 455/917/319
f 1004/15/15 1003/1204/1030 998/808/747 999/16/16
f 976/1053/929 986/1052/928 990/1099/612 984/1205/612
f 512/316/311 515/315/310 510/1092/955 511/1206/578
f 799/1207/823 798/1077/426 797/1079/945 796/1208/1031
f 1141/797/738 1140/467/454 1139/470/457 1138/1209/1032
f 531/943/854 535/498/482 534/408/398 530/411/401
f 362/563/541 361/404/394 355/876/801 356/800/739
f 240/249/239 239/246/243 231/236/234 232/235/233
f 20/26/26 19/29/29 18/28/28 13/20/20
f 766/594/568 765/593/567 764/795/737 763/1084/949
f 1008/1210/77 1013/1044/924 1014/1043/923 1007/1211/425
f 963/1212/1033 962/1213/1034 958/1214/1035 959/1215/1036
f 546/397/387 551/820/756 550/1031/918 545/1121/973
f 664/549/530 663/881/806 661/286/282 662/718/671
f 460/677/636 463/831/764 466/973/451 459/678/637
f 340/152/150 345/978/878 344/916/835 339/153/151
f 761/1082/947 770/433/423 769/436/426 760/1195/109
f 1173/545/526 1172/1085/950 1167/958/865 1168/957/864
f 889/486/473 895/485/472 894/1111/968 888/930/845
f 750/1216/1037 755/1217/1038 754/1218/1039 749/1219/1040
f 801/639/605 805/525/506 809/1220/1041 800/1197/109
f 487/633/599 491/743/694 494/1221/1029 490/1222/919
f 857/986/884 854/1223/1042 855/1224/1043 856/1225/1044
f 373/138/136 378/843/773 382/1064/933 377/139/137
f 429/701/659 428/700/658 424/835/766 425/840/771
f 720/724/675 719/748/699 715/856/785 716/855/784
f 203/234/232 202/233/231 193/681/640 194/680/639
f 225/451/441 233/242/240 240/241/239 232/904/233
f 736/554/533 733/326/321 734/1226/1045 735/555/534
f 636/473/460 639/472/459 641/971/588 638/1201/855
f 683/357/351 685/585/560 687/587/562 682/358/352
f 1142/500/484 1146/123/121 1149/1040/787 1145/501/464
f 1164/868/793 1169/1227/1046 1168/957/864 1163/505/486
f 1033/1228/1047 1030/1229/1048 1031/1230/1049 1032/1231/1050
f 1151/122/120 1154/1103/962 1157/1232/465 1150/1039/816
f 1124/1233/1051 1128/1234/1052 1127/1235/1053 1123/197/195
f 613/1139/986 612/786/730 608/776/724 609/1004/895
f 141/850/779 158/169/167 157/218/216 140/687/645
f 205/739/690 204/541/522 195/1028/916 196/768/717
f 114/290/286 113/1129/980 98/141/139 99/108/106
f 1122/198/196 1126/1236/1054 1125/1237/974 1121/1238/518
f 1040/530/511 1039/1009/900 1030/1229/1048 1033/1228/1047
f 748/1157/1000 753/1239/1055 757/1240/772 752/1158/108
f 1118/199/197 1122/198/196 1121/1238/518 1117/596/360
f 964/1241/13 965/1242/76 969/1243/1056 963/1212/1033
f 10/8/8 9/11/11 8/10/10 1/6/6
f 387/1146/990 386/115/113 380/114/112 381/360/354
f 594/616/585 593/446/436 590/445/435 591/715/669
f 184/196/194 191/480/467 190/383/375 183/194/192
f 561/674/633 564/280/276 567/283/279 560/675/634
f 237/248/245 244/205/203 243/240/238 236/625/593
f 75/96/96 74/99/99 73/98/98 68/94/94
f 1061/1073/941 1068/734/685 1067/1069/937 1060/1074/942
f 6/7/7 1/6/6 3/3/3 2/4/4
f 1161/507/488 1160/506/487 1166/1122/1057 1159/1244/1022
f 359/421/411 363/1112/969 367/1113/539 358/422/412
f 249/707/478 252/706/663 247/204/202 248/203/201
f 657/1161/284 660/717/283 662/718/671 659/929/844
f 311/515/496 310/653/617 305/652/616 306/516/497
f 607/294/290 606/775/723 603/588/563 604/131/129
f 867/185/183 876/1245/425 875/998/893 871/186/184
f 1103/495/479 1107/1246/1058 1106/1104/963 1102/967/873
f 871/186/184 870/1001/894 864/985/883 865/187/185
f 957/811/750 956/810/749 946/1151/995 949/1188/1020
f 1120/369/361 1124/1233/1051 1123/197/195 1119/200/198
f 938/1247/13 939/1248/823 943/1249/1059 937/1135/985
f 992/923/840 996/575/552 1000/1250/13 991/1098/612
f 1089/1025/914 1095/270/266 1094/535/516 1088/437/427
f 643/135/133 646/134/132 645/966/825 642/970/589
f 558/119/117 557/673/632 552/1060/931 553/120/118
f 863/312/307 862/311/306 854/1223/1042 857/986/884
f 689/520/501 688/519/500 686/781/727 687/587/562
f 354/719/672 353/420/410 348/914/833 349/913/832
f 1139/470/457 1136/476/463 1137/475/462 1138/1209/1032
f 167/181/179 181/191/189 180/213/211 166/159/157
f 931/337/332 930/1118/972 924/300/296 925/299/295
f 611/1251/731 616/1252/977 615/345/340 613/1139/986
f 905/1101/960 904/645/611 899/644/610 900/1134/984
f 1085/438/428 1093/1170/1006 1092/1172/267 1091/704/662
f 365/405/395 371/769/718 370/1177/1007 364/406/396
f 915/301/297 924/300/296 928/1120/425 923/1253/425
f 953/1254/1060 950/1255/1061 951/1256/1062 952/1257/1063
f 294/902/824 293/1089/953 288/661/624 289/430/420
f 930/1118/972 934/898/821 938/901/13 929/1119/772
f 563/827/761 566/579/555 565/991/888 562/738/689
f 113/1129/980 129/384/376 144/385/377 128/1174/592
f 94/432/422 110/466/453 109/416/406 93/419/409
f 392/284/280 396/1258/1064 400/1259/619 395/550/531
f 377/667/137 382/1260/933 381/360/354 376/362/356
f 1172/1085/950 1175/1261/1065 1178/1262/1066 1171/1086/518
f 1042/1014/905 1041/527/508 1034/870/795 1037/869/794
f 1074/950/859 1073/755/704 1070/924/841 1067/1263/937
f 289/430/420 288/661/624 278/660/623 281/431/421
f 958/1214/1035 962/1213/1034 961/403/393 957/811/750
f 1119/200/198 1118/199/197 1111/595/569 1114/531/512
f 482/273/269 485/1035/920 484/635/601 481/274/270
f 933/1096/957 932/334/329 926/363/357 927/1097/958
f 592/714/438 595/613/437 594/616/585 591/715/669
f 519/314/309 523/824/759 522/509/490 518/512/493
f 1104/1264/952 1107/1246/1058 1103/495/479 1100/494/109
f 46/59/59 43/58/58 38/52/52 44/56/56
f 712/857/786 715/856/785 717/1138/783 714/975/292
f 1171/1265/518 1174/542/523 1169/1227/1046 1170/1266/951
f 175/176/174 177/202/200 184/196/194 174/167/165
f 704/939/852 703/725/676 701/990/887 702/711/666
f 103/818/754 102/773/722 86/650/614 87/1027/915
f 714/296/292 717/854/783 716/855/784 713/297/293
f 107/696/654 106/742/693 90/1149/993 91/987/885
f 1028/1267/1067 1029/1057/901 1037/869/794 1036/872/797
f 1071/733/684 1075/897/820 1078/1268/858 1074/1068/859
f 196/768/717 195/1028/916 187/212/210 188/211/209
f 669/567/545 673/812/751 672/815/123 671/568/546
f 616/1252/977 619/1038/866 618/342/337 615/345/340
f 416/1008/899 415/981/880 408/980/879 411/1168/1004
f 769/1136/426 774/1162/425 778/747/698 773/598/570
f 1097/534/515 1096/969/875 1093/1170/1006 1094/535/516
f 567/580/279 566/579/555 563/827/761 560/826/634
f 286/663/625 287/1269/981 278/660/623
f 279/922/839 278/660/623 287/1269/981
f 283/1270/1068 282/564/542 280/565/543
f 998/808/747 1003/1204/1030 1002/573/550 997/576/553
f 1038/1058/901 1047/1271/631 1046/1013/904 1042/1014/905
f 1143/469/456 1142/500/484 1136/476/463 1139/470/457
f 959/1215/1036 958/1214/1035 950/1255/1061 953/1254/1060
f 1034/870/795 1041/527/508 1040/530/511 1033/1228/1047
f 299/333/328 294/902/824 300/679/638
f 81/632/519 96/372/364 73/98/98 3/103/3
f 209/229/227 218/228/226 217/905/217 216/1173/220
f 215/221/219 224/220/218 223/483/470 214/708/664
f 670/780/726 669/567/545 666/566/544 667/548/529
f 610/1003/725 611/1251/731 613/1139/986 609/1004/895
f 423/1272/768 426/838/769 422/1273/1069 419/1274/936
f 88/920/837 104/209/207 103/818/754 87/1027/915
f 918/302/298 915/301/297 916/1275/1070 917/731/682
f 1121/1276/518 1124/1233/1051 1120/369/361 1117/368/360
f 936/335/330 942/1277/1071 941/1278/1072 935/336/331
f 1022/365/358 1025/994/889 1024/1279/1073 1021/1022/911
f 1050/1148/992 1055/1280/1074 1054/1281/1075 1049/703/661
f 401/1282/1076 400/1259/619 402/1283/1077
f 396/1258/1064 402/1283/1077 400/1259/619
f 396/1258/1064 397/789/733 402/1283/1077
f 403/1284/1078 402/1283/1077 397/789/733
f 922/1285/1079 919/730/681 920/729/680 921/1286/1080
f 405/1186/1018 399/657/620 401/1287/1076
f 400/656/619 401/1287/1076 399/657/620
f 401/1282/1076 402/1283/1077 406/1288/1081
f 402/1283/1077 403/1284/1078 406/1289/1082
f 403/1284/1078 404/1187/1019 406/1290/1083
f 404/1187/1019 405/1186/1018 406/1291/1084
f 405/1186/1018 401/1287/1076 406/1292/1081
f 730/762/711 729/761/710 737/866/13 728/1293/13
f 300/679/638 305/652/616 304/330/325 299/333/328
f 413/803/742 412/802/741 410/1169/1005
f 71/95/95 68/94/94 63/86/86 69/92/92
f 1091/1026/662 1089/1025/914 1090/1294/1085 1084/1295/425
f 416/1008/899 411/1168/1004 417/1167/1003
f 870/1001/894 874/997/892 873/354/348 869/309/304
f 302/658/621 307/513/494 306/516/497 301/659/622
f 427/948/767 430/839/770 426/838/769 423/1272/768
f 524/737/688 529/410/400 528/702/660 527/1193/757
f 367/561/539 368/666/138 372/668/627 366/562/540
f 909/1100/959 908/1142/988 904/645/611 905/1101/960
f 437/279/275 436/171/169 432/699/657 433/698/656
f 467/830/763 472/888/811 471/890/813 470/972/448
f 494/1221/1029 491/743/694 495/1296/1086
f 491/743/694 492/610/581 495/1297/1087
f 492/610/581 493/609/580 495/1298/1088
f 493/609/580 494/1203/1029 495/1299/1086
f 384/67/67 388/66/66 383/1063/932
f 1069/735/686 1068/734/685 1061/1073/941 1064/1154/997
f 501/1300/1089 500/1301/1090 498/1021/910
f 501/1300/1089 502/1302/1091 500/1301/1090
f 480/303/299 483/634/600 486/1303/921 479/963/867
f 506/1093/956 505/1106/965 496/1019/908 499/1018/907
f 818/1304/1092 817/862/790 812/861/789 813/1159/1001
f 506/1093/956 499/1018/907 507/1091/954
f 504/1305/1093 507/1091/954 503/1306/1094
f 511/1206/578 510/1092/955 507/1091/954 504/1305/1093
f 1096/969/875 1101/968/874 1100/1176/109 1099/1171/109
f 989/883/807 988/22/22 980/1307/1095 983/1308/1096
f 428/700/658 432/699/657 431/1185/856 427/836/767
f 422/1273/1069 426/838/769 425/840/771 421/1006/897
f 285/1132/982 282/564/542 283/1270/1068 284/1133/983
f 520/825/760 523/824/759 519/314/309 516/313/308
f 338/291/287 343/915/834 347/1181/775 342/770/719
f 576/1309/1097 580/1310/1098 579/1311/902
f 503/1306/1094 507/1091/954 500/1301/1090 502/1302/1091
f 578/377/369 579/1011/902 582/558/537
f 579/1312/1099 580/1310/1100 583/1313/1101
f 580/1310/1098 581/559/538 583/1314/1102
f 581/559/538 582/558/537 583/1315/1103
f 582/558/1104 579/1316/1099 583/1317/1101
f 291/444/434 290/428/418 282/564/542 285/1132/982
f 996/575/552 1001/574/551 1005/1318/14 1000/1250/13
f 625/1141/313 623/1140/987 626/1319/1105
f 623/1140/987 624/319/314 626/1320/1106
f 624/319/314 625/318/313 626/1321/1105
f 793/760/709 790/887/810 791/1178/1012 792/896/819
f 777/746/697 781/745/696 780/764/713 776/765/714
f 601/132/130 600/453/443 596/452/442 597/615/584
f 238/247/244 237/248/245 229/482/469 230/481/468
f 370/1177/1007 369/137/135 363/1112/969 364/406/396
f 101/772/721 100/107/105 84/106/104 85/651/615
f 352/1322/922 357/799/413 356/800/739 351/878/803
f 676/127/125 675/813/752 673/812/751 674/128/126
f 677/814/124 675/813/752 678/1323/1107
f 675/813/752 676/127/125 678/1324/1108
f 676/127/125 677/126/124 678/1325/1107
f 701/990/887 703/725/676 705/728/679 700/1202/665
f 486/1036/921 485/1035/920 482/273/269 479/1042/867
f 440/172/170 444/886/809 443/1029/917 439/173/171
f 572/521/502 576/1309/1097 579/1311/902 575/1062/903
f 417/1167/1003 422/1273/1069 421/1006/897 416/1008/899
f 797/1079/945 794/758/707 795/895/818 796/1208/1031
f 724/1123/975 725/47/47 727/1326/1109
f 725/47/47 726/46/46 727/1327/1110
f 726/46/46 724/1328/975 727/1329/1109
f 984/1330/612 990/1055/612 989/883/807 983/1308/1096
f 744/306/302 745/964/868 748/1157/1000
f 749/1219/1040 748/1157/1000 745/964/868
f 505/1106/965 508/604/576 511/607/578 504/1331/1093
f 751/1332/1111 747/792/734 752/1333/108
f 743/791/76 752/1333/108 747/792/734
f 748/1157/1000 749/1219/1040 753/1239/1055
f 754/1218/1039 753/1239/1055 749/1219/1040
f 756/1334/1112 751/1332/1111 757/1335/772
f 752/1333/108 757/1335/772 751/1332/1111
f 757/1240/772 753/1239/1055 758/1336/1113
f 753/1239/1055 754/1218/1039 758/1337/1114
f 754/1218/1039 755/1217/1038 758/1338/1115
f 755/1217/1038 756/1334/1112 758/1339/1116
f 756/1334/1112 757/1335/772 758/1340/1113
f 1170/1266/951 1169/1227/1046 1164/868/793 1166/1190/974
f 73/98/98 96/372/364 95/375/367 68/94/94
f 740/327/322 746/1005/896 745/964/868 739/328/323
f 788/1341/952 783/665/303 784/1342/1117
f 779/664/626 784/1342/1117 783/665/303
f 785/1343/1118 780/764/713 786/1344/1119
f 781/745/696 786/1344/1119 780/764/713
f 787/1345/1120 782/744/695 788/1346/952
f 783/1163/303 788/1346/952 782/744/695
f 788/1341/952 784/1342/1117 789/1347/1121
f 784/1342/1117 785/1343/1118 789/1348/1122
f 785/1343/1118 786/1344/1119 789/1349/1123
f 786/1344/1119 787/1345/1120 789/1350/1124
f 787/1345/1120 788/1346/952 789/1351/1121
f 800/1078/109 809/1352/1125 808/873/798 804/875/800
f 364/406/396 363/1112/969 359/421/411 360/407/397
f 737/553/13 742/790/303 741/793/735 736/554/533
f 1067/1263/937 1070/924/841 1065/1108/966 1060/1107/942
f 811/523/504 806/526/507 812/861/789
f 807/874/799 812/861/789 806/526/507
f 813/1159/1001 808/873/798 814/1353/612
f 809/1352/1125 814/1353/612 808/873/798
f 810/524/505 811/523/504 815/752/703
f 816/863/791 815/752/703 811/523/504
f 946/1151/995 956/810/749 955/842/772 945/1152/996
f 818/1304/1092 813/1159/1001 819/1354/612
f 814/1353/612 819/1354/612 813/1159/1001
f 819/753/612 815/752/703 820/1355/1126
f 815/752/703 816/863/791 820/1356/1127
f 816/863/791 817/862/790 820/1357/1128
f 817/862/790 818/1304/1092 820/1358/1129
f 818/1304/1092 819/1354/612 820/1359/1126
f 822/1360/612 821/1361/612 823/1127/978
f 824/1198/1027 823/1127/978 821/1361/612
f 826/1128/979 825/1199/1028 827/954/861
f 828/955/862 827/954/861 825/1199/1028
f 581/559/538 580/1310/1098 576/1309/1097 577/378/370
f 830/953/860 829/956/863 822/1362/612
f 821/1363/612 822/1362/612 829/956/863
f 835/865/425 822/1360/612 831/602/574
f 823/1127/978 831/602/574 822/1360/612
f 832/603/575 826/1128/979 833/1364/1130
f 827/954/861 833/1364/1130 826/1128/979
f 834/1365/1131 830/953/860 835/1366/425
f 822/1362/612 835/1366/425 830/953/860
f 838/600/572 832/603/575 839/805/744
f 833/1364/1130 839/805/744 832/603/575
f 293/1089/953 298/332/327 302/1367/621 297/1090/432
f 846/1368/13 841/1088/952 847/1369/1132
f 842/1076/944 847/1369/1132 841/1088/952
f 848/1370/1133 843/807/746 849/1371/1134
f 844/806/745 849/1371/1134 843/807/746
f 844/806/745 845/891/814 849/1371/1134
f 850/1372/1135 849/1371/1134 845/891/814
f 850/1372/1135 845/891/814 846/1373/13
f 841/1374/952 846/1373/13 845/891/814
f 846/1368/13 847/1369/1132 851/1375/1136
f 847/1369/1132 848/1370/1133 851/1376/1137
f 848/1370/1133 849/1371/1134 851/1377/1138
f 849/1371/1134 850/1372/1135 851/1378/1139
f 850/1372/1135 846/1373/13 851/1379/1136
f 91/987/885 90/1149/993 43/58/58 48/62/62
f 751/1332/1111 750/1216/1037 746/1005/896 747/792/734
f 1114/531/512 1111/595/569 1112/1380/1140 1113/1381/1141
f 804/875/800 803/759/708 794/758/707 797/1079/945
f 500/1301/1090 507/1091/954 499/1018/907 498/1021/910
f 496/1019/908 505/1106/965 504/1331/1093 503/1382/1094
f 298/332/327 303/331/326 307/785/494 302/1367/621
f 848/1370/1133 847/1369/1132 842/1076/944 843/807/746
f 857/986/884 856/1225/1044 858/984/882
f 859/1383/1142 858/984/882 856/1225/1044
f 746/1005/896 750/1216/1037 749/1219/1040 745/964/868
f 861/1384/1143 860/1385/1144 853/1386/823
f 852/1387/823 853/1386/823 860/1385/1144
f 391/1145/989 390/88/88 386/115/113 387/1146/990
f 785/1343/1118 784/1342/1117 779/664/626 780/764/713
f 418/1388/881 417/1167/1003 412/802/741 407/801/740
f 927/1097/958 926/363/357 919/730/681 922/1285/1079
f 171/195/193 183/194/192 182/192/190 170/163/161
f 865/187/185 864/985/883 858/984/882 861/1384/1143
f 881/1389/612 876/1200/425 877/1390/1145
f 872/355/349 877/1390/1145 876/1200/425
f 872/355/349 873/354/348 877/1390/1145
f 878/1391/1146 877/1390/1145 873/354/348
f 878/1391/1146 873/354/348 879/996/891
f 874/997/892 879/996/891 873/354/348
f 880/995/890 875/998/893 881/1392/612
f 876/1245/425 881/1392/612 875/998/893
f 881/1389/612 877/1390/1145 882/1393/1147
f 877/1390/1145 878/1391/1146 882/1394/1148
f 878/1391/1146 879/996/891 882/1395/1149
f 879/996/891 880/995/890 882/1396/1150
f 880/995/890 881/1392/612 882/1397/1147
f 624/319/314 623/1140/987 620/465/452 621/320/315
f 888/930/845 887/933/848 889/486/473
f 890/852/781 889/486/473 887/933/848
f 892/487/474 891/853/782 884/1398/612
f 883/1399/109 884/1398/612 891/853/782
f 1015/367/76 1018/366/359 1013/1044/924 1008/1210/77
f 510/1092/955 515/315/310 514/934/849 509/935/850
f 912/1143/772 908/1142/988 913/1400/1151
f 908/1142/988 909/1100/959 913/1401/1152
f 909/1100/959 910/880/805 913/1402/1153
f 910/880/805 911/879/804 913/1403/1154
f 911/879/804 912/1000/772 913/1404/1151
f 923/1253/425 914/1405/612 915/301/297
f 916/1275/1070 915/301/297 914/1405/612
f 398/788/732 404/1187/1019 403/1284/1078 397/789/733
f 16/21/21 13/20/20 8/10/10 14/18/18
f 840/892/815 839/805/744 833/1364/1130 834/1365/1131
f 419/1274/936 422/1273/1069 417/1167/1003 418/1388/881
f 923/1406/425 928/1094/425 927/1097/958 922/1285/1079
f 855/1224/1043 854/1223/1042 853/1407/823 852/1408/823
f 937/1135/985 933/1096/957 938/1247/13
f 929/1095/772 938/1247/13 933/1096/957
f 934/898/821 935/336/331 940/899/822
f 941/1278/1072 940/899/822 935/336/331
f 901/629/597 906/628/596 905/1101/960 900/1134/984
f 936/335/330 937/1135/985 942/1277/1071
f 943/1249/1059 942/1277/1071 937/1135/985
f 939/900/823 940/899/822 944/1409/1155
f 940/899/822 941/1278/1072 944/1410/1156
f 941/1278/1072 942/1277/1071 944/1411/1157
f 942/1277/1071 943/1249/1059 944/1412/1158
f 943/1249/1059 939/1248/823 944/1413/1155
f 853/1386/823 866/184/182 865/187/185 861/1384/1143
f 949/1188/1020 948/1189/1021 950/1255/1061
f 951/1256/1062 950/1255/1061 948/1189/1021
f 953/1254/1060 952/1257/1063 945/1414/996
f 954/1415/267 945/1414/996 952/1257/1063
f 898/1033/612 903/999/612 907/627/595 902/630/598
f 965/1416/76 964/841/13 966/401/391
f 960/402/392 966/401/391 964/841/13
f 967/400/390 961/403/393 968/1417/1159
f 962/1213/1034 968/1417/1159 961/403/393
f 382/1260/933 383/1418/932 387/1146/990 381/360/354
f 974/1419/303 965/1416/76 970/1420/1160
f 966/401/391 970/1420/1160 965/1416/76
f 966/401/391 967/400/390 970/1420/1160
f 971/1421/1161 970/1420/1160 967/400/390
f 971/1421/1161 967/400/390 972/1422/1162
f 968/1417/1159 972/1422/1162 967/400/390
f 973/1423/1163 969/1243/1056 974/1424/303
f 965/1242/76 974/1424/303 969/1243/1056
f 974/1419/303 970/1420/1160 975/1425/1164
f 970/1420/1160 971/1421/1161 975/1426/1165
f 971/1421/1161 972/1422/1162 975/1427/1166
f 972/1422/1162 973/1423/1163 975/1428/1167
f 973/1423/1163 974/1424/303 975/1429/1164
f 835/1366/425 836/1430/13 840/892/815 834/1365/1131
f 979/1054/930 978/1431/1168 980/1307/1095
f 981/1432/1169 980/1307/1095 978/1431/1168
f 983/1308/1096 982/1433/1170 984/1330/612
f 985/1434/303 984/1330/612 982/1433/1170
f 1175/1261/1065 1179/1435/1171 1182/1436/1172 1178/1262/1066
f 997/576/553 993/24/24 998/808/747
f 994/23/23 998/808/747 993/24/24
f 1157/1437/465 1156/1156/999 1153/894/817 1150/893/816
f 50/60/60 49/63/63 48/62/62 43/58/58
f 1005/1318/14 1001/574/551 1006/1438/1173
f 1001/574/551 1002/573/550 1006/1439/1174
f 1002/573/550 1003/1204/1030 1006/1440/1175
f 1003/1204/1030 1004/15/15 1006/1441/1176
f 1004/15/15 1005/14/14 1006/1442/1173
f 1075/897/820 1079/1443/1177 1082/1444/1178 1078/1268/858
f 969/1243/1056 968/1417/1159 962/1213/1034 963/1212/1033
f 1116/536/517 1115/370/362 1114/531/512 1113/1381/1141
f 734/1226/1045 733/326/321 732/329/324 731/763/712
f 914/1445/612 923/1406/425 922/1285/1079 921/1286/1080
f 945/1414/996 955/1446/772 959/1215/1036 953/1254/1060
f 861/1384/1143 858/984/882 859/1383/1142 860/1385/1144
f 836/1430/13 841/1374/952 845/891/814 840/892/815
f 886/932/847 885/931/846 884/1117/612 883/1447/109
f 854/1223/1042 862/311/306 866/721/182 853/1407/823
f 1090/1294/1085 1089/1025/914 1088/437/427 1087/440/430
f 409/1448/1179 408/980/879 407/983/740 414/1449/743
f 955/1446/772 964/1241/13 963/1212/1033 959/1215/1036
f 1065/1108/966 1070/924/841 1069/735/686 1064/1154/997
f 1024/1279/1073 1023/1164/1002 1020/1023/912 1021/1022/911
f 1026/1165/425 1023/1164/1002 1027/1450/1180
f 1023/1164/1002 1024/1279/1073 1027/1451/1181
f 1024/1279/1073 1025/994/889 1027/1452/1182
f 1025/994/889 1026/993/425 1027/1453/1180
f 1029/1454/901 1028/1455/1067 1030/1229/1048
f 1031/1230/1049 1030/1229/1048 1028/1455/1067
f 787/1345/1120 786/1344/1119 781/745/696 782/744/695
f 1033/1228/1047 1032/1231/1050 1034/870/795
f 1035/871/796 1034/870/795 1032/1231/1050
f 1094/535/516 1093/1170/1006 1085/438/428 1088/437/427
f 1049/703/661 1044/529/510 1050/1148/992
f 1045/528/509 1050/1148/992 1044/529/510
f 1051/1147/991 1046/1013/904 1052/1456/630
f 1047/1271/631 1052/1456/630 1046/1013/904
f 1057/1457/1183 1052/671/630 1053/1458/1184
f 1048/670/629 1053/1458/1184 1052/671/630
f 1048/670/629 1049/703/661 1053/1458/1184
f 1054/1281/1075 1053/1458/1184 1049/703/661
f 1050/1148/992 1051/1147/991 1055/1280/1074
f 1056/1459/1185 1055/1280/1074 1051/1147/991
f 1056/1459/1185 1051/1147/991 1057/1460/1183
f 1052/1456/630 1057/1460/1183 1051/1147/991
f 1057/1457/1183 1053/1458/1184 1058/1461/1186
f 1053/1458/1184 1054/1281/1075 1058/1462/1187
f 1054/1281/1075 1055/1280/1074 1058/1463/1188
f 1055/1280/1074 1056/1459/1185 1058/1464/1189
f 1056/1459/1185 1057/1460/1183 1058/1465/1186
f 1064/1154/997 1063/1155/998 1065/1108/966
f 1066/1109/967 1065/1108/966 1063/1155/998
f 991/1056/612 1000/13/13 999/16/16 995/809/748
f 497/1020/909 496/1019/908 503/1382/1094 502/1466/1091
f 1177/543/524 1181/1467/1190 1180/1468/1191 1176/544/525
f 1075/897/820 1076/757/706 1079/1443/1177
f 1080/1066/935 1079/1443/1177 1076/757/706
f 1145/860/464 1144/468/455 1140/467/454 1135/796/464
f 1077/756/705 1078/949/858 1081/1065/934
f 1082/1469/1178 1081/1065/934 1078/949/858
f 1082/1444/1178 1079/1443/1177 1083/1470/1192
f 1079/1443/1177 1080/1066/935 1083/1471/1193
f 1080/1066/935 1081/1065/934 1083/1472/1194
f 1081/1065/934 1082/1469/1178 1083/1473/1192
f 1030/1229/1048 1039/1009/900 1038/1010/901 1029/1454/901
f 834/1365/1131 833/1364/1130 827/954/861 830/953/860
f 483/634/600 487/633/599 490/1222/919 486/1303/921
f 397/789/733 396/1258/1064 392/284/280 393/90/90
f 721/723/674 724/1328/975 726/46/46 723/49/49
f 1104/1175/952 1105/1105/964 1108/1474/1195
f 1105/1105/964 1106/1104/963 1108/1475/1196
f 1106/1104/963 1107/1246/1058 1108/1476/1197
f 1107/1246/1058 1104/1264/952 1108/1477/1195
f 1110/597/363 1109/1478/518 1111/595/569
f 1112/1380/1140 1111/595/569 1109/1478/518
f 411/1168/1004 408/980/879 409/1448/1179 410/1169/1005
f 577/378/370 576/1309/1097 572/521/502 573/379/371
f 977/1479/1198 976/1053/929 984/1205/612 985/1480/303
f 35/41/41 34/44/44 33/43/43 28/39/39
f 1017/1024/913 1016/75/75 1009/74/74 1012/1045/925
f 1122/198/196 1123/197/195 1126/1236/1054
f 1127/1235/1053 1126/1236/1054 1123/197/195
f 1124/1233/1051 1121/1276/518 1128/1234/1052
f 1125/1481/974 1128/1234/1052 1121/1276/518
f 1129/1482/1199 1125/1237/974 1130/1483/1200
f 1126/1236/1054 1130/1483/1200 1125/1237/974
f 1126/1236/1054 1127/1235/1053 1130/1483/1200
f 1131/1484/1201 1130/1483/1200 1127/1235/1053
f 1131/1484/1201 1127/1235/1053 1132/1485/1202
f 1128/1234/1052 1132/1485/1202 1127/1235/1053
f 1128/1234/1052 1125/1481/974 1132/1485/1202
f 1129/1486/1199 1132/1485/1202 1125/1481/974
f 1129/1482/1199 1130/1483/1200 1133/1487/1203
f 1130/1483/1200 1131/1484/1201 1133/1488/1204
f 1131/1484/1201 1132/1485/1202 1133/1489/1205
f 1132/1485/1202 1129/1486/1199 1133/1490/1203
f 756/1334/1112 755/1217/1038 750/1216/1037 751/1332/1111
f 1012/1045/925 1009/74/74 1010/1182/1013 1011/1046/926
f 983/1308/1096 980/1307/1095 981/1432/1169 982/1433/1170
f 884/1398/612 897/1032/612 896/484/471 892/487/474
f 805/525/506 810/524/505 814/754/612 809/1220/1125
f 1157/1232/465 1154/1103/962 1158/1491/1206
f 1154/1103/962 1155/1102/961 1158/1492/1207
f 1155/1102/961 1156/1156/999 1158/1493/1208
f 1156/1156/999 1157/1437/465 1158/1494/1206
f 1169/1227/1046 1174/542/523 1173/545/526 1168/957/864
f 682/358/352 679/782/728 680/1015/906 681/359/353
f 1172/1085/950 1173/545/526 1175/1261/1065
f 1176/544/525 1175/1261/1065 1173/545/526
f 1174/542/523 1171/1265/518 1177/543/524
f 1178/1495/1066 1177/543/524 1171/1265/518
f 919/730/681 926/363/357 925/299/295 918/302/298
f 1175/1261/1065 1176/544/525 1179/1435/1171
f 1180/1468/1191 1179/1435/1171 1176/544/525
f 1177/543/524 1178/1495/1066 1181/1467/1190
f 1182/1496/1172 1181/1467/1190 1178/1495/1066
f 1182/1436/1172 1179/1435/1171 1183/1497/1209
f 1179/1435/1171 1180/1468/1191 1183/1498/1210
f 1180/1468/1191 1181/1467/1190 1183/1499/1211
f 1181/1467/1190 1182/1496/1172 1183/1500/1209
f 973/1423/1163 972/1422/1162 968/1417/1159 969/1243/1056
f 950/1255/1061 958/1214/1035 957/811/750 949/1188/1020
f 980/1307/1095 988/22/22 987/25/25 979/1054/930
f 663/881/806 666/566/544 668/569/528 665/882/527
f 347/846/775 352/1322/922 351/878/803 346/847/776
f 383/1144/532 395/655/531 391/1145/989
f 979/1054/930 976/1053/929 977/1479/1198 978/1431/1168
f 312/514/495 313/925/335 317/928/843 311/515/496
