# Blender 5.1.1
# www.blender.org
mtllib pine_trrunk.mtl
o Pine_1.002
v 0.105880 0.210551 -0.120253
v 0.141047 0.010552 -0.075481
v 0.131738 0.010552 -0.048481
v 0.115687 0.010552 -0.023816
v 0.140470 0.010552 -0.102431
v 0.129104 0.010552 -0.126455
v 0.023928 0.209648 -0.169819
v 0.082128 0.010552 -0.157997
v 0.108501 0.010552 -0.145251
v 0.054269 0.010552 -0.165758
v 0.028729 0.010552 -0.171233
v -0.038335 0.208727 -0.221127
v -0.008431 0.010552 -0.188827
v 0.007766 0.010552 -0.177901
v -0.021549 0.010552 -0.205550
v -0.034360 0.010552 -0.227402
v -0.118648 0.207800 -0.272188
v -0.068995 0.010552 -0.273642
v -0.049611 0.010552 -0.251533
v -0.092550 0.010552 -0.289204
v -0.118688 0.010552 -0.294812
v -0.198961 0.208631 -0.221127
v -0.168381 0.010552 -0.273642
v -0.144826 0.010552 -0.289204
v -0.187765 0.010552 -0.251533
v -0.203016 0.010552 -0.227402
v -0.261225 0.209477 -0.169818
v -0.228945 0.010552 -0.188827
v -0.215827 0.010552 -0.205550
v -0.245142 0.010552 -0.177901
v -0.266105 0.010552 -0.171233
v -0.343179 0.210282 -0.120252
v -0.319504 0.010552 -0.157997
v -0.291645 0.010552 -0.165758
v -0.345877 0.010552 -0.145251
v -0.366480 0.010552 -0.126455
v -0.338230 0.211887 -0.027263
v -0.378424 0.010552 -0.075481
v -0.377846 0.010552 -0.102431
v -0.369114 0.010552 -0.048481
v -0.353063 0.010552 -0.023816
v -0.299853 0.213202 0.047783
v -0.318695 0.010552 0.015968
v -0.334754 0.010552 -0.002535
v -0.308095 0.010552 0.033640
v -0.303964 0.010552 0.052928
v -0.286608 0.214810 0.140669
v -0.307623 0.010552 0.102426
v -0.304899 0.010552 0.075716
v -0.308080 0.010552 0.131614
v -0.302726 0.010552 0.160222
v -0.206398 0.215614 0.184545
v -0.268854 0.010552 0.200924
v -0.289605 0.010552 0.184448
v -0.242516 0.010552 0.207850
v -0.213742 0.010552 0.205665
v -0.118651 0.215363 0.166908
v -0.160443 0.010552 0.186101
v -0.185681 0.010552 0.197032
v -0.138495 0.010552 0.177289
v -0.118688 0.010552 0.173938
v -0.030905 0.215719 0.184545
v -0.076933 0.010552 0.186101
v -0.098881 0.010552 0.177289
v -0.051695 0.010552 0.197032
v -0.023634 0.010552 0.205665
v 0.049306 0.215011 0.140669
v 0.031478 0.010552 0.200924
v 0.005140 0.010552 0.207850
v 0.052229 0.010552 0.184448
v 0.065350 0.010552 0.160222
v 0.062552 0.213419 0.047782
v 0.070247 0.010552 0.102426
v 0.070704 0.010552 0.131614
v 0.067523 0.010552 0.075716
v 0.066588 0.010552 0.052928
v 0.100931 0.212150 -0.027264
v 0.081319 0.010552 0.015968
v 0.070719 0.010552 0.033640
v 0.097378 0.010552 -0.002535
v 0.082599 0.417780 -0.033967
v 0.079919 0.414659 -0.115847
v 0.016503 0.413033 -0.168287
v -0.043331 0.411647 -0.213888
v -0.117899 0.410749 -0.249094
v -0.192467 0.412548 -0.213921
v -0.252300 0.414656 -0.168346
v -0.315715 0.417047 -0.115934
v -0.318393 0.420201 -0.034055
v -0.290548 0.422771 0.037415
v -0.267038 0.425601 0.114993
v -0.196780 0.426759 0.156282
v -0.117894 0.426103 0.151611
v -0.039009 0.425807 0.156317
v 0.031248 0.423801 0.115058
v 0.054756 0.420687 0.037491
v 0.061373 0.625322 -0.117145
v 0.009769 0.623107 -0.169552
v -0.046991 0.621481 -0.210732
v -0.116269 0.620706 -0.236393
v -0.185543 0.622455 -0.210767
v -0.242295 0.624879 -0.169615
v -0.293889 0.627819 -0.117235
v -0.300570 0.631481 -0.043747
v -0.279191 0.634647 0.023673
v -0.250873 0.637747 0.090740
v -0.188031 0.639207 0.129406
v -0.116235 0.638820 0.131809
v -0.044440 0.638198 0.129443
v 0.018395 0.635855 0.090809
v 0.046701 0.632357 0.023756
v 0.068068 0.628890 -0.043654
v 0.050917 0.891517 -0.128273
v 0.004885 0.888454 -0.179754
v -0.049699 0.886159 -0.218452
v -0.115710 0.884902 -0.239852
v -0.181718 0.886204 -0.218443
v -0.236296 0.888536 -0.179738
v -0.282319 0.891630 -0.128252
v -0.290487 0.895752 -0.059359
v -0.272045 0.899611 0.005289
v -0.242287 0.903292 0.067015
v -0.183452 0.905481 0.103955
v -0.115681 0.905766 0.109109
v -0.047911 0.905435 0.103946
v 0.010918 0.903206 0.066999
v 0.040666 0.899505 0.005269
v 0.059097 0.895633 -0.059381
v 0.036131 1.121882 -0.140595
v -0.003730 1.117385 -0.189938
v -0.055037 1.114068 -0.225402
v -0.116504 1.112341 -0.242387
v -0.177969 1.113610 -0.225351
v -0.229269 1.116545 -0.189845
v -0.269121 1.120744 -0.140469
v -0.278451 1.126257 -0.077488
v -0.263123 1.131644 -0.016989
v -0.232757 1.136631 0.038322
v -0.178970 1.139867 0.072762
v -0.116476 1.140765 0.080287
v -0.053984 1.140333 0.072710
v -0.000203 1.137497 0.038226
v 0.030154 1.132737 -0.017111
v 0.045471 1.127464 -0.077623
v 0.034849 1.360615 -0.101918
v 0.025128 1.354325 -0.159899
v -0.010260 1.349465 -0.206738
v -0.058371 1.346253 -0.239508
v -0.115673 1.345157 -0.253686
v -0.172972 1.347164 -0.239602
v -0.221080 1.351142 -0.206911
v -0.256463 1.356564 -0.160130
v -0.266178 1.363008 -0.102165
v -0.252978 1.369113 -0.045614
v -0.223106 1.374396 0.004679
v -0.173554 1.377532 0.036857
v -0.115657 1.378021 0.045551
v -0.057760 1.376611 0.036951
v -0.008211 1.372687 0.004856
v 0.021655 1.366929 -0.045389
v 0.020858 1.647872 -0.189825
v -0.012162 1.643201 -0.234931
v -0.058216 1.640259 -0.266108
v -0.112920 1.639491 -0.278935
v -0.167622 1.641596 -0.266251
v -0.213671 1.645663 -0.235194
v -0.246685 1.651141 -0.190174
v -0.256397 1.657461 -0.135120
v -0.244264 1.663403 -0.081031
v -0.215070 1.668391 -0.033533
v -0.168017 1.671273 -0.002766
v -0.112899 1.671608 0.006259
v -0.057782 1.669926 -0.002623
v -0.010734 1.665893 -0.033267
v 0.018454 1.660192 -0.080689
v 0.030578 1.653954 -0.134747
v -0.017629 1.899345 -0.258334
v -0.111770 1.894425 -0.298401
v -0.205905 1.899237 -0.258303
v -0.245462 1.910559 -0.164845
v -0.206697 1.922024 -0.070595
v -0.111745 1.926652 -0.032942
v -0.016801 1.922134 -0.070627
v 0.021946 1.910713 -0.164889
v 0.010724 2.170106 -0.201921
v -0.026004 2.156311 -0.288731
v -0.113896 2.149852 -0.325372
v -0.201792 2.154801 -0.288506
v -0.238529 2.167965 -0.201601
v -0.202260 2.181827 -0.114335
v -0.113908 2.188079 -0.079058
v -0.025553 2.183345 -0.114562
v -0.030470 2.417341 -0.327919
v -0.114392 2.411511 -0.362750
v -0.198328 2.417839 -0.328039
v -0.233329 2.432396 -0.245388
v -0.198672 2.446800 -0.162380
v -0.114437 2.452468 -0.128473
v -0.030188 2.446301 -0.162260
v 0.004500 2.431691 -0.245219
v 0.001466 2.766662 -0.295229
v -0.031007 2.756809 -0.372867
v -0.109211 2.753847 -0.405518
v -0.187457 2.759608 -0.373347
v -0.220032 2.770624 -0.295908
v -0.187733 2.780503 -0.218098
v -0.109356 2.783392 -0.185963
v -0.030937 2.777699 -0.217617
v -0.034597 3.045996 -0.398382
v -0.107392 3.042845 -0.428631
v -0.180257 3.045572 -0.398508
v -0.210573 3.052541 -0.326047
v -0.180517 3.059694 -0.253439
v -0.107627 3.062817 -0.223473
v -0.034669 3.060118 -0.253314
v -0.004446 3.053139 -0.325869
v -0.012878 3.408002 -0.360900
v -0.041571 3.400808 -0.429932
v -0.110897 3.396856 -0.458607
v -0.180292 3.398485 -0.429871
v -0.209149 3.404715 -0.360813
v -0.180519 3.411913 -0.291718
v -0.111129 3.415849 -0.263230
v -0.041672 3.414239 -0.291780
v -0.021987 3.710867 -0.391399
v -0.048601 3.704544 -0.455505
v -0.112953 3.702045 -0.482192
v -0.177370 3.704849 -0.455693
v -0.204140 3.711299 -0.391665
v -0.177560 3.717625 -0.327526
v -0.113175 3.720114 -0.300937
v -0.048725 3.717320 -0.327338
v -0.046626 4.016132 -0.473096
v -0.106184 4.016386 -0.497993
v -0.165843 4.019253 -0.473502
v -0.190666 4.023051 -0.414040
v -0.166101 4.025556 -0.354393
v -0.106525 4.025300 -0.329548
v -0.046850 4.022435 -0.353987
v -0.022044 4.018637 -0.413466
v -0.102068 4.404173 -0.505329
v -0.182318 4.406325 -0.425547
v -0.102526 4.406958 -0.345303
v -0.022276 4.404806 -0.425063
v -0.107713 4.735272 -0.503369
v -0.181719 4.734600 -0.429764
v -0.108169 4.737875 -0.355783
v -0.034163 4.738547 -0.429378
v -0.044398 5.071697 -0.440173
v -0.112038 5.069456 -0.508251
v -0.180151 5.071894 -0.440652
v -0.112511 5.074135 -0.372579
v -0.103574 5.486015 -0.507125
v -0.167874 5.488404 -0.443304
v -0.104081 5.486552 -0.378962
v -0.039781 5.484164 -0.442780
v -0.036144 5.840795 -0.426568
v -0.094389 5.845461 -0.485382
v -0.153378 5.842390 -0.427206
v -0.095132 5.837724 -0.368393
v -0.063216 6.205199 -0.402578
v -0.116027 6.203313 -0.456602
v -0.169644 6.195524 -0.403916
v -0.116833 6.197410 -0.349893
v -0.157769 6.643563 -0.437586
v -0.208140 6.637006 -0.388130
v -0.158843 6.641255 -0.337358
v -0.108472 6.647812 -0.386813
v -0.141665 7.024081 -0.373581
v -0.186618 7.024174 -0.419404
v -0.232315 7.019315 -0.374585
v -0.187361 7.019222 -0.328762
v -0.184962 7.061757 -0.379785
v -0.200572 7.062837 -0.395565
v -0.216298 7.059400 -0.380244
v -0.200688 7.058320 -0.364464
v -0.201091 7.068368 -0.379097
v -0.030696 1.850360 -0.233160
v -0.073509 1.752113 -0.233349
v -0.072713 1.749310 -0.209843
v -0.159088 1.749641 -0.205101
v -0.157365 1.752161 -0.229246
v -0.198388 1.850756 -0.224697
v -0.200084 1.871013 -0.186242
v -0.158547 1.965535 -0.227543
v -0.157763 1.934052 -0.256117
v -0.073906 1.933730 -0.260123
v -0.072168 1.964715 -0.232132
v -0.027367 1.869816 -0.196193
v -0.074524 1.744048 -0.260157
v -0.156173 1.743731 -0.256737
v -0.196878 1.830375 -0.261316
v -0.157404 1.907159 -0.290574
v -0.075753 1.907300 -0.293920
v -0.033590 1.830818 -0.268317
v -0.035813 1.813774 -0.298088
v -0.075351 1.735041 -0.283635
v -0.155322 1.734392 -0.280806
v -0.195746 1.812600 -0.292331
v -0.157194 1.884579 -0.321041
v -0.077222 1.885114 -0.323813
v -0.037921 1.795014 -0.329918
v -0.076169 1.723680 -0.309288
v -0.154571 1.722658 -0.307100
v -0.194719 1.793036 -0.325492
v -0.157050 1.860375 -0.354545
v -0.078648 1.861336 -0.356691
v -0.040276 1.767479 -0.374664
v -0.077139 1.704657 -0.346227
v -0.153846 1.703075 -0.344953
v -0.193690 1.764327 -0.372112
v -0.157005 1.825914 -0.403138
v -0.080297 1.827485 -0.404391
v -0.077783 1.679059 -0.387245
v -0.153702 1.676813 -0.386973
v -0.193428 1.731137 -0.422178
v -0.157236 1.787709 -0.457655
v -0.081317 1.789955 -0.457927
v -0.041591 1.735630 -0.422722
v -0.075941 1.574068 -0.593402
v -0.149441 1.571993 -0.592831
v -0.188033 1.629001 -0.618670
v -0.153124 1.688084 -0.645080
v -0.079624 1.690159 -0.645651
v -0.041033 1.633151 -0.619811
v -0.085236 1.501554 -0.784170
v -0.156169 1.501501 -0.778879
v -0.193245 1.559368 -0.797221
v -0.159386 1.617288 -0.820853
v -0.088452 1.617341 -0.826144
v -0.051377 1.559474 -0.807802
v -0.102547 1.434222 -0.968379
v -0.171012 1.434627 -0.962137
v -0.206875 1.490332 -0.980502
v -0.174274 1.545633 -1.005109
v -0.105809 1.545228 -1.011351
v -0.069946 1.489523 -0.992986
v -0.103743 1.384317 -1.107310
v -0.169134 1.380736 -1.111242
v -0.203661 1.432649 -1.131670
v -0.172796 1.488142 -1.148166
v -0.107405 1.491724 -1.144233
v -0.072878 1.439811 -1.123805
v -0.087128 1.347021 -1.264794
v -0.149524 1.342139 -1.274101
v -0.183765 1.393825 -1.286743
v -0.155610 1.450392 -1.290079
v -0.093214 1.455274 -1.280772
v -0.058974 1.403588 -1.268130
v -0.074350 1.344827 -1.388745
v -0.134991 1.340213 -1.392963
v -0.169396 1.390531 -1.393921
v -0.143160 1.445463 -1.390662
v -0.082518 1.450077 -1.386444
v -0.048113 1.399759 -1.385486
v -0.076389 1.348616 -1.489676
v -0.134825 1.344150 -1.486873
v -0.167914 1.392583 -1.485464
v -0.142568 1.445480 -1.486859
v -0.084132 1.449946 -1.489662
v -0.051042 1.401514 -1.491071
v -0.052773 1.394481 -1.582354
v -0.076836 1.343731 -1.577157
v -0.132996 1.338817 -1.579066
v -0.165091 1.384654 -1.586172
v -0.141028 1.435404 -1.591369
v -0.084869 1.440318 -1.589460
v -0.060510 1.341900 -1.643602
v -0.109702 1.335543 -1.663432
v -0.139969 1.378273 -1.673992
v -0.121045 1.427359 -1.664724
v -0.071853 1.433715 -1.644895
v -0.041585 1.390986 -1.634334
v -0.018480 1.402135 -1.699148
v -0.031010 1.357615 -1.721120
v -0.077134 1.351734 -1.742563
v -0.110728 1.390373 -1.742034
v -0.098198 1.434893 -1.720061
v -0.052074 1.440774 -1.698618
v -0.017244 1.382627 -1.774938
v -0.063788 1.373316 -1.787156
v -0.098529 1.406830 -1.778661
v -0.086727 1.449654 -1.757948
v -0.040183 1.458965 -1.745729
v -0.005441 1.425452 -1.754225
v -0.013739 1.394019 -1.808843
v -0.058603 1.384155 -1.818039
v -0.090705 1.418266 -1.817342
v -0.077942 1.462243 -1.807449
v -0.033078 1.472107 -1.798253
v -0.000976 1.437995 -1.798950
v -0.004201 1.398370 -1.831708
v -0.041288 1.389322 -1.854973
v -0.067414 1.422672 -1.869248
v -0.056453 1.465070 -1.860258
v -0.019366 1.474118 -1.836993
v 0.006760 1.440768 -1.822718
v 0.011138 1.443411 -1.826957
v 0.018210 1.409628 -1.850695
v -0.000422 1.405997 -1.888037
v -0.026125 1.436147 -1.901641
v -0.033197 1.469929 -1.877903
v -0.014565 1.473561 -1.840560
v 0.012065 1.456633 -1.877541
v -0.190186 2.152709 -0.168794
v -0.182685 2.143762 -0.111773
v -0.129210 2.054149 -0.093364
v -0.133408 2.046034 -0.129832
v -0.047144 2.085385 -0.158699
v -0.045071 2.087252 -0.111941
v -0.044760 2.193449 -0.119768
v -0.047259 2.209111 -0.174096
v -0.134090 2.245627 -0.160716
v -0.128971 2.225660 -0.109208
v -0.124651 2.053375 -0.050176
v -0.042625 2.083299 -0.063451
v -0.041960 2.180317 -0.065679
v -0.123734 2.210160 -0.055706
v -0.175761 2.134245 -0.057564
v -0.170591 2.126472 -0.015355
v -0.121063 2.050989 -0.015088
v -0.040490 2.078961 -0.025030
v -0.039550 2.170277 -0.023153
v -0.119641 2.198621 -0.013243
v -0.163063 2.113711 0.050175
v -0.115512 2.044576 0.041304
v -0.036703 2.070263 0.035463
v -0.035331 2.154803 0.043403
v -0.113324 2.181325 0.053768
v -0.109240 2.032108 0.109606
v -0.031272 2.056470 0.106684
v -0.029380 2.136894 0.121155
v -0.106178 2.162237 0.133021
v -0.155534 2.097476 0.125883
v -0.078294 2.007496 0.357567
v -0.004566 2.031520 0.348392
v -0.003847 2.109469 0.352922
v -0.077130 2.133621 0.364898
v -0.123141 2.070597 0.367769
v -0.039470 2.007980 0.564811
v 0.029687 2.031048 0.549596
v 0.029292 2.105505 0.548048
v -0.040108 2.128453 0.562307
v -0.082605 2.068179 0.572667
v -0.038897 2.075373 0.741303
v 0.002228 2.018085 0.733925
v 0.067223 2.039946 0.715887
v 0.066268 2.110745 0.712117
v 0.000681 2.132641 0.727826
v -0.001740 2.084646 0.877863
v 0.037745 2.030282 0.872765
v 0.099764 2.051039 0.856539
v 0.098609 2.118232 0.851608
v 0.035876 2.139002 0.864788
v 0.021691 2.097071 0.987977
v 0.060241 2.046138 0.989881
v 0.119891 2.066085 0.978567
v 0.118206 2.129345 0.969670
v 0.057515 2.148496 0.975485
v 0.068721 2.071625 1.089381
v 0.125503 2.091071 1.081972
v 0.123311 2.148882 1.064359
v 0.065173 2.165166 1.060882
v 0.031435 2.117419 1.076346
v 0.068537 2.110052 1.169496
v 0.122196 2.127759 1.161333
v 0.120317 2.177216 1.132872
v 0.065497 2.190074 1.123445
v 0.033495 2.148565 1.146080
v 0.037127 2.190398 1.201808
v 0.069248 2.159422 1.229338
v 0.118892 2.170240 1.215559
v 0.117659 2.208874 1.178589
v 0.066394 2.221480 1.170710
v 0.082513 2.234488 1.282977
v 0.113206 2.226697 1.264492
v 0.115230 2.245772 1.225863
v 0.077477 2.261703 1.233965
v 0.064636 2.251182 1.267584
v 0.090753 2.269242 1.302476
v 0.107949 2.259429 1.291035
v 0.110601 2.273531 1.269864
v 0.088318 2.282667 1.280091
v 0.085222 2.277589 1.298530
v 0.092757 2.278575 1.306572
v 0.100307 2.276775 1.304715
v 0.101248 2.284238 1.299147
v 0.092669 2.285525 1.301399
v -0.065821 2.122786 -0.264741
v -0.147832 2.008776 -0.264560
v -0.127035 2.001472 -0.239096
v -0.188115 2.052205 -0.176045
v -0.211015 2.051249 -0.207581
v -0.212638 2.166727 -0.220545
v -0.186887 2.188976 -0.188282
v -0.130083 2.221990 -0.265017
v -0.153351 2.195174 -0.289054
v -0.097617 2.107147 -0.298040
v -0.127233 2.091800 -0.329219
v -0.170810 2.005051 -0.291456
v -0.234383 2.043251 -0.238402
v -0.238630 2.147509 -0.253184
v -0.179610 2.173445 -0.317718
v -0.190849 1.999716 -0.314775
v -0.254613 2.034967 -0.264621
v -0.261097 2.131407 -0.281185
v -0.202640 2.155558 -0.343157
v -0.152159 2.078490 -0.355709
v -0.212700 1.992274 -0.340137
v -0.276653 2.024875 -0.292724
v -0.285557 2.114216 -0.311394
v -0.227872 2.136713 -0.371276
v -0.178675 2.063899 -0.384198
v -0.215695 2.042583 -0.424682
v -0.244119 1.978735 -0.376549
v -0.308453 2.008455 -0.332316
v -0.320833 2.089925 -0.354311
v -0.264383 2.110520 -0.412421
v -0.278975 1.958971 -0.416939
v -0.344116 1.986961 -0.374931
v -0.360392 2.063383 -0.401130
v -0.305310 2.082623 -0.459332
v -0.254991 2.018093 -0.469102
v -0.405599 1.937385 -0.635887
v -0.430609 1.879704 -0.588240
v -0.491765 1.907206 -0.546689
v -0.504552 1.981884 -0.568656
v -0.451298 2.000536 -0.623784
v -0.531676 1.878510 -0.780198
v -0.558132 1.822140 -0.737682
v -0.617425 1.848014 -0.698954
v -0.627614 1.920374 -0.717535
v -0.574618 1.939221 -0.767747
v -0.641710 1.834176 -0.925079
v -0.671175 1.778545 -0.890234
v -0.729949 1.802254 -0.856166
v -0.736809 1.872539 -0.869956
v -0.682274 1.892268 -0.912546
v -0.746864 1.764802 -1.017086
v -0.803550 1.786532 -0.987759
v -0.804056 1.853884 -0.990745
v -0.747682 1.873780 -1.021918
v -0.712336 1.818724 -1.038197
v -0.779317 1.820542 -1.157651
v -0.816072 1.769583 -1.145107
v -0.868905 1.790145 -1.115258
v -0.864802 1.853811 -1.109354
v -0.809434 1.872597 -1.135554
v -0.863569 1.789100 -1.230219
v -0.911514 1.807897 -1.197966
v -0.904707 1.867290 -1.187085
v -0.852555 1.885200 -1.212614
v -0.827131 1.836876 -1.239272
v -0.903277 1.808406 -1.293961
v -0.947628 1.825849 -1.261787
v -0.941050 1.882025 -1.251419
v -0.892634 1.899300 -1.277184
v -0.869288 1.853801 -1.303477
v -0.904187 1.865724 -1.358536
v -0.935893 1.822683 -1.349101
v -0.980093 1.839875 -1.322686
v -0.975703 1.893542 -1.315796
v -0.928790 1.909518 -1.337952
v -0.950034 1.831588 -1.390108
v -0.995734 1.848883 -1.379180
v -0.992509 1.898506 -1.373336
v -0.944816 1.911880 -1.380651
v -0.918565 1.870522 -1.391017
v -0.955153 1.842548 -1.436235
v -0.998567 1.860444 -1.435427
v -0.995357 1.905782 -1.423603
v -0.949960 1.915907 -1.417102
v -0.925112 1.876826 -1.424909
v -0.923606 1.885279 -1.447074
v -0.949887 1.857032 -1.468041
v -0.989981 1.874812 -1.470156
v -0.988480 1.914047 -1.450496
v -0.947458 1.920516 -1.436230
v -0.944210 1.872375 -1.489614
v -0.981975 1.888093 -1.490150
v -0.981763 1.922271 -1.467671
v -0.943867 1.927677 -1.453242
v -0.920658 1.896839 -1.466804
v -0.918790 1.906890 -1.483798
v -0.941471 1.882344 -1.501802
v -0.976363 1.897254 -1.502907
v -0.975248 1.931015 -1.485586
v -0.939665 1.936970 -1.473776
v -0.919711 1.909768 -1.490483
v -0.967276 1.900868 -1.517052
v -0.962341 1.934581 -1.515273
v -0.932944 1.940081 -1.498853
v -0.939597 1.916919 -1.518004
v -0.147055 2.595751 -0.355268
v -0.214389 2.588928 -0.329895
v -0.178863 2.520512 -0.231797
v -0.116694 2.511009 -0.249664
v -0.144958 2.663160 -0.245122
v -0.200927 2.651402 -0.228071
v -0.238011 2.522571 -0.213989
v -0.254407 2.643398 -0.211638
v -0.273520 2.583687 -0.308055
v -0.340435 2.578239 -0.283973
v -0.306157 2.522840 -0.193045
v -0.316127 2.635671 -0.192431
v -0.401257 2.519744 -0.162877
v -0.402479 2.628035 -0.164906
v -0.432176 2.571884 -0.252642
v -0.658883 2.581654 -0.158809
v -0.626411 2.533059 -0.076705
v -0.620359 2.633546 -0.081478
v -0.791584 2.547552 -0.002994
v -0.788415 2.640826 -0.006310
v -0.824035 2.592738 -0.078002
v -0.943352 2.599684 -0.028894
v -0.925888 2.558280 0.044591
v -0.920432 2.644175 0.041209
v -1.036836 2.582649 0.062778
v -1.012948 2.657726 0.056536
v -1.032424 2.616934 -0.008294
v -1.099922 2.651343 0.004679
v -1.108192 2.621559 0.069802
v -1.067766 2.680745 0.062107
v -1.142191 2.649627 0.079921
v -1.107874 2.704835 0.073670
v -1.146624 2.684797 0.025075
v -1.164092 2.662493 0.086858
v -1.151027 2.719615 0.090213
v -1.171121 2.697011 0.039911
v -1.193096 2.670035 0.082834
v -1.188067 2.721620 0.089556
v -1.216202 2.684337 0.060592
v -1.199970 2.723698 0.078076
v -1.174477 2.699459 0.048393
v -1.205056 2.707328 0.053059
v -0.107592 2.407026 -0.161999
v -0.019726 2.309625 -0.211662
v -0.060731 2.293927 -0.216631
v -0.075545 2.396812 -0.308585
v -0.020496 2.393947 -0.294995
v -0.020710 2.481244 -0.229008
v -0.064648 2.494798 -0.238946
v -0.050705 2.404972 -0.153668
v 0.026726 2.316176 -0.204147
v 0.032127 2.391176 -0.282367
v 0.027655 2.472428 -0.218861
v 0.003632 2.402300 -0.145481
v 0.064214 2.319570 -0.197797
v 0.073210 2.388941 -0.272785
v 0.066508 2.466414 -0.210872
v 0.045973 2.400062 -0.138882
v 0.124186 2.322294 -0.187258
v 0.137200 2.385286 -0.258464
v 0.128470 2.458365 -0.198385
v 0.111738 2.396346 -0.128145
v 0.187746 2.391594 -0.114600
v 0.196454 2.320753 -0.173925
v 0.211580 2.380630 -0.243204
v 0.202873 2.451470 -0.183879
v 0.434624 2.328523 -0.132218
v 0.442074 2.384936 -0.198844
v 0.428923 2.451766 -0.143729
v 0.421472 2.395353 -0.077103
v 0.611940 2.415354 -0.054657
v 0.626756 2.352667 -0.106207
v 0.626297 2.405004 -0.169983
v 0.611480 2.467691 -0.118433
v 0.778422 2.382168 -0.095147
v 0.771793 2.430284 -0.155492
v 0.758443 2.489224 -0.107030
v 0.765071 2.441108 -0.046684
v 0.895926 2.408344 -0.094003
v 0.886765 2.452852 -0.150504
v 0.876648 2.508447 -0.105071
v 0.885808 2.463939 -0.048569
v 0.978458 2.479867 -0.053447
v 0.986217 2.427700 -0.095789
v 0.978676 2.469377 -0.148519
v 0.970918 2.521544 -0.106177
v 1.055968 2.441626 -0.095075
v 1.052616 2.480792 -0.144110
v 1.043867 2.529126 -0.104907
v 1.047218 2.489960 -0.055871
v 1.096786 2.497695 -0.054298
v 1.110352 2.453738 -0.089864
v 1.110600 2.490359 -0.135031
v 1.097035 2.534316 -0.099465
v 1.152267 2.467079 -0.081473
v 1.152739 2.500736 -0.123113
v 1.133002 2.539555 -0.091960
v 1.132531 2.505897 -0.050320
v 1.159597 2.515658 -0.046347
v 1.182751 2.481980 -0.073443
v 1.179911 2.511468 -0.112519
v 1.156757 2.545146 -0.085423
v 1.183153 2.526932 -0.044131
v 1.204024 2.496145 -0.068797
v 1.197007 2.520708 -0.105392
v 1.176136 2.551494 -0.080726
v 1.215352 2.505488 -0.068951
v 1.208142 2.526555 -0.100872
v 1.199832 2.557400 -0.078639
v 1.207041 2.536332 -0.046717
v 1.220228 2.536863 -0.073244
v -0.045273 2.477803 -0.288565
v -0.056338 2.470113 -0.343621
v -0.129248 2.381373 -0.334168
v -0.122739 2.369239 -0.286291
v -0.190526 2.479779 -0.260818
v -0.196498 2.472702 -0.318594
v -0.129061 2.549833 -0.355462
v -0.123335 2.566547 -0.314562
v -0.066503 2.462738 -0.396212
v -0.136390 2.384082 -0.384190
v -0.202284 2.465654 -0.373744
v -0.135710 2.537284 -0.402360
v -0.142077 2.384416 -0.423928
v -0.206976 2.460062 -0.416719
v -0.141088 2.528262 -0.440330
v -0.074136 2.456969 -0.437257
v -0.151026 2.382311 -0.486677
v -0.214691 2.451187 -0.483474
v -0.149694 2.515435 -0.501278
v -0.085368 2.447961 -0.501169
v -0.161493 2.375080 -0.560937
v -0.224625 2.440523 -0.560645
v -0.160050 2.502883 -0.575125
v -0.096917 2.437440 -0.575416
v -0.183379 2.367335 -0.803168
v -0.242269 2.428984 -0.798597
v -0.180723 2.488046 -0.802258
v -0.121834 2.426396 -0.806829
v -0.195059 2.387109 -0.996397
v -0.249719 2.444197 -0.984578
v -0.191600 2.498829 -0.979680
v -0.136940 2.441741 -0.991497
v -0.152770 2.473775 -1.135571
v -0.207276 2.423600 -1.143843
v -0.257492 2.474794 -1.123489
v -0.202986 2.524969 -1.115217
v -0.175155 2.509749 -1.245216
v -0.225473 2.462469 -1.250748
v -0.270773 2.507555 -1.224044
v -0.220455 2.554835 -1.218512
v -0.202762 2.537693 -1.326561
v -0.247565 2.491887 -1.325171
v -0.288530 2.532791 -1.297671
v -0.243726 2.578596 -1.299061
v -0.228472 2.551547 -1.384834
v -0.267117 2.507758 -1.376365
v -0.306350 2.546464 -1.355263
v -0.267704 2.590253 -1.363732
v -0.279097 2.513146 -1.412611
v -0.318861 2.548764 -1.404173
v -0.284911 2.589308 -1.415332
v -0.245148 2.553690 -1.423770
v -0.282491 2.513381 -1.440008
v -0.320972 2.543347 -1.446391
v -0.290344 2.581251 -1.453084
v -0.251863 2.551284 -1.446701
v -0.278241 2.512374 -1.463821
v -0.311328 2.536799 -1.480685
v -0.286037 2.573218 -1.477562
v -0.252949 2.548793 -1.460698
v -0.250758 2.547642 -1.472701
v -0.266337 2.515369 -1.486282
v -0.293575 2.535881 -1.503776
v -0.277996 2.568153 -1.490196
v -0.265184 2.541241 -1.499839
v -0.097034 1.682229 -0.618749
v -0.048418 1.689290 -0.543045
v -0.085816 1.698385 -0.543236
v -0.092655 1.658534 -0.518767
v -0.054891 1.651864 -0.519933
v -0.059654 1.607302 -0.550818
v -0.111824 1.603195 -0.568612
v -0.097219 1.597733 -0.621150
v -0.047604 1.604010 -0.596463
v -0.040009 1.641096 -0.619977
v -0.087460 1.636697 -0.646670
v -0.046278 1.681899 -0.597501
v -0.004072 1.682581 -0.578985
v -0.013500 1.686691 -0.533977
v -0.019732 1.650934 -0.511804
v -0.016710 1.611167 -0.534459
v -0.003330 1.608687 -0.575959
v 0.003350 1.644310 -0.598290
v 0.041520 1.687643 -0.512890
v 0.035433 1.653161 -0.491455
v 0.047355 1.617030 -0.506878
v 0.065362 1.615380 -0.543735
v 0.071449 1.649862 -0.565170
v 0.059527 1.685993 -0.549747
v 0.158675 1.710760 -0.458886
v 0.156716 1.678510 -0.436516
v 0.171460 1.644543 -0.449675
v 0.188164 1.642826 -0.485205
v 0.190123 1.675076 -0.507575
v 0.175379 1.709043 -0.494416
v 0.291082 1.747510 -0.447942
v 0.277136 1.749778 -0.413140
v 0.279441 1.720262 -0.390024
v 0.295692 1.688479 -0.401710
v 0.309639 1.686211 -0.436512
v 0.307334 1.715727 -0.459628
v 0.369977 1.779454 -0.425763
v 0.361499 1.783368 -0.392039
v 0.368273 1.757730 -0.369205
v 0.383524 1.728179 -0.380096
v 0.392002 1.724265 -0.413820
v 0.385229 1.749902 -0.436654
v 0.459352 1.816091 -0.409071
v 0.453638 1.820821 -0.376601
v 0.461010 1.796814 -0.354723
v 0.474097 1.768075 -0.365316
v 0.479811 1.763344 -0.397786
v 0.472439 1.787352 -0.419664
v 0.527795 1.840819 -0.400406
v 0.522777 1.845520 -0.369521
v 0.529016 1.822446 -0.348787
v 0.540273 1.794672 -0.358939
v 0.545291 1.789971 -0.389825
v 0.539052 1.813045 -0.410558
v 0.574731 1.856469 -0.390491
v 0.566777 1.859584 -0.362585
v 0.571160 1.837817 -0.343645
v 0.583497 1.812934 -0.352612
v 0.591451 1.809819 -0.380518
v 0.587068 1.831586 -0.399458
v 0.617533 1.875953 -0.377637
v 0.607028 1.877486 -0.352188
v 0.612538 1.857705 -0.333783
v 0.628551 1.836391 -0.340828
v 0.639056 1.834858 -0.366277
v 0.633547 1.854639 -0.384681
v 0.635431 1.890781 -0.369305
v 0.624040 1.891382 -0.345955
v 0.632838 1.876169 -0.326810
v 0.653027 1.860355 -0.331016
v 0.664418 1.859755 -0.354366
v 0.655620 1.874968 -0.373511
v 0.644768 1.906442 -0.365846
v 0.634527 1.908576 -0.343775
v 0.646856 1.901627 -0.323868
v 0.669425 1.892544 -0.326032
v 0.679666 1.890409 -0.348103
v 0.667338 1.897358 -0.368010
v 0.638235 1.919652 -0.348137
v 0.652433 1.927252 -0.332964
v 0.674191 1.924335 -0.335729
v 0.681752 1.913818 -0.353668
v 0.667554 1.906217 -0.368842
v 0.640869 1.933903 -0.358610
v 0.654593 1.946536 -0.349806
v 0.674790 1.943165 -0.352291
v 0.681263 1.927161 -0.363580
v 0.667539 1.914528 -0.372383
v 0.647342 1.917899 -0.369899
v 0.648296 1.921514 -0.375852
v 0.642784 1.939322 -0.371451
v 0.655890 1.952639 -0.367239
v 0.674509 1.948148 -0.367429
v 0.680021 1.930341 -0.371831
v 0.645890 1.940324 -0.382370
v 0.657804 1.952296 -0.380474
v 0.674204 1.947909 -0.379650
v 0.678689 1.931550 -0.380722
v 0.666775 1.919578 -0.382617
v 0.650375 1.923965 -0.383442
v 0.662907 1.936660 -0.389991
v -0.182338 1.579376 -0.712604
v -0.148178 1.596015 -0.677381
v -0.139234 1.634410 -0.701574
v -0.176875 1.615650 -0.735543
v -0.163569 1.609480 -0.787475
v -0.123484 1.620950 -0.773270
v -0.145879 1.581946 -0.804675
v -0.166930 1.571953 -0.810308
v -0.170033 1.535069 -0.787708
v -0.148536 1.542016 -0.781293
v -0.137203 1.542925 -0.725836
v -0.172937 1.536441 -0.741984
v -0.201317 1.529544 -0.755647
v -0.213896 1.567586 -0.735409
v -0.210941 1.601947 -0.758161
v -0.195991 1.598475 -0.800979
v -0.188463 1.562591 -0.818604
v -0.190523 1.527970 -0.796010
v -0.262609 1.548266 -0.765997
v -0.263158 1.580418 -0.789578
v -0.243405 1.580078 -0.824217
v -0.223103 1.547586 -0.835275
v -0.222554 1.515434 -0.811693
v -0.242307 1.515774 -0.777054
v -0.322208 1.482877 -0.824234
v -0.341684 1.513904 -0.813710
v -0.341851 1.544786 -0.836047
v -0.322542 1.544642 -0.868908
v -0.303065 1.513616 -0.879431
v -0.302898 1.482734 -0.857094
v -0.388873 1.455454 -0.866370
v -0.407887 1.484876 -0.856585
v -0.407470 1.514598 -0.877545
v -0.388040 1.514898 -0.908291
v -0.369026 1.485476 -0.918077
v -0.369443 1.455754 -0.897116
v -0.471489 1.456772 -0.903365
v -0.470109 1.485527 -0.922650
v -0.450079 1.486492 -0.950907
v -0.431428 1.458702 -0.959880
v -0.432808 1.429947 -0.940596
v -0.452838 1.428982 -0.912338
v -0.495615 1.413130 -0.950077
v -0.513255 1.438713 -0.941999
v -0.509576 1.466399 -0.957838
v -0.488256 1.468502 -0.981754
v -0.470616 1.442919 -0.989831
v -0.474295 1.415233 -0.973993
v -0.554260 1.423460 -0.984395
v -0.548614 1.450492 -0.997203
v -0.526652 1.453136 -1.018113
v -0.510335 1.428750 -1.026216
v -0.515981 1.401719 -1.013408
v -0.537943 1.399074 -0.992498
v -0.562771 1.395186 -1.022761
v -0.577148 1.418494 -1.013862
v -0.569459 1.444607 -1.023250
v -0.547394 1.447412 -1.041536
v -0.533017 1.424104 -1.050435
v -0.540706 1.397991 -1.041047
v -0.582427 1.396308 -1.048694
v -0.594334 1.418388 -1.038251
v -0.584831 1.443108 -1.044330
v -0.563421 1.445749 -1.060853
v -0.551515 1.423669 -1.071296
v -0.561017 1.398949 -1.065217
v -0.609614 1.422205 -1.059489
v -0.598848 1.445132 -1.063024
v -0.578977 1.447612 -1.078933
v -0.569872 1.427164 -1.091304
v -0.580638 1.404237 -1.087768
v -0.600509 1.401758 -1.071860
v -0.612573 1.409156 -1.085234
v -0.617500 1.426468 -1.070559
v -0.606642 1.446892 -1.072632
v -0.590857 1.450004 -1.089379
v -0.585930 1.432693 -1.104054
v -0.596788 1.412269 -1.101982
v -0.626821 1.430796 -1.079833
v -0.617685 1.450308 -1.082321
v -0.605722 1.454517 -1.099915
v -0.602896 1.439213 -1.115021
v -0.612032 1.419701 -1.112533
v -0.623994 1.415492 -1.094939
v -0.629096 1.418470 -1.097929
v -0.631087 1.432253 -1.083324
v -0.625517 1.451360 -1.086655
v -0.617955 1.456685 -1.104591
v -0.615964 1.442903 -1.119195
v -0.621534 1.423795 -1.115864
v -0.633481 1.450666 -1.089424
v -0.630608 1.456420 -1.106981
v -0.627850 1.443898 -1.120591
v -0.635207 1.431782 -1.087102
v -0.641757 1.447260 -1.090974
v -0.643307 1.452089 -1.107458
v -0.638307 1.441440 -1.120070
v -0.631756 1.425963 -1.116198
v -0.645365 1.430167 -1.103330
v -0.090119 1.586943 -0.822922
v -0.070954 1.547696 -0.779192
v -0.086868 1.591225 -0.748650
v -0.108181 1.556969 -0.726578
v -0.094736 1.520096 -0.757071
v -0.124982 1.494454 -0.789115
v -0.137962 1.520425 -0.782473
v -0.119250 1.510806 -0.833583
v -0.121085 1.494180 -0.832752
v -0.096011 1.521470 -0.853617
v -0.094549 1.544100 -0.852438
v -0.075432 1.549026 -0.831885
v -0.057810 1.510667 -0.798297
v -0.082863 1.488770 -0.774956
v -0.117030 1.473046 -0.795410
v -0.122074 1.478836 -0.834813
v -0.096513 1.500661 -0.857634
v -0.066147 1.516710 -0.841457
v -0.056929 1.467324 -0.859028
v -0.044824 1.452970 -0.824384
v -0.071173 1.439664 -0.798280
v -0.109628 1.440713 -0.806819
v -0.121733 1.455067 -0.841463
v -0.095383 1.468373 -0.867568
v -0.057294 1.389161 -0.896886
v -0.045698 1.371963 -0.865520
v -0.070872 1.359157 -0.840694
v -0.107642 1.363547 -0.847234
v -0.119238 1.380745 -0.878600
v -0.094064 1.393551 -0.903427
v -0.054784 1.295960 -0.911947
v -0.078793 1.283959 -0.888221
v -0.113598 1.291114 -0.892778
v -0.124394 1.310270 -0.921059
v -0.100385 1.322271 -0.944785
v -0.065580 1.315116 -0.940229
v -0.077346 1.266692 -0.971923
v -0.067953 1.246162 -0.947588
v -0.090209 1.235407 -0.925430
v -0.121857 1.245182 -0.927609
v -0.131250 1.265712 -0.951944
v -0.108994 1.276467 -0.974102
v -0.091343 1.218608 -1.007090
v -0.082849 1.197874 -0.984991
v -0.104036 1.187529 -0.964145
v -0.133716 1.197917 -0.965400
v -0.142210 1.218651 -0.987499
v -0.121024 1.228996 -1.008344
v -0.095009 1.166314 -1.013511
v -0.115317 1.155752 -0.994477
v -0.143274 1.165940 -0.995371
v -0.150925 1.186691 -1.015299
v -0.130617 1.197253 -1.034333
v -0.102660 1.187065 -1.033439
v -0.109777 1.169163 -1.050115
v -0.103344 1.148160 -1.033966
v -0.122650 1.136069 -1.018986
v -0.148389 1.144982 -1.020154
v -0.154822 1.165986 -1.036302
v -0.135516 1.178076 -1.051283
v -0.115307 1.152637 -1.069500
v -0.109602 1.131313 -1.056488
v -0.128222 1.117875 -1.045117
v -0.152547 1.125760 -1.046759
v -0.158252 1.147084 -1.059772
v -0.139632 1.160523 -1.071142
v -0.117622 1.144520 -1.083186
v -0.112484 1.123072 -1.073697
v -0.130203 1.108688 -1.066240
v -0.153060 1.115752 -1.068273
v -0.158198 1.137200 -1.077762
v -0.140479 1.151585 -1.085219
v -0.114770 1.120152 -1.086470
v -0.130801 1.105876 -1.083738
v -0.151403 1.112311 -1.085299
v -0.155973 1.133022 -1.089592
v -0.139942 1.147298 -1.092323
v -0.119341 1.140863 -1.090763
v -0.116250 1.118173 -1.099861
v -0.131148 1.104764 -1.098445
v -0.150274 1.110908 -1.098903
v -0.154502 1.130463 -1.100777
v -0.139604 1.143873 -1.102193
v -0.120478 1.137728 -1.101735
v -0.118072 1.117862 -1.108771
v -0.131848 1.105538 -1.106907
v -0.149478 1.111350 -1.106194
v -0.153333 1.129488 -1.107344
v -0.139557 1.141812 -1.109208
v -0.121927 1.135999 -1.109921
v -0.124672 1.132584 -1.119493
v -0.121142 1.117094 -1.115584
v -0.151976 1.127858 -1.113562
v -0.140089 1.137966 -1.118482
v -0.137854 1.120224 -1.122330
v -0.073121 2.129660 0.224792
v -0.136072 2.125884 0.169266
v -0.097558 2.123680 0.157656
v -0.105633 2.081405 0.150099
v -0.143453 2.086202 0.162027
v -0.140434 2.057015 0.203049
v -0.088913 2.045115 0.208913
v -0.092638 2.060278 0.257792
v -0.140977 2.071030 0.244603
v -0.134321 2.110809 0.252209
v -0.086444 2.102805 0.266312
v -0.125813 2.136379 0.217818
v -0.168842 2.142254 0.210942
v -0.171832 2.130037 0.170236
v -0.178682 2.092130 0.163229
v -0.182482 2.066441 0.196812
v -0.183795 2.080059 0.234735
v -0.177236 2.118004 0.241888
v -0.233144 2.152472 0.198816
v -0.228254 2.138631 0.164063
v -0.234508 2.102052 0.157273
v -0.245653 2.079313 0.185237
v -0.250543 2.093153 0.219990
v -0.244289 2.129733 0.226779
v -0.367294 2.189830 0.167890
v -0.363780 2.176951 0.134591
v -0.373037 2.143045 0.127404
v -0.385808 2.122018 0.153514
v -0.389322 2.134898 0.186812
v -0.380065 2.168804 0.194000
v -0.455955 2.221616 0.148870
v -0.454423 2.210347 0.117741
v -0.465561 2.179973 0.110546
v -0.478231 2.160869 0.134481
v -0.479763 2.172138 0.165610
v -0.468626 2.202512 0.172805
v -0.548641 2.247423 0.099684
v -0.559053 2.218655 0.092839
v -0.571308 2.200644 0.115384
v -0.573150 2.211401 0.144774
v -0.562737 2.240168 0.151619
v -0.550483 2.258179 0.129074
v -0.612500 2.272107 0.083077
v -0.621498 2.244644 0.076748
v -0.634533 2.228178 0.097586
v -0.638570 2.239175 0.124752
v -0.629572 2.266639 0.131080
v -0.616537 2.283104 0.110243
v -0.647108 2.286013 0.067527
v -0.655926 2.261298 0.061235
v -0.673568 2.248759 0.077348
v -0.682394 2.260934 0.099754
v -0.673577 2.285648 0.106047
v -0.655934 2.298188 0.089934
v -0.676302 2.303668 0.046612
v -0.687167 2.282503 0.038050
v -0.708456 2.274010 0.048725
v -0.718880 2.286682 0.067963
v -0.708015 2.307846 0.076525
v -0.686726 2.316339 0.065850
v -0.695674 2.331321 0.050396
v -0.685658 2.319651 0.032477
v -0.698509 2.304714 0.019465
v -0.721375 2.301447 0.024371
v -0.731390 2.313117 0.042290
v -0.718539 2.328054 0.055302
v -0.687120 2.331529 0.028706
v -0.699059 2.330451 0.011269
v -0.719900 2.333911 0.012484
v -0.728802 2.338449 0.031138
v -0.716862 2.339526 0.048576
v -0.696022 2.336067 0.047360
v -0.686115 2.348942 0.027280
v -0.695967 2.355849 0.011852
v -0.714988 2.360117 0.013504
v -0.724158 2.357479 0.030584
v -0.714306 2.350573 0.046011
v -0.695285 2.346304 0.044359
v -0.694309 2.352149 0.045965
v -0.685021 2.360010 0.032701
v -0.693385 2.370963 0.021123
v -0.711037 2.374055 0.022809
v -0.720324 2.366194 0.036073
v -0.711960 2.355240 0.047650
v -0.685505 2.366280 0.038889
v -0.692312 2.378633 0.031958
v -0.707435 2.381865 0.034753
v -0.715751 2.372744 0.044480
v -0.708944 2.360391 0.051412
v -0.693821 2.357159 0.048616
v -0.698536 2.374062 0.047739
v -0.364027 2.026485 -0.516654
v -0.283492 2.014385 -0.488889
v -0.311255 2.028347 -0.467609
v -0.310690 1.989422 -0.446908
v -0.283081 1.977909 -0.469361
v -0.312021 1.942481 -0.491132
v -0.362810 1.948796 -0.474918
v -0.380313 1.947848 -0.523784
v -0.327870 1.943814 -0.532494
v -0.328079 1.980147 -0.552305
v -0.380359 1.986401 -0.545221
v -0.312873 2.015369 -0.530316
v -0.252400 2.005739 -0.501453
v -0.252137 1.970956 -0.482727
v -0.269809 1.937705 -0.502640
v -0.282357 1.939349 -0.541306
v -0.282535 1.974075 -0.560145
v -0.270341 2.007247 -0.540143
v -0.205508 1.997284 -0.553215
v -0.199237 1.995971 -0.515691
v -0.199246 1.962503 -0.497553
v -0.205525 1.930349 -0.516938
v -0.211795 1.931663 -0.554462
v -0.211787 1.965131 -0.572601
v -0.083586 1.991817 -0.572545
v -0.077718 1.990588 -0.536846
v -0.074878 1.958643 -0.520059
v -0.077906 1.927927 -0.538971
v -0.083775 1.929155 -0.574670
v -0.086615 1.961100 -0.591457
v 0.016670 1.996447 -0.588856
v 0.022749 1.995312 -0.555063
v 0.028384 1.965142 -0.539628
v 0.027941 1.936108 -0.557985
v 0.021862 1.937243 -0.591778
v 0.016226 1.967412 -0.607214
v 0.104401 2.006337 -0.572005
v 0.112600 1.978168 -0.557943
v 0.114015 1.950934 -0.575686
v 0.107229 1.951870 -0.607491
v 0.099030 1.980039 -0.621554
v 0.097616 2.007273 -0.603811
v 0.161855 2.021131 -0.618178
v 0.169639 2.020546 -0.588446
v 0.180007 1.994527 -0.575781
v 0.182592 1.969092 -0.592849
v 0.174808 1.969676 -0.622581
v 0.164440 1.995696 -0.635245
v 0.220318 2.038783 -0.634789
v 0.229145 2.038677 -0.607196
v 0.241189 2.014859 -0.595931
v 0.244407 1.991145 -0.612259
v 0.235580 1.991250 -0.639852
v 0.223536 2.015069 -0.651117
v 0.266116 2.052345 -0.622746
v 0.279789 2.031774 -0.613521
v 0.283481 2.010526 -0.628692
v 0.273500 2.009850 -0.653087
v 0.259826 2.030421 -0.662312
v 0.256134 2.051668 -0.647142
v 0.291529 2.067594 -0.661595
v 0.301800 2.068697 -0.639196
v 0.316177 2.050275 -0.631300
v 0.320284 2.030750 -0.645802
v 0.310013 2.029647 -0.668202
v 0.295636 2.048069 -0.676098
v 0.309754 2.077612 -0.670005
v 0.319900 2.078999 -0.649418
v 0.334942 2.062874 -0.642903
v 0.339838 2.045360 -0.656976
v 0.329691 2.043972 -0.677564
v 0.314649 2.060098 -0.684079
v 0.331750 2.087583 -0.656987
v 0.347637 2.074216 -0.652004
v 0.353821 2.059303 -0.665978
v 0.344119 2.057758 -0.684935
v 0.328232 2.071126 -0.689919
v 0.322048 2.086038 -0.675945
v 0.329232 2.092546 -0.679428
v 0.338316 2.094239 -0.661983
v 0.355244 2.084630 -0.658695
v 0.363088 2.073328 -0.672853
v 0.354005 2.071635 -0.690298
v 0.337076 2.081244 -0.693585
v 0.358809 2.095381 -0.663598
v 0.368053 2.089149 -0.677935
v 0.359690 2.087056 -0.693921
v 0.342083 2.091196 -0.695569
v 0.332839 2.097428 -0.681231
v 0.340900 2.099401 -0.667471
v 0.354830 2.106945 -0.666750
v 0.362592 2.110554 -0.680097
v 0.356426 2.106619 -0.694166
v 0.342496 2.099075 -0.694888
v 0.344902 2.109983 -0.681120
v -0.513499 1.874332 -0.611905
v -0.511424 1.918559 -0.586121
v -0.463511 1.941396 -0.564637
v -0.478207 1.973573 -0.608379
v -0.521228 1.947727 -0.623870
v -0.532145 1.925962 -0.663342
v -0.523996 1.948596 -0.658857
v -0.535328 1.900001 -0.649144
v -0.528046 1.883236 -0.650929
v -0.491214 1.887683 -0.611806
v -0.545312 1.898839 -0.599413
v -0.552048 1.924647 -0.635914
v -0.540502 1.905959 -0.669610
v -0.526066 1.868794 -0.654184
v -0.529080 1.861525 -0.614866
v -0.548250 1.839971 -0.623474
v -0.584625 1.862503 -0.620375
v -0.589437 1.884958 -0.656609
v -0.556037 1.876304 -0.682103
v -0.530582 1.848501 -0.661624
v -0.626797 1.803177 -0.653418
v -0.631168 1.824683 -0.687608
v -0.600855 1.814633 -0.712722
v -0.577751 1.786916 -0.694053
v -0.593785 1.779836 -0.657401
v -0.634481 1.733255 -0.683501
v -0.664263 1.757023 -0.678856
v -0.668473 1.777229 -0.711220
v -0.641293 1.765950 -0.735867
v -0.620285 1.738772 -0.718736
v -0.669694 1.697467 -0.702605
v -0.696569 1.721161 -0.697595
v -0.701022 1.739681 -0.728351
v -0.676899 1.727434 -0.752368
v -0.657538 1.701344 -0.736457
v -0.703704 1.665324 -0.717439
v -0.728212 1.688344 -0.712390
v -0.733366 1.704802 -0.741692
v -0.712044 1.691954 -0.764850
v -0.693712 1.667555 -0.749861
v -0.747855 1.666921 -0.720572
v -0.754746 1.679703 -0.747736
v -0.736698 1.666870 -0.769145
v -0.718654 1.646158 -0.755213
v -0.725549 1.646189 -0.725193
v -0.746495 1.625611 -0.730703
v -0.768217 1.643915 -0.726509
v -0.776388 1.654006 -0.752119
v -0.759717 1.641937 -0.772141
v -0.741242 1.624388 -0.758906
v -0.756728 1.614298 -0.732800
v -0.778296 1.629504 -0.728990
v -0.787467 1.636933 -0.752899
v -0.771568 1.626318 -0.771485
v -0.752570 1.612329 -0.759063
v -0.763475 1.605483 -0.734149
v -0.784908 1.617142 -0.730631
v -0.794518 1.622256 -0.752748
v -0.779024 1.613757 -0.769935
v -0.759839 1.603391 -0.758441
v -0.767896 1.598504 -0.735320
v -0.788812 1.606641 -0.732054
v -0.798200 1.610205 -0.752389
v -0.783086 1.604272 -0.768223
v -0.764357 1.597041 -0.757674
v -0.771242 1.591795 -0.736659
v -0.791073 1.597136 -0.733697
v -0.799705 1.600312 -0.752297
v -0.767618 1.591671 -0.757089
v -0.774901 1.584140 -0.739473
v -0.792164 1.588297 -0.736931
v -0.799010 1.593425 -0.752699
v -0.785977 1.592438 -0.764985
v -0.771077 1.586700 -0.756811
v -0.786585 1.581780 -0.751678
v -0.393538 2.609830 -0.242097
v -0.348338 2.586076 -0.257096
v -0.332601 2.590398 -0.219271
v -0.351859 2.543946 -0.204052
v -0.362657 2.543089 -0.250185
v -0.413586 2.540654 -0.239273
v -0.416608 2.540450 -0.180462
v -0.438535 2.584778 -0.181158
v -0.431186 2.582149 -0.239481
v -0.393590 2.614625 -0.183280
v -0.389821 2.606095 -0.284354
v -0.351340 2.583031 -0.288247
v -0.363717 2.542307 -0.285121
v -0.408606 2.540354 -0.282621
v -0.424144 2.579874 -0.284235
v -0.347310 2.579323 -0.334986
v -0.358190 2.540271 -0.335325
v -0.397733 2.538358 -0.344059
v -0.411292 2.576229 -0.349117
v -0.380129 2.601546 -0.343509
v -0.360471 2.595784 -0.444488
v -0.329252 2.574790 -0.438455
v -0.339409 2.538075 -0.439296
v -0.376906 2.536379 -0.445850
v -0.389923 2.572046 -0.449059
v -0.347367 2.593281 -0.524566
v -0.317922 2.573576 -0.520162
v -0.327308 2.539173 -0.521894
v -0.362555 2.537615 -0.527367
v -0.374952 2.571055 -0.529019
v -0.309799 2.575419 -0.583071
v -0.318272 2.543358 -0.586536
v -0.351129 2.541918 -0.592016
v -0.362964 2.573089 -0.591937
v -0.337421 2.593794 -0.586409
v -0.328841 2.597490 -0.632313
v -0.302983 2.580516 -0.629930
v -0.310233 2.551045 -0.636364
v -0.340573 2.549806 -0.642723
v -0.352073 2.578511 -0.640219
v -0.321165 2.604147 -0.664188
v -0.296897 2.588780 -0.663032
v -0.302394 2.562675 -0.673742
v -0.330059 2.561909 -0.681518
v -0.341660 2.587539 -0.675613
v -0.291905 2.599371 -0.684667
v -0.295047 2.578175 -0.700284
v -0.320009 2.578213 -0.709225
v -0.332294 2.599433 -0.699133
v -0.314925 2.612509 -0.683956
v -0.310945 2.620353 -0.694127
v -0.288765 2.610867 -0.697278
v -0.289383 2.596710 -0.717053
v -0.311945 2.597446 -0.726124
v -0.325271 2.612058 -0.711955
v -0.309188 2.625412 -0.698038
v -0.287928 2.621576 -0.703108
v -0.286842 2.616415 -0.724662
v -0.307430 2.617062 -0.732914
v -0.321241 2.622623 -0.716460
v -0.289219 2.630955 -0.704226
v -0.288375 2.635353 -0.723824
v -0.307108 2.634904 -0.731103
v -0.319529 2.630229 -0.716005
v -0.305942 2.625211 -0.703372
v -0.292666 2.635906 -0.702502
v -0.296820 2.650167 -0.710915
v -0.312664 2.648285 -0.716985
v -0.307961 2.641318 -0.703095
v -0.550179 2.570509 -0.112850
v -0.553171 2.586447 -0.156262
v -0.519853 2.557020 -0.169362
v -0.516861 2.541082 -0.125950
v -0.622036 2.507814 -0.134741
v -0.623896 2.523577 -0.175004
v -0.594214 2.494738 -0.187666
v -0.592354 2.478975 -0.147402
v -0.633879 2.447064 -0.160396
v -0.659664 2.475439 -0.148085
v -0.660685 2.490676 -0.185346
v -0.634900 2.462301 -0.197657
v -0.689210 2.453076 -0.158157
v -0.690027 2.467259 -0.192661
v -0.668179 2.439467 -0.204602
v -0.667362 2.425284 -0.170099
v -0.693428 2.410996 -0.176475
v -0.711723 2.437816 -0.165056
v -0.713194 2.450432 -0.197043
v -0.694899 2.423611 -0.208462
v -0.712673 2.401860 -0.180020
v -0.728277 2.427146 -0.169328
v -0.731199 2.437845 -0.198894
v -0.715595 2.412559 -0.209586
v -0.740023 2.419228 -0.171784
v -0.744772 2.427876 -0.198844
v -0.730742 2.404734 -0.208703
v -0.725992 2.396085 -0.181643
v -0.745097 2.415461 -0.172636
v -0.754600 2.420205 -0.196469
v -0.744434 2.397737 -0.204996
v -0.734931 2.392993 -0.181163
v -0.741505 2.391362 -0.179378
v -0.761452 2.414531 -0.192234
v -0.754332 2.393211 -0.198924
v -0.749993 2.410830 -0.173987
v -0.764613 2.410628 -0.187080
v -0.762363 2.391257 -0.189293
v -0.747743 2.391459 -0.176200
v -0.760739 2.399930 -0.176530
v 0.303605 2.423075 -0.179221
v 0.298870 2.395575 -0.102574
v 0.280600 2.408864 -0.131727
v 0.266828 2.380391 -0.153630
v 0.282834 2.355937 -0.122913
v 0.310612 2.343139 -0.167000
v 0.287367 2.372078 -0.199223
v 0.313853 2.395480 -0.206032
v 0.343833 2.374898 -0.174185
v 0.333288 2.409941 -0.142445
v 0.350583 2.391717 -0.109928
v 0.314168 2.381299 -0.083459
v 0.300301 2.342318 -0.098893
v 0.329449 2.327581 -0.131572
v 0.361341 2.357463 -0.136437
v 0.334136 2.361461 -0.047096
v 0.322363 2.322544 -0.057960
v 0.354926 2.303967 -0.077082
v 0.386825 2.331403 -0.078037
v 0.373976 2.366936 -0.059504
v 0.400890 2.335435 0.042029
v 0.362096 2.331524 0.049829
v 0.351962 2.293669 0.043088
v 0.384493 2.274185 0.031120
v 0.414732 2.299998 0.030465
v 0.414363 2.321320 0.141993
v 0.377221 2.318209 0.145888
v 0.368382 2.281841 0.143978
v 0.400061 2.262476 0.138904
v 0.428479 2.286875 0.137677
v 0.414823 2.324907 0.205248
v 0.380846 2.321955 0.205701
v 0.373184 2.289351 0.212149
v 0.402425 2.272152 0.215681
v 0.428159 2.294126 0.211415
v 0.413598 2.339330 0.267139
v 0.381819 2.336483 0.267372
v 0.374568 2.307920 0.279604
v 0.401866 2.293113 0.286930
v 0.425988 2.312526 0.279227
v 0.412169 2.355500 0.296119
v 0.382531 2.353535 0.297679
v 0.375757 2.330454 0.315174
v 0.401209 2.318153 0.324428
v 0.423713 2.333633 0.312651
v 0.385474 2.374705 0.319866
v 0.379714 2.358398 0.341401
v 0.403503 2.348032 0.350861
v 0.423966 2.357931 0.335172
v 0.412824 2.374417 0.316016
v 0.391556 2.390038 0.328583
v 0.389255 2.385038 0.352466
v 0.410414 2.375438 0.360267
v 0.425792 2.374505 0.341205
v 0.414137 2.383528 0.321623
v 0.417498 2.394833 0.325645
v 0.399625 2.406422 0.332855
v 0.401160 2.408370 0.355206
v 0.419982 2.397984 0.361810
v 0.430079 2.389617 0.343540
v 0.406971 2.414049 0.330851
v 0.413288 2.421234 0.348995
v 0.429257 2.409895 0.355092
v 0.432809 2.395702 0.340715
v 0.417087 2.398981 0.328774
v 0.413398 2.416107 0.326748
v 0.426765 2.425400 0.333529
v 0.438715 2.414017 0.339745
v 0.429162 2.410387 0.326446
v 0.402702 2.352534 -0.165654
v 0.429413 2.377822 -0.181974
v 0.442553 2.402441 -0.152980
v 0.423962 2.392368 -0.118742
v 0.399333 2.361523 -0.126575
v 0.509066 2.301970 -0.149505
v 0.521828 2.324716 -0.122117
v 0.505269 2.314419 -0.089710
v 0.482274 2.285308 -0.097070
v 0.484620 2.277614 -0.134026
v 0.536769 2.237594 -0.120972
v 0.558863 2.261081 -0.135673
v 0.570205 2.282906 -0.110159
v 0.555122 2.272907 -0.079689
v 0.534457 2.244902 -0.086372
v 0.576207 2.214618 -0.110301
v 0.592769 2.237981 -0.124445
v 0.599804 2.259895 -0.102299
v 0.587590 2.250076 -0.074468
v 0.573007 2.222093 -0.079413
v 0.616967 2.196746 -0.100619
v 0.627529 2.220545 -0.114821
v 0.630944 2.242305 -0.094958
v 0.622493 2.231954 -0.068480
v 0.613855 2.203797 -0.071978
v 0.648998 2.216582 -0.110524
v 0.649734 2.237158 -0.092414
v 0.647257 2.226434 -0.067298
v 0.644991 2.199230 -0.069887
v 0.646067 2.193141 -0.096601
v 0.656157 2.217426 -0.109235
v 0.657824 2.235657 -0.093486
v 0.666587 2.226852 -0.072778
v 0.670336 2.203179 -0.075728
v 0.663890 2.197354 -0.098259
v 0.663991 2.218256 -0.109909
v 0.668975 2.235853 -0.097635
v 0.683447 2.229557 -0.082271
v 0.687408 2.208068 -0.085049
v 0.675383 2.201084 -0.102131
v 0.674379 2.235390 -0.103471
v 0.691241 2.230899 -0.093794
v 0.693782 2.211127 -0.094683
v 0.679549 2.205621 -0.106524
v 0.669134 2.218256 -0.110884
v 0.678028 2.232678 -0.110681
v 0.693938 2.228956 -0.106195
v 0.694878 2.212234 -0.103626
v 0.684833 2.218581 -0.114512
v -0.133904 2.468049 -0.583529
v -0.108671 2.422083 -0.515476
v -0.131387 2.446087 -0.510591
v -0.171289 2.414610 -0.527202
v -0.140321 2.389219 -0.524835
v -0.143630 2.378753 -0.576756
v -0.182312 2.406866 -0.596037
v -0.148064 2.432354 -0.623198
v -0.113581 2.404686 -0.599955
v -0.098623 2.435865 -0.567126
v -0.087388 2.402557 -0.510115
v -0.114580 2.369316 -0.516391
v -0.112471 2.356004 -0.560191
v -0.083797 2.380833 -0.581172
v -0.070950 2.411362 -0.552235
v -0.029760 2.377142 -0.527686
v -0.053546 2.374189 -0.493993
v -0.076491 2.339971 -0.497510
v -0.066886 2.321776 -0.533377
v -0.038005 2.344749 -0.552027
v 0.026398 2.321570 -0.446894
v 0.007425 2.287573 -0.448579
v 0.016906 2.270141 -0.482117
v 0.041740 2.293364 -0.501159
v 0.047606 2.325148 -0.479390
v 0.095489 2.286007 -0.411297
v 0.080666 2.252516 -0.411258
v 0.089446 2.236218 -0.442860
v 0.109695 2.259636 -0.462430
v 0.113430 2.290408 -0.442922
v 0.154561 2.263500 -0.386558
v 0.143920 2.230906 -0.385093
v 0.151429 2.215942 -0.415051
v 0.166711 2.239288 -0.435030
v 0.168647 2.268680 -0.417420
v 0.221566 2.254766 -0.399096
v 0.211721 2.249043 -0.369138
v 0.205046 2.217791 -0.366706
v 0.210766 2.204198 -0.395162
v 0.220977 2.227051 -0.415180
v 0.254487 2.249168 -0.392083
v 0.251091 2.243300 -0.364174
v 0.249457 2.214776 -0.361238
v 0.251844 2.203016 -0.387332
v 0.254953 2.224272 -0.406396
v 0.289312 2.241010 -0.362292
v 0.290421 2.214624 -0.359521
v 0.290687 2.203830 -0.383781
v 0.289744 2.223545 -0.401545
v 0.288894 2.246524 -0.388264
v 0.309543 2.241711 -0.364981
v 0.313252 2.217675 -0.362671
v 0.312076 2.207681 -0.384932
v 0.307640 2.225540 -0.401000
v 0.306074 2.246572 -0.388670
v 0.322959 2.243514 -0.368507
v 0.329654 2.222243 -0.366980
v 0.328156 2.213055 -0.387300
v 0.320536 2.228647 -0.401386
v 0.317324 2.247471 -0.389772
v 0.331375 2.246180 -0.371901
v 0.341881 2.228789 -0.371562
v 0.341385 2.220789 -0.390235
v 0.330573 2.233235 -0.402114
v 0.324387 2.248927 -0.390783
v 0.349382 2.241390 -0.376440
v 0.351975 2.237501 -0.393166
v 0.337345 2.241041 -0.401829
v 0.341904 2.249756 -0.388560
v -0.131793 2.410711 -0.698519
v -0.147305 2.439367 -0.662309
v -0.181326 2.405135 -0.679886
v -0.164207 2.381100 -0.704776
v -0.179685 2.380459 -0.752395
v -0.190563 2.399148 -0.746577
v -0.161171 2.428853 -0.771073
v -0.156456 2.409482 -0.775804
v -0.133796 2.431766 -0.747220
v -0.152628 2.463386 -0.731060
v -0.122080 2.406660 -0.762101
v -0.119105 2.385892 -0.722372
v -0.152291 2.361511 -0.721778
v -0.173170 2.365858 -0.759175
v -0.152762 2.392958 -0.782894
v -0.108897 2.369734 -0.786886
v -0.104191 2.346704 -0.755107
v -0.139407 2.331334 -0.745838
v -0.165878 2.344865 -0.771887
v -0.147022 2.368597 -0.797256
v -0.098521 2.313751 -0.828475
v -0.094034 2.291590 -0.799141
v -0.127154 2.277669 -0.790140
v -0.152111 2.291228 -0.813912
v -0.134415 2.313527 -0.837604
v -0.090693 2.271486 -0.860881
v -0.086368 2.250214 -0.833952
v -0.117095 2.236317 -0.826265
v -0.140411 2.249001 -0.848444
v -0.124094 2.270736 -0.869837
v -0.081635 2.237615 -0.889907
v -0.077086 2.216416 -0.866124
v -0.104930 2.201122 -0.860973
v -0.126688 2.212868 -0.881573
v -0.112290 2.235422 -0.899456
v -0.075556 2.221979 -0.907048
v -0.069392 2.199416 -0.890489
v -0.092182 2.182041 -0.890354
v -0.112431 2.193866 -0.906829
v -0.102155 2.218549 -0.917146
v -0.067883 2.208941 -0.927611
v -0.060325 2.186011 -0.917016
v -0.080490 2.169128 -0.918895
v -0.100510 2.181624 -0.930650
v -0.092718 2.206230 -0.936037
v -0.057143 2.181968 -0.935021
v -0.075828 2.166739 -0.935910
v -0.095366 2.179284 -0.942452
v -0.088755 2.202267 -0.945606
v -0.065132 2.203927 -0.941013
v -0.057439 2.179521 -0.948555
v -0.074824 2.166469 -0.945667
v -0.092899 2.178383 -0.949170
v -0.086685 2.198798 -0.954223
v -0.064770 2.199502 -0.953843
v -0.065921 2.193111 -0.965158
v -0.091405 2.177187 -0.954093
v -0.085668 2.193408 -0.963875
v -0.066311 2.182033 -0.971276
v -0.062622 2.178280 -0.955437
v -0.076326 2.171964 -0.948307
v -0.088485 2.171813 -0.959739
v -0.082295 2.178036 -0.973934
v -0.073244 2.169904 -0.963741
vn -0.9626 0.1467 -0.2279
vn -0.9745 0.1453 0.1713
vn -0.9299 0.0815 0.3587
vn -0.9529 0.1391 -0.2695
vn 0.7980 0.0687 0.5987
vn 0.8947 0.0907 0.4374
vn 0.9878 0.1123 0.1080
vn 0.9837 0.1593 0.0836
vn 0.7990 0.1111 -0.5909
vn 0.7257 0.1142 -0.6785
vn 0.9626 0.1462 -0.2279
vn 0.5571 0.1102 -0.8231
vn 0.2391 0.0166 -0.9709
vn 0.6116 0.0375 -0.7903
vn 0.3736 0.0654 -0.9253
vn 0.2565 0.0131 -0.9665
vn -0.4356 0.0013 -0.9001
vn -0.5540 0.0603 -0.8303
vn -0.6528 0.0414 -0.7564
vn -0.6405 -0.0086 -0.7679
vn 0.4356 0.0012 -0.9001
vn 0.8263 0.0258 -0.5626
vn 0.6205 0.0471 -0.7828
vn 0.6988 -0.0013 -0.7153
vn 0.8535 0.0336 -0.5199
vn 0.8002 0.0462 -0.5979
vn 0.5975 0.1221 -0.7925
vn -0.0000 0.1140 -0.9935
vn -0.3342 0.0792 -0.9392
vn 0.3836 0.1296 -0.9143
vn -0.3835 0.1298 -0.9144
vn -0.8002 0.0465 -0.5979
vn -0.6510 0.1012 -0.7523
vn -0.8535 0.0339 -0.5199
vn -0.8263 0.0261 -0.5626
vn -0.2564 0.0132 -0.9665
vn -0.2391 0.0167 -0.9708
vn -0.4140 0.0897 -0.9058
vn -0.7990 0.1116 -0.5909
vn -0.5571 0.1105 -0.8231
vn -0.8947 0.0911 0.4373
vn -0.7982 0.0690 0.5985
vn -0.7548 0.0671 0.6525
vn -0.8435 0.0193 0.5368
vn -0.9961 0.0224 0.0849
vn -0.9813 0.0471 0.1869
vn -0.9302 0.0122 0.3669
vn -0.9973 0.0150 -0.0713
vn -0.9972 0.0745 0.0017
vn -0.9373 0.1058 0.3321
vn -0.6213 0.1421 0.7706
vn -0.9914 0.1005 0.0842
vn 0.7583 0.1468 0.6351
vn 0.9398 0.0901 0.3296
vn 0.2327 0.1396 0.9625
vn 0.4936 0.1806 0.8507
vn -0.7583 0.1472 0.6351
vn -0.0892 0.1280 0.9878
vn 0.0510 0.1253 0.9908
vn -0.4025 0.1756 0.8984
vn 0.1853 0.0941 0.9782
vn 0.3448 0.0917 0.9342
vn 0.3358 0.0430 0.9410
vn -0.0000 0.0343 0.9994
vn -0.1080 0.0987 0.9892
vn 0.2712 0.0225 0.9623
vn -0.2712 0.0226 0.9623
vn -0.3448 0.0918 0.9342
vn -0.3417 0.0638 0.9376
vn -0.1853 0.0941 0.9782
vn 0.9729 -0.1744 -0.1521
vn 0.5383 0.3470 -0.7680
vn 0.4711 0.2469 -0.8468
vn 0.9644 -0.1161 -0.2377
vn 0.0892 0.1279 0.9878
vn 0.9373 0.1053 0.3322
vn 0.9914 0.1000 0.0842
vn 0.9974 0.0146 -0.0712
vn 0.9326 0.0423 0.3584
vn 0.9985 0.0504 -0.0199
vn 0.9962 0.0220 0.0847
vn 0.9302 0.0119 0.3669
vn 0.7549 0.0667 0.6525
vn 0.8188 0.0361 0.5729
vn 0.0716 0.1468 0.9866
vn -0.2540 0.1442 0.9564
vn -0.2208 0.1223 0.9676
vn 0.0484 0.1261 0.9908
vn -0.3396 -0.9068 0.2498
vn -0.3639 -0.9142 0.1783
vn 0.8645 -0.4639 -0.1933
vn 0.9019 -0.3014 -0.3096
vn 0.2601 0.1237 -0.9576
vn 0.1764 0.0902 -0.9802
vn 0.4186 -0.6944 -0.5853
vn 0.4669 -0.6740 -0.5726
vn -0.7107 0.0305 -0.7028
vn -0.5474 0.0918 -0.8318
vn 0.0443 -0.6087 -0.7922
vn -0.2392 -0.7428 -0.6254
vn -0.0562 -0.5255 0.8489
vn -0.1024 0.9607 0.2580
vn -0.0309 0.9620 0.2711
vn -0.1332 -0.5313 0.8366
vn -0.6945 -0.0027 -0.7195
vn -0.5199 -0.0055 -0.8542
vn -0.5568 0.0347 -0.8299
vn -0.6460 0.0449 -0.7620
vn 0.1275 -0.5170 0.8465
vn 0.2827 -0.4340 0.8554
vn -0.1580 -0.7967 -0.5834
vn -0.4922 -0.5135 -0.7029
vn 0.3356 0.1295 0.9331
vn 0.3778 0.1010 0.9204
vn 0.0243 0.0912 0.9955
vn -0.0213 0.1090 0.9938
vn -0.3015 0.5396 0.7861
vn 0.0615 0.9894 -0.1319
vn -0.2041 0.8760 -0.4370
vn -0.1337 0.7948 -0.5920
vn 0.4341 -0.8828 -0.1796
vn 0.5471 -0.8240 -0.1474
vn 0.1112 -0.4367 0.8927
vn 0.0349 -0.4849 0.8739
vn -0.5106 -0.7103 -0.4845
vn 0.5256 -0.8319 -0.1779
vn 0.4345 -0.9002 0.0281
vn -0.5584 -0.7452 -0.3644
vn 0.3318 -0.8129 0.4787
vn 0.3316 -0.8301 0.4484
vn 0.9280 -0.3288 0.1754
vn 0.9288 -0.3238 0.1803
vn -0.6951 -0.6287 -0.3488
vn -0.6457 -0.5671 -0.5114
vn 0.3801 -0.8453 -0.3755
vn 0.3278 -0.9211 -0.2103
vn -0.8727 -0.1002 0.4779
vn -0.3451 0.0780 -0.9353
vn -0.3418 0.0136 -0.9397
vn -0.8745 -0.0734 0.4795
vn 0.3476 0.0193 0.9374
vn 0.3465 -0.0257 0.9377
vn -0.8735 0.0130 0.4866
vn -0.8731 0.0275 0.4867
vn -0.5010 -0.0180 -0.8652
vn -0.1737 -0.0187 -0.9846
vn -0.1980 -0.0142 -0.9801
vn -0.9743 0.0278 0.2234
vn -0.8064 -0.0470 -0.5894
vn -0.8059 -0.0364 -0.5910
vn -0.9739 0.0566 0.2197
vn 0.8560 0.0654 0.5128
vn 0.8873 0.0879 0.4527
vn 0.8045 0.0835 0.5881
vn 0.4294 0.1261 0.8943
vn 0.4160 0.1396 0.8986
vn 0.8158 0.1041 0.5689
vn -0.1612 0.9552 0.2483
vn -0.1387 0.9590 0.2472
vn -0.0494 0.3904 -0.9193
vn -0.0345 0.3933 -0.9188
vn 0.6637 -0.0574 -0.7458
vn 0.9021 0.0044 -0.4315
vn 0.8785 -0.0277 -0.4769
vn 0.6226 -0.0683 -0.7796
vn -0.8127 -0.2336 0.5338
vn -0.8174 -0.2398 0.5237
vn -0.0480 -0.6772 0.7342
vn -0.0287 -0.6223 0.7822
vn -0.2271 -0.0790 -0.9707
vn 0.5925 -0.0741 -0.8021
vn 0.5929 -0.1071 -0.7981
vn -0.2290 -0.1187 -0.9662
vn -0.9897 0.0484 0.1347
vn -0.9506 0.0052 -0.3103
vn -0.9510 0.0267 -0.3081
vn -0.9868 0.0644 0.1486
vn -0.9965 0.0484 0.0676
vn -0.9351 0.0237 -0.3536
vn 0.9544 -0.0342 -0.2965
vn 0.8071 0.1040 0.5812
vn 0.8067 0.1206 0.5785
vn 0.9539 -0.0232 -0.2993
vn 0.9553 -0.0177 -0.2951
vn 0.8065 0.0567 0.5885
vn 0.8061 0.0855 0.5856
vn 0.9548 -0.0021 -0.2971
vn -0.7256 -0.0422 -0.6868
vn -0.7566 -0.0407 -0.6526
vn 0.9285 -0.3562 0.1046
vn 0.6508 0.6971 -0.3009
vn 0.6488 0.6880 -0.3252
vn 0.9246 -0.3767 0.0566
vn 0.6003 -0.0636 -0.7972
vn 0.3662 -0.0545 -0.9289
vn -0.8011 -0.0425 -0.5970
vn -0.4290 -0.0477 -0.9020
vn -0.9130 0.1046 0.3944
vn -0.9719 0.0611 0.2272
vn 0.0413 0.1468 0.9883
vn 0.2292 0.1724 0.9580
vn -0.3289 0.1676 0.9294
vn 0.4029 0.1609 0.9010
vn 0.7200 0.3746 0.5842
vn 0.0369 0.9862 0.1612
vn -0.1647 0.5992 0.7835
vn 0.7301 0.0426 0.6820
vn 0.9968 0.0172 -0.0787
vn 0.9422 -0.0012 -0.3350
vn 0.9367 0.0878 0.3389
vn 0.5502 0.7952 0.2546
vn 0.4371 0.2194 -0.8722
vn 0.4320 0.2211 -0.8743
vn 0.5941 0.7589 0.2667
vn 0.8069 0.0877 0.5841
vn 0.8064 0.0806 0.5859
vn 0.2245 0.1126 0.9679
vn 0.2242 0.1307 0.9657
vn -0.7429 -0.0175 -0.6692
vn -0.4831 -0.0370 -0.8748
vn -0.7199 -0.0014 -0.6940
vn 0.1944 -0.6922 0.6950
vn -0.3013 0.2220 -0.9273
vn -0.2383 0.2362 -0.9420
vn 0.0616 0.9894 -0.1318
vn 0.6552 0.6123 -0.4424
vn 0.6516 0.6601 -0.3737
vn -0.2353 0.8535 -0.4649
vn -0.2341 0.7966 -0.5574
vn -0.2268 -0.0844 -0.9703
vn 0.9549 -0.0074 -0.2968
vn 0.6503 0.6890 -0.3201
vn -0.2361 0.9016 -0.3624
vn 0.4166 -0.9024 -0.1099
vn 0.4252 -0.8995 -0.1006
vn 0.5723 -0.2937 -0.7657
vn 0.5532 -0.3019 -0.7764
vn -0.5671 0.1974 0.7996
vn -0.5851 0.1902 0.7884
vn 0.0616 0.9894 -0.1319
vn 0.0616 0.9893 -0.1319
vn -0.0364 -0.6367 -0.7703
vn 0.1892 -0.9511 0.2442
vn 0.0967 -0.9606 0.2606
vn -0.0787 -0.6424 -0.7623
vn -0.2254 -0.0458 -0.9732
vn 0.5915 -0.0509 -0.8047
vn 0.5916 -0.0569 -0.8042
vn -0.2265 -0.0771 -0.9710
vn -0.5907 0.0964 0.8011
vn -0.5908 0.0943 0.8013
vn -0.9736 0.0564 0.2212
vn -0.9742 0.0376 0.2225
vn -0.5766 0.6258 -0.5253
vn -0.6395 0.3157 0.7010
vn -0.6571 0.2987 0.6921
vn -0.5232 0.6808 -0.5127
vn 0.9796 -0.0081 -0.2007
vn 0.6547 0.0089 -0.7559
vn 0.7702 0.0204 -0.6375
vn -0.1004 -0.0256 -0.9946
vn -0.7550 0.0304 -0.6550
vn -0.3279 0.0094 -0.9447
vn -0.2450 -0.8701 0.4276
vn -0.3042 -0.8928 0.3323
vn 0.9046 -0.1403 -0.4024
vn 0.8822 -0.0008 -0.4708
vn -0.1962 -0.8835 -0.4254
vn -0.6339 -0.6957 0.3379
vn -0.9368 0.1684 0.3068
vn -0.8725 0.1338 -0.4700
vn 0.1009 0.0529 0.9935
vn 0.3280 0.0482 0.9435
vn -0.6528 0.0787 0.7534
vn 0.7556 0.0573 0.6525
vn -0.8838 -0.2194 0.4132
vn -0.0417 -0.9872 -0.1540
vn 0.0300 -0.9994 -0.0161
vn -0.8672 -0.2243 0.4445
vn 0.2222 0.1794 0.9583
vn -0.5863 0.1497 0.7961
vn -0.5903 0.1484 0.7934
vn -0.0835 -0.9705 -0.2261
vn -0.0790 -0.9734 -0.2152
vn 0.6941 -0.4698 -0.5454
vn 0.6869 -0.4663 -0.5575
vn 0.2632 0.1011 -0.9594
vn 0.1867 0.0281 -0.9820
vn 0.2105 -0.9425 0.2596
vn 0.1834 -0.9560 0.2292
vn 0.7408 -0.5077 -0.4398
vn 0.7503 -0.5031 -0.4289
vn -0.4127 0.1856 -0.8917
vn -0.3531 0.2070 -0.9124
vn -0.0378 -0.1405 0.9894
vn -0.3509 0.7834 0.5131
vn -0.4046 0.7612 0.5068
vn -0.0896 -0.1621 0.9827
vn 0.2929 -0.4340 0.8520
vn -0.2440 -0.8042 -0.5420
vn 0.3838 0.9046 0.1855
vn 0.3760 0.9102 0.1737
vn -0.8264 0.4443 0.3460
vn -0.8424 0.4716 0.2608
vn 0.6321 0.7453 -0.2122
vn -0.2918 0.8190 -0.4940
vn 0.3527 0.8904 -0.2879
vn -0.2918 0.8192 -0.4938
vn -0.6662 0.7105 0.2268
vn -0.4689 0.8327 -0.2945
vn -0.6661 0.7105 0.2270
vn 0.1756 0.6894 0.7028
vn -0.4652 0.7237 0.5097
vn 0.1757 0.6896 0.7026
vn 0.8872 0.0047 0.4613
vn 0.9111 -0.1484 0.3844
vn 0.0617 0.9893 -0.1319
vn 0.0617 0.9893 -0.1318
vn -0.2610 0.1921 -0.9460
vn -0.2996 0.0166 -0.9539
vn 0.0453 0.9893 -0.1384
vn -0.0080 -0.9315 -0.3636
vn 0.0384 -0.8465 -0.5310
vn 0.8606 -0.4863 -0.1513
vn 0.8467 -0.5092 -0.1545
vn 0.0615 0.9893 -0.1319
vn 0.0077 0.0584 0.9983
vn -0.2905 -0.3780 0.8790
vn 0.0610 0.9894 -0.1319
vn 0.3427 -0.9385 0.0416
vn 0.3456 -0.9103 0.2278
vn -0.7030 -0.6819 0.2020
vn -0.6980 -0.7055 0.1231
vn 0.7748 -0.5985 -0.2036
vn 0.3793 0.9178 0.1175
vn 0.3717 0.9284 0.0009
vn 0.7808 -0.6154 -0.1076
vn -0.3818 -0.9098 -0.1629
vn -0.3907 -0.8883 -0.2415
vn 0.7607 -0.5639 -0.3216
vn -0.5283 0.6709 -0.5204
vn -0.7300 0.2137 0.6491
vn -0.7279 0.2083 0.6533
vn -0.5392 0.6554 -0.5289
vn -0.8063 -0.0587 -0.5885
vn -0.1671 -0.5209 0.8371
vn 0.0340 0.9564 0.2899
vn 0.2243 0.9690 0.1038
vn -0.0700 -0.5202 0.8512
vn 0.7623 -0.4915 -0.4210
vn 0.3488 0.6743 -0.6509
vn 0.3322 0.6593 -0.6745
vn -0.4367 -0.8249 0.3589
vn 0.7332 -0.4039 0.5471
vn 0.7145 -0.3688 0.5945
vn -0.5122 -0.6833 0.5203
vn -0.0392 0.7320 -0.6802
vn -0.0174 0.8220 -0.5693
vn -0.8164 0.5044 -0.2811
vn -0.8212 0.4955 -0.2830
vn -0.6964 0.2554 0.6706
vn 0.7240 -0.5275 -0.4445
vn 0.3416 0.9366 0.0782
vn 0.7367 -0.5312 -0.4184
vn 0.6246 0.7785 -0.0609
vn 0.6091 0.7801 -0.1431
vn 0.9505 -0.2370 -0.2010
vn 0.9575 -0.2372 -0.1640
vn 0.9365 -0.2930 0.1926
vn 0.6010 0.7992 0.0094
vn 0.6115 0.7886 -0.0639
vn 0.9459 -0.3243 0.0039
vn 0.3089 0.1509 -0.9390
vn 0.2858 0.1165 -0.9512
vn 0.8454 -0.3563 -0.3979
vn 0.7109 -0.5250 -0.4680
vn 0.1423 0.7019 -0.6979
vn 0.1823 0.7197 -0.6700
vn -0.4228 0.9061 -0.0156
vn -0.4152 0.9097 -0.0077
vn 0.2365 0.1080 -0.9656
vn 0.1714 0.0819 -0.9818
vn -0.6228 -0.1086 0.7748
vn -0.8210 0.4779 -0.3123
vn -0.8303 0.4618 -0.3121
vn -0.6965 -0.4426 0.5648
vn -0.6345 0.0588 0.7707
vn -0.6292 0.0067 0.7772
vn 0.1306 0.9855 0.1083
vn 0.3631 -0.7053 -0.6088
vn -0.0364 -0.9381 0.3445
vn -0.0938 -0.8740 0.4768
vn 0.3807 -0.7392 -0.5556
vn -0.9001 0.1508 0.4087
vn -0.6395 -0.1148 0.7602
vn -0.3907 0.8106 0.4362
vn -0.0701 0.0350 -0.9969
vn 0.3603 -0.6001 -0.7142
vn -0.1198 -0.9857 -0.1181
vn -0.7430 0.2636 -0.6152
vn 0.5074 -0.8557 0.1016
vn 0.6683 -0.7403 0.0732
vn 0.7073 -0.1782 0.6841
vn 0.7612 -0.1965 0.6180
vn -0.0565 -0.9363 0.3466
vn -0.3272 -0.2818 0.9020
vn -0.2379 -0.3236 0.9158
vn -0.4469 -0.7237 -0.5258
vn -0.6232 -0.6035 -0.4973
vn 0.4111 0.8517 -0.3249
vn 0.3418 0.8834 -0.3206
vn -0.1537 0.2446 -0.9574
vn -0.1898 0.2428 -0.9513
vn 0.3000 -0.9493 -0.0940
vn 0.9845 0.0922 0.1490
vn 0.9871 0.0920 0.1309
vn 0.2866 -0.9579 -0.0194
vn -0.4383 -0.8067 0.3965
vn -0.0292 0.2470 0.9686
vn -0.0065 0.2207 0.9753
vn -0.5276 -0.7637 0.3721
vn -0.5890 0.1256 0.7983
vn -0.5902 0.0944 0.8018
vn 0.3121 0.4188 -0.8528
vn 0.3231 0.4160 -0.8500
vn 0.0617 0.9894 -0.1318
vn -0.3425 0.0207 -0.9393
vn -0.8729 -0.0910 0.4793
vn 0.4310 -0.8970 -0.0977
vn 0.6113 -0.2766 -0.7415
vn 0.8034 0.1257 0.5820
vn -0.9946 0.0299 0.0993
vn 0.1062 0.9837 -0.1450
vn 0.1076 0.9797 -0.1690
vn -0.6717 -0.6589 0.3386
vn -0.7130 -0.6218 0.3241
vn -0.3367 -0.9398 -0.0591
vn -0.2931 -0.9559 0.0208
vn 0.8224 -0.5393 -0.1809
vn 0.7549 -0.5455 -0.3640
vn -0.8786 -0.4743 0.0553
vn -0.8646 -0.4792 0.1510
vn -0.6313 0.7624 0.1425
vn -0.6269 0.7586 0.1777
vn -0.7375 -0.6624 -0.1318
vn -0.7376 -0.6605 -0.1403
vn 0.2795 -0.9597 0.0307
vn 0.2745 -0.9592 0.0679
vn -0.0019 -0.6251 -0.7806
vn 0.3635 -0.9094 0.2022
vn 0.2789 -0.9336 0.2251
vn -0.0103 -0.6297 -0.7768
vn 0.0222 -0.6119 -0.7906
vn -0.0759 -0.3946 0.9157
vn 0.8824 0.0416 0.4686
vn -0.1648 -0.4482 0.8786
vn -0.7093 -0.6992 0.0898
vn 0.3392 -0.9011 0.2699
vn 0.3301 -0.8899 0.3148
vn -0.7244 -0.6499 0.2299
vn -0.1562 0.9603 -0.2310
vn -0.3537 0.9352 0.0187
vn 0.6547 -0.7451 0.1273
vn 0.6634 0.4008 0.6319
vn 0.3802 0.3073 0.8724
vn 0.4171 -0.8393 0.3488
vn 0.5690 -0.4879 -0.6620
vn 0.5212 -0.5225 -0.6748
vn -0.2241 0.5335 -0.8156
vn -0.2328 0.5248 -0.8188
vn -0.9497 0.0768 0.3036
vn -0.9329 0.0613 0.3548
vn -0.9773 0.0489 0.2062
vn -0.9636 0.0837 0.2540
vn 0.0173 -0.5028 0.8643
vn -0.1685 0.9556 0.2417
vn -0.1131 0.9624 0.2471
vn 0.0546 -0.5030 0.8625
vn 0.1455 0.4656 0.8730
vn 0.1750 0.4868 0.8558
vn 0.9306 -0.3585 -0.0738
vn -0.5444 0.1314 -0.8285
vn -0.5076 0.1502 -0.8484
vn -0.8575 -0.4594 0.2316
vn -0.8615 -0.3982 0.3151
vn -0.6680 0.6256 -0.4030
vn -0.6719 0.6926 -0.2625
vn -0.6325 -0.6575 0.4095
vn 0.0368 0.2359 0.9711
vn 0.4565 0.2590 0.8512
vn -0.5789 -0.6939 0.4283
vn -0.4544 0.5329 0.7138
vn -0.8427 0.2996 0.4473
vn -0.4133 0.8532 -0.3182
vn -0.3862 0.8410 -0.3790
vn 0.2774 -0.9589 0.0598
vn 0.9952 0.0879 0.0426
vn 0.9867 0.0625 -0.1501
vn 0.2779 -0.9606 -0.0014
vn -0.7668 0.3656 -0.5277
vn -0.6384 0.2687 0.7212
vn -0.6149 0.3227 0.7196
vn -0.6958 0.4839 -0.5308
vn -0.2047 0.3400 0.9179
vn -0.2538 -0.0664 0.9650
vn -0.8778 0.2192 0.4259
vn -0.8907 0.2731 0.3633
vn 0.9845 0.0926 0.1488
vn 0.2140 0.8884 0.4061
vn -0.5911 0.6643 -0.4575
vn -0.7457 0.5644 -0.3542
vn -0.2191 0.5837 0.7819
vn 0.4314 -0.0071 -0.9021
vn 0.3997 -0.0182 -0.9165
vn 0.6204 -0.0096 -0.7843
vn 0.6189 -0.0146 -0.7853
vn -0.0885 -0.8746 -0.4768
vn -0.0344 -0.8884 -0.4578
vn -0.3381 -0.7543 0.5628
vn -0.4656 -0.7188 0.5163
vn -0.5763 -0.4401 -0.6886
vn 0.4600 -0.6781 -0.5733
vn -0.7762 0.6111 -0.1549
vn -0.7701 0.6091 -0.1896
vn -0.0236 -0.6342 -0.7728
vn 0.1345 0.4661 -0.8745
vn -0.0246 0.5082 -0.8609
vn -0.1166 -0.6534 -0.7480
vn 0.6947 -0.7179 0.0455
vn 0.8001 -0.5995 -0.0193
vn 0.6975 -0.0703 0.7132
vn 0.6504 -0.1408 0.7465
vn -0.1292 0.2672 -0.9549
vn -0.1377 0.2534 -0.9575
vn -0.2073 -0.6395 -0.7403
vn -0.2041 -0.6424 -0.7387
vn 0.5200 -0.2372 0.8206
vn 0.0061 0.7103 0.7038
vn 0.0215 0.7136 0.7003
vn 0.4856 -0.2552 0.8361
vn -0.6600 0.7400 0.1296
vn -0.7807 0.6235 0.0417
vn 0.2340 0.6008 -0.7644
vn 0.0062 0.2829 -0.9591
vn 0.1201 -0.8809 -0.4578
vn 0.0642 -0.8914 -0.4486
vn 0.1459 0.2765 -0.9499
vn -0.1607 0.4649 0.8706
vn -0.0775 0.4500 0.8897
vn -0.3737 -0.9268 -0.0375
vn -0.6328 0.7587 0.1548
vn -0.7063 -0.1712 0.6869
vn -0.7100 -0.1727 0.6827
vn 0.4576 -0.5625 -0.6886
vn 0.3841 -0.6034 -0.6988
vn -0.2688 0.5112 -0.8163
vn -0.2310 0.5316 -0.8149
vn -0.4261 0.7563 0.4965
vn -0.6151 0.6576 0.4351
vn -0.0833 0.8977 0.4326
vn -0.7093 0.0999 0.6978
vn -0.0667 0.9120 0.4047
vn -0.3187 -0.9476 -0.0237
vn 0.8551 -0.5050 0.1175
vn 0.8244 -0.4694 0.3162
vn -0.3158 -0.9478 0.0447
vn -0.8261 0.5602 0.0612
vn -0.8028 0.5420 0.2484
vn -0.7047 -0.7087 0.0332
vn -0.0333 -0.7893 0.6130
vn -0.0277 0.4495 0.8928
vn -0.1356 -0.7819 0.6085
vn -0.8739 0.1226 0.4705
vn 0.0616 0.9894 -0.1317
vn 0.6022 0.1570 -0.7827
vn 0.5945 0.1556 -0.7889
vn -0.1659 0.9855 0.0358
vn 0.0336 -0.7896 -0.6127
vn -0.1658 0.9855 0.0358
vn 0.0617 0.9893 -0.1320
vn 0.8362 -0.2147 -0.5046
vn 0.8452 -0.2408 -0.4770
vn 0.6941 0.5091 -0.5090
vn 0.6952 0.6944 0.1857
vn -0.8642 0.0126 0.5029
vn 0.9264 -0.1495 -0.3455
vn 0.4633 -0.2752 0.8424
vn 0.3809 -0.4448 0.8106
vn 0.9720 0.0152 -0.2344
vn -0.8489 -0.5282 0.0175
vn -0.7371 -0.6749 0.0334
vn 0.5770 0.0858 -0.8122
vn 0.5089 0.2120 -0.8343
vn 0.1486 -0.0098 -0.9889
vn -0.6036 0.5999 -0.5251
vn -0.9848 0.0023 -0.1736
vn -0.9866 0.0492 -0.1553
vn -0.8950 -0.4288 0.1228
vn -0.9281 -0.3659 0.0694
vn 0.8453 -0.4838 -0.2265
vn 0.8185 0.5745 0.0012
vn 0.8069 0.5383 0.2430
vn 0.8570 -0.3749 -0.3536
vn -0.8312 0.5514 0.0716
vn -0.8021 0.5969 -0.0194
vn 0.0884 -0.9069 -0.4120
vn -0.0380 0.6837 -0.7287
vn -0.4962 0.3610 -0.7896
vn -0.8731 0.4686 -0.1349
vn 0.0395 0.9991 -0.0178
vn 0.3510 -0.7408 0.5727
vn 0.0686 0.4532 0.8888
vn 0.1790 -0.7763 0.6044
vn -0.2761 0.1368 0.9513
vn 0.0861 0.1335 0.9873
vn -0.0700 0.6325 -0.7714
vn -0.0840 0.5853 -0.8064
vn 0.6013 0.7795 -0.1757
vn 0.6017 0.7796 -0.1737
vn 0.9632 -0.2324 -0.1351
vn 0.9514 -0.2364 -0.1972
vn 0.3411 -0.0037 0.9400
vn 0.3401 0.0051 0.9404
vn -0.0613 -0.9794 -0.1922
vn 0.7644 -0.4858 -0.4239
vn 0.5510 0.1671 -0.8176
vn -0.1452 -0.8514 -0.5040
vn -0.2037 -0.8186 -0.5370
vn 0.5941 0.1405 -0.7920
vn 0.2384 -0.3041 -0.9223
vn 0.9144 -0.3932 -0.0964
vn 0.1633 -0.4544 -0.8757
vn -0.7904 0.4999 0.3541
vn -0.9829 0.1730 -0.0631
vn -0.9795 0.1425 -0.1424
vn -0.6221 0.4418 0.6464
vn -0.5935 0.4680 0.6548
vn -0.1658 0.9855 0.0359
vn 0.3980 0.1611 -0.9031
vn -0.4517 0.2849 -0.8454
vn -0.4818 0.1515 -0.8631
vn -0.8618 -0.4294 0.2700
vn -0.8589 -0.5072 0.0714
vn -0.1019 -0.9799 0.1714
vn -0.1006 -0.9041 0.4152
vn -0.7233 -0.6281 0.2871
vn 0.3297 -0.8944 0.3023
vn 0.3326 -0.8761 0.3489
vn -0.7239 -0.6346 0.2708
vn -0.6467 0.6483 -0.4020
vn 0.6022 0.5435 -0.5848
vn 0.6041 0.5986 -0.5260
vn -0.6633 0.6021 -0.4445
vn 0.9862 0.1615 -0.0368
vn 0.3404 -0.8166 0.4662
vn 0.9865 0.1632 -0.0144
vn -0.1524 0.9576 -0.2444
vn 0.9625 0.1763 -0.2064
vn 0.9249 0.2192 -0.3107
vn 0.4763 0.8024 -0.3595
vn 0.4798 0.8056 -0.3474
vn -0.1457 0.9409 0.3058
vn -0.1954 0.9511 0.2394
vn -0.3350 0.9202 0.2026
vn -0.2846 0.9401 0.1878
vn 0.1054 0.3944 -0.9129
vn 0.1376 0.4243 -0.8950
vn 0.4030 -0.8895 -0.2156
vn -0.6044 0.7750 0.1849
vn -0.5936 0.7798 0.1991
vn -0.8350 -0.2234 0.5029
vn -0.7656 -0.1982 0.6120
vn -0.1523 0.9577 -0.2443
vn 0.9159 0.2357 -0.3250
vn -0.8018 0.5456 -0.2437
vn -0.8587 -0.5121 -0.0175
vn -0.8017 0.4827 -0.3526
vn -0.0756 -0.3804 0.9217
vn 0.0045 -0.4369 0.8995
vn -0.5837 -0.6257 -0.5176
vn -0.6548 0.2822 -0.7012
vn -0.8571 -0.5049 -0.1022
vn -0.8187 -0.4779 -0.3185
vn -0.1374 -0.9321 -0.3351
vn -0.1049 -0.9907 -0.0864
vn 0.2892 -0.8207 0.4928
vn 0.4130 -0.7295 0.5452
vn -0.1798 -0.1744 0.9681
vn -0.1442 -0.1742 0.9741
vn 0.0947 0.6826 -0.7246
vn 0.0674 0.6914 -0.7193
vn 0.5095 -0.3105 -0.8025
vn 0.2828 0.3018 -0.9104
vn 0.1625 0.3414 -0.9258
vn 0.0452 0.9893 -0.1384
vn 0.2196 -0.0423 -0.9747
vn -0.2378 -0.9710 0.0226
vn -0.8967 0.3262 -0.2991
vn 0.8374 0.3810 -0.3919
vn -0.3960 0.0262 0.9179
vn -0.1659 0.9855 0.0357
vn 0.0615 0.9894 -0.1317
vn -0.0011 0.9568 -0.2908
vn -0.0000 0.9278 -0.3731
vn 0.1523 -0.3132 -0.9374
vn -0.0340 0.7854 0.6180
vn -0.2052 0.7799 0.5914
vn -0.8465 0.1111 -0.5207
vn -0.6904 0.0716 0.7198
vn -0.6673 0.1811 0.7225
vn -0.8212 0.2311 -0.5217
vn -0.0598 0.6624 -0.7467
vn -0.8297 0.4665 -0.3064
vn 0.9020 -0.1015 0.4196
vn -0.1290 -0.5093 0.8508
vn -0.1385 -0.2445 0.9597
vn 0.8291 -0.0500 0.5568
vn 0.9644 0.0825 0.2514
vn 0.9499 0.0763 0.3031
vn 0.8044 0.0684 -0.5901
vn 0.9967 0.0811 -0.0048
vn -0.3980 0.9128 -0.0915
vn -0.9360 0.0278 -0.3508
vn -0.9760 0.0245 -0.2162
vn -0.4383 0.8861 0.1510
vn 0.0581 0.7150 0.6967
vn 0.0276 0.7113 0.7023
vn -0.6868 0.1445 0.7124
vn -0.6215 0.1741 0.7638
vn -0.7811 0.1117 0.6143
vn -0.8096 0.1099 0.5766
vn 0.2237 0.1646 0.9606
vn 0.1928 -0.9495 -0.2474
vn 0.2198 -0.9455 -0.2404
vn 0.1056 -0.4984 0.8605
vn 0.3828 -0.2965 0.8750
vn 0.3112 -0.3182 0.8955
vn -0.1009 0.3040 0.9473
vn -0.0517 0.2590 0.9645
vn 0.5981 0.7555 0.2673
vn 0.6035 0.7505 0.2696
vn -0.7284 0.1279 0.6731
vn -0.1511 0.5866 0.7956
vn -0.0266 0.5405 0.8409
vn -0.1102 0.9628 0.2469
vn 0.4185 -0.9017 -0.1088
vn -0.3932 -0.8866 -0.2434
vn 0.1927 -0.3647 0.9110
vn 0.3323 0.7019 0.6300
vn 0.4830 0.6804 0.5512
vn 0.2647 -0.4186 0.8687
vn -0.3314 -0.3169 0.8887
vn -0.3897 -0.9209 -0.0112
vn -0.3629 -0.9318 -0.0064
vn -0.3348 -0.3158 0.8878
vn 0.3003 0.8271 -0.4751
vn 0.4062 0.1709 -0.8976
vn 0.4183 0.1803 -0.8902
vn -0.4708 -0.0643 -0.8799
vn -0.1362 -0.0825 -0.9872
vn -0.1504 -0.0492 -0.9874
vn 0.2058 -0.9441 0.2577
vn -0.0011 0.9411 0.3380
vn 0.0616 0.9893 -0.1320
vn -0.3148 -0.9395 0.1352
vn -0.0478 -0.9799 0.1937
vn 0.7388 -0.3678 -0.5647
vn 0.7006 -0.2173 -0.6797
vn 0.0468 0.9892 -0.1386
vn 0.2894 -0.4340 0.8532
vn 0.1141 -0.4254 0.8978
vn -0.2839 -0.7944 -0.5370
vn -0.2632 -0.8017 -0.5366
vn -0.3577 0.1672 0.9188
vn -0.2233 0.6223 0.7502
vn 0.5674 0.7936 0.2196
vn -0.0812 -0.7536 -0.6523
vn 0.3710 -0.5176 -0.7710
vn 0.8131 -0.5149 -0.2714
vn -0.1295 -0.0622 0.9896
vn -0.5771 0.7240 -0.3779
vn -0.1859 0.9057 0.3810
vn 0.4776 0.8542 0.2052
vn 0.2813 0.7654 -0.5788
vn 0.1646 0.4161 -0.8943
vn 0.0617 -0.9622 -0.2653
vn 0.0331 -0.9593 -0.2804
vn 0.2169 0.4089 -0.8864
vn 0.3389 0.4526 -0.8248
vn 0.2318 -0.9711 -0.0564
vn 0.4032 -0.8871 0.2245
vn 0.4407 0.4968 -0.7477
vn 0.2392 -0.8694 0.4323
vn 0.9211 0.0169 -0.3889
vn 0.9543 -0.0690 -0.2907
vn 0.3973 0.1213 0.9096
vn 0.8349 0.0967 0.5419
vn -0.0121 -0.9758 0.2183
vn -0.0110 -0.9228 0.3851
vn -0.8539 -0.4743 0.2143
vn 0.5920 -0.0606 -0.8037
vn -0.8066 -0.0446 -0.5895
vn -0.2345 0.9116 -0.3377
vn -0.9811 0.1933 -0.0118
vn -0.9830 0.1735 -0.0599
vn 0.7561 0.1066 0.6457
vn 0.4631 -0.8320 -0.3055
vn 0.9853 0.0921 0.1442
vn -0.1657 0.9855 0.0358
vn 0.3234 -0.4349 0.8404
vn -0.2981 -0.8015 -0.5184
vn 0.5429 -0.8091 -0.2249
vn 0.9831 -0.1728 0.0610
vn 0.9624 -0.2174 0.1625
vn 0.9710 -0.2202 0.0930
vn -0.0170 -0.7015 0.7125
vn -0.0084 -0.6571 0.7537
vn 0.9725 -0.2206 0.0742
vn 0.2030 -0.9473 -0.2479
vn 0.1268 -0.4953 0.8595
vn 0.9784 -0.1739 0.1120
vn 0.9767 -0.2142 -0.0097
vn 0.0787 0.8117 -0.5788
vn -0.2309 0.9625 0.1424
vn 0.0859 0.6529 0.7525
vn 0.6052 0.3971 -0.6900
vn -0.8743 -0.0673 0.4807
vn -0.3455 0.0598 -0.9365
vn -0.3454 0.0530 -0.9370
vn 0.4083 0.7982 -0.4429
vn -0.2817 0.9505 0.1316
vn 0.0074 -0.6141 -0.7892
vn 0.5174 -0.8439 0.1419
vn 0.4654 -0.8692 0.1669
vn -0.9826 0.1505 -0.1086
vn -0.9828 0.1487 -0.1095
vn 0.0511 -0.1398 -0.9889
vn 0.0374 -0.1876 -0.9815
vn 0.9397 -0.2027 0.2754
vn 0.4698 0.8544 0.2219
vn 0.4550 0.8338 0.3126
vn -0.7885 0.6104 -0.0757
vn -0.7222 -0.6517 -0.2320
vn -0.7830 0.6126 -0.1075
vn -0.7061 -0.7081 0.0107
vn -0.7546 0.4906 0.4358
vn -0.6660 0.4032 0.6276
vn -0.6936 -0.7195 0.0354
vn -0.2487 0.6381 0.7287
vn -0.8789 0.0177 0.4766
vn -0.6982 -0.1586 0.6981
vn 0.2559 0.9396 -0.2273
vn 0.0011 -0.9245 0.3813
vn -0.3483 -0.2619 0.9001
vn 0.8069 0.3247 -0.4934
vn 0.0768 -0.7358 -0.6729
vn -0.1733 -0.8053 -0.5669
vn 0.7958 0.3241 -0.5115
vn 0.7632 -0.4177 0.4931
vn 0.8716 -0.4239 0.2462
vn 0.2684 0.9333 -0.2385
vn 0.2487 0.9313 -0.2662
vn 0.8713 -0.4876 0.0553
vn -0.8394 -0.2598 0.4775
vn -0.5547 -0.8280 0.0823
vn -0.8634 -0.2847 0.4165
vn -0.8022 0.1167 0.5856
vn -0.7895 0.1241 0.6010
vn -0.9774 -0.1546 0.1444
vn -0.9462 -0.3127 0.0838
vn -0.6093 0.7894 0.0748
vn -0.5701 0.8154 -0.1005
vn -0.6469 0.6532 -0.3935
vn -0.5974 0.2720 0.7544
vn -0.4810 0.2884 0.8279
vn -0.7971 0.6039 -0.0008
vn 0.2815 -0.8861 -0.3683
vn 0.2327 -0.8465 -0.4788
vn -0.0205 -0.9919 0.1252
vn -0.8454 -0.4753 0.2439
vn 0.6004 0.7781 -0.1846
vn 0.5974 0.7595 -0.2574
vn -0.9100 -0.1877 -0.3697
vn -0.9119 -0.1712 -0.3730
vn -0.3878 -0.8870 0.2507
vn 0.9480 0.0551 0.3134
vn 0.9547 -0.0156 -0.2970
vn 0.8021 -0.0094 -0.5972
vn 0.3475 0.0475 0.9365
vn 0.8016 0.0074 -0.5978
vn 0.1919 -0.9500 -0.2463
vn 0.2121 -0.9457 -0.2463
vn 0.0982 -0.5000 0.8604
vn 0.0291 -0.5128 0.8580
vn 0.8782 -0.4259 0.2175
vn 0.8629 -0.4716 0.1816
vn 0.8029 0.0148 -0.5959
vn 0.8008 0.1206 -0.5866
vn 0.3441 -0.0588 0.9371
vn 0.8024 0.0933 -0.5895
vn 0.9934 0.0387 -0.1078
vn 0.9462 0.0742 0.3150
vn 0.9446 0.0674 0.3211
vn 0.9953 0.0522 -0.0819
vn 0.6194 0.5914 -0.5163
vn -0.0996 -0.9919 0.0784
vn -0.2428 0.9289 -0.2795
vn -0.2361 0.9020 -0.3615
vn 0.0450 0.9893 -0.1385
vn 0.0450 0.9894 -0.1383
vn -0.6186 -0.7031 0.3508
vn 0.2470 0.7483 -0.6157
vn 0.3321 0.7800 -0.5304
vn -0.3429 0.9375 0.0599
vn -0.3900 0.9207 0.0118
vn -0.7331 -0.6724 -0.1025
vn -0.7699 0.6118 -0.1813
vn -0.6094 0.3412 0.7157
vn -0.8482 -0.4781 0.2282
vn -0.6313 0.7631 0.1380
vn 0.6013 0.6961 -0.3922
vn -0.5573 0.4973 0.6649
vn 0.0615 0.9894 -0.1318
vn -0.0071 0.8524 -0.5229
vn -0.3033 0.8849 0.3534
vn -0.6340 0.6949 -0.3393
vn 0.6329 0.7116 -0.3051
vn -0.6287 0.7009 -0.3370
vn 0.9772 0.0900 0.1924
vn 0.8546 -0.5066 0.1142
vn 0.8518 -0.5057 0.1364
vn -0.0842 -0.8068 0.5848
vn -0.1524 0.9577 -0.2443
vn 0.8751 -0.4839 -0.0086
vn 0.9403 -0.3361 -0.0530
vn -0.9508 -0.3070 0.0413
vn -0.2543 0.4750 -0.8425
vn -0.9494 -0.2185 -0.2257
vn -0.9546 -0.1442 -0.2607
vn -0.2523 0.8298 -0.4977
vn -0.4781 0.3846 -0.7896
vn -0.4973 0.5246 0.6910
vn -0.5024 0.5315 0.6820
vn -0.3411 0.4704 -0.8139
vn -0.9533 0.0979 -0.2857
vn -0.7223 -0.6876 -0.0744
vn -0.6624 0.0380 -0.7482
vn -0.7998 0.5302 -0.2812
vn -0.2423 0.0456 -0.9691
vn -0.2106 -0.9703 -0.1192
vn -0.2346 -0.9714 0.0356
vn -0.2374 -0.6619 -0.7110
vn -0.3474 -0.9377 -0.0009
vn 0.9276 -0.3589 0.1032
vn -0.9598 0.1298 -0.2491
vn -0.9398 0.3035 -0.1569
vn 0.0429 -0.8967 -0.4406
vn 0.2674 0.2604 -0.9277
vn 0.8400 0.0194 -0.5422
vn 0.9978 0.0394 -0.0524
vn -0.5161 -0.7877 -0.3365
vn -0.2642 0.9179 -0.2962
vn 0.6437 0.7450 -0.1752
vn 0.9629 -0.2427 -0.1180
vn -0.0680 -0.9848 -0.1599
vn -0.0940 -0.9757 0.1981
vn 0.9762 -0.2046 0.0721
vn -0.0996 0.4879 -0.8672
vn -0.0939 0.5393 -0.8369
vn -0.8535 0.3754 -0.3613
vn -0.8632 0.3001 -0.4061
vn -0.5876 0.1522 0.7947
vn -0.2721 -0.9622 0.0142
vn -0.0849 -0.5898 -0.8031
vn -0.0158 -0.6156 -0.7879
vn -0.0582 -0.0781 -0.9952
vn 0.3486 -0.0756 -0.9342
vn -0.6250 0.1321 0.7694
vn -0.9123 0.0859 0.4005
vn -0.9228 0.0686 0.3791
vn -0.6260 0.1162 0.7711
vn -0.7228 -0.6197 0.3058
vn -0.7283 -0.5811 0.3633
vn -0.3843 0.9232 0.0074
vn -0.5806 0.1877 0.7923
vn -0.6440 0.1668 0.7466
vn -0.3719 0.9283 -0.0025
vn -0.4705 0.7731 0.4254
vn -0.4790 0.7762 0.4099
vn -0.8803 -0.2198 0.4204
vn -0.8744 -0.2218 0.4316
vn -0.0086 0.3946 -0.9188
vn 0.2869 0.9553 -0.0709
vn 0.2485 0.9456 -0.2098
vn -0.9142 0.4050 0.0109
vn -0.8623 0.4411 0.2487
vn 0.8319 0.3270 0.4483
vn -0.5550 -0.2281 0.8000
vn -0.4334 -0.9006 -0.0327
vn -0.3934 -0.9193 -0.0139
vn -0.3881 -0.2956 0.8729
vn 0.0115 0.4530 -0.8914
vn -0.1031 0.3711 -0.9228
vn -0.1884 0.4720 0.8612
vn -0.0761 0.6989 -0.7112
vn 0.0452 -0.2136 -0.9759
vn -0.8576 -0.2932 0.4225
vn -0.8422 -0.2194 0.4925
vn -0.8902 0.3679 0.2686
vn -0.4806 0.0441 -0.8758
vn -0.5087 -0.2320 -0.8291
vn -0.8693 0.4614 0.1771
vn 0.4602 0.7967 0.3918
vn -0.4374 0.8772 0.1980
vn -0.1921 0.8778 -0.4389
vn -0.9103 0.2654 -0.3178
vn 0.3349 -0.8821 -0.3313
vn 0.0272 -0.3364 -0.9413
vn 0.8441 -0.5279 -0.0938
vn 0.9876 0.1560 -0.0185
vn 0.8580 -0.5133 -0.0176
vn 0.8469 -0.5317 0.0097
vn 0.5388 0.8341 0.1180
vn 0.7608 0.2586 -0.5952
vn -0.2368 0.8885 -0.3932
vn -0.8793 -0.3099 0.3618
vn -0.1913 0.8804 0.4340
vn -0.5079 0.8166 -0.2742
vn 0.9125 0.4057 -0.0522
vn 0.9520 0.2811 -0.1210
vn -0.4267 0.7947 -0.4317
vn 0.8135 -0.5777 -0.0676
vn 0.7711 -0.6329 -0.0699
vn -0.0070 0.2546 0.9670
vn 0.1891 0.2526 0.9489
vn 0.1375 0.9804 0.1413
vn 0.2450 0.9522 0.1824
vn 0.4273 0.2114 -0.8791
vn 0.4778 0.1826 -0.8593
vn 0.0657 0.9838 -0.1670
vn 0.0436 0.9852 -0.1659
vn -0.0479 -0.6015 -0.7974
vn -0.0931 -0.5852 -0.8056
vn -0.8056 -0.0135 -0.5923
vn -0.3483 -0.0139 -0.9373
vn -0.3474 0.0016 -0.9377
vn -0.8732 0.0196 0.4869
vn -0.7951 -0.5468 0.2622
vn 0.4891 -0.8016 0.3439
vn 0.6444 -0.7325 0.2195
vn -0.8513 -0.4911 0.1847
vn -0.0512 -0.9986 -0.0136
vn -0.0367 -0.9978 0.0546
vn 0.4913 -0.0153 -0.8709
vn 0.4287 0.1944 -0.8823
vn 0.0093 0.7081 0.7061
vn 0.8242 -0.4973 -0.2709
vn 0.6918 0.6768 0.2518
vn 0.6854 0.7278 -0.0244
vn 0.4271 -0.6873 -0.5876
vn 0.3600 -0.6998 -0.6169
vn 0.7271 -0.6824 -0.0756
vn 0.5058 -0.6608 -0.5545
vn 0.2473 -0.3324 0.9101
vn 0.1947 -0.3397 0.9201
vn -0.8600 0.5085 0.0417
vn -0.3655 -0.9267 0.0877
vn -0.3712 -0.9181 0.1388
vn -0.8654 0.5002 0.0314
vn 0.1763 0.4329 -0.8840
vn 0.3040 -0.9182 -0.2539
vn 0.3686 -0.9134 -0.1728
vn -0.0047 0.7077 0.7065
vn -0.0325 0.6946 0.7186
vn -0.6659 0.7419 -0.0788
vn -0.6831 -0.1220 0.7201
vn -0.3915 0.9196 -0.0329
vn -0.0184 -0.8164 0.5772
vn -0.9575 -0.1011 -0.2702
vn -0.0352 -0.9765 -0.2125
vn -0.9835 -0.1789 0.0262
vn -0.9798 0.1374 -0.1455
vn -0.6879 -0.7231 -0.0616
vn -0.3076 -0.3267 0.8937
vn -0.2134 -0.9764 0.0326
vn -0.2671 -0.3383 0.9024
vn 0.7779 -0.6198 0.1037
vn -0.6897 -0.7234 -0.0318
vn 0.3781 -0.9256 -0.0194
vn 0.3657 -0.9247 0.1061
vn -0.1115 0.1240 0.9860
vn -0.6265 0.1305 0.7684
vn -0.6516 -0.6998 -0.2927
vn -0.4992 -0.8613 -0.0945
vn 0.7556 0.6508 0.0744
vn 0.6487 0.7503 0.1276
vn -0.4354 0.5463 0.7156
vn -0.6592 0.1695 0.7326
vn -0.0922 0.4042 -0.9100
vn 0.0121 0.2918 -0.9564
vn 0.5065 0.7431 -0.4373
vn 0.4284 0.7129 -0.5552
vn 0.6206 -0.7706 -0.1450
vn 0.9434 -0.3075 -0.1241
vn 0.7256 0.0259 0.6876
vn 0.2702 -0.3500 0.8969
vn 0.7042 -0.2072 -0.6791
vn 0.7329 -0.2163 -0.6450
vn -0.8098 0.3390 -0.4789
vn -0.7562 -0.0339 -0.6535
vn -0.5117 0.8089 0.2895
vn -0.5936 0.6222 0.5103
vn 0.4008 0.8583 0.3203
vn 0.8521 -0.5093 -0.1206
vn 0.3361 0.1767 -0.9251
vn 0.3046 0.1423 -0.9418
vn -0.5197 0.6826 -0.5138
vn -0.1658 0.9855 0.0357
vn -0.7708 0.6208 -0.1429
vn 0.3691 -0.0416 -0.9285
vn 0.6217 -0.0361 -0.7824
vn -0.2817 -0.3393 0.8975
vn -0.3196 -0.3750 0.8702
vn -0.2568 0.9398 0.2256
vn -0.9738 0.0696 0.2163
vn -0.8071 -0.0722 -0.5860
vn -0.9744 0.0558 0.2178
vn 0.2801 -0.8290 0.4841
vn 0.2867 -0.8266 0.4843
vn 0.4126 -0.9029 -0.1209
vn 0.6979 -0.2366 -0.6760
vn 0.6486 -0.2589 -0.7158
vn 0.0086 -0.8235 -0.5673
vn -0.0873 -0.7817 -0.6175
vn 0.3055 -0.0364 -0.9515
vn 0.5119 -0.1208 -0.8505
vn -0.4844 0.1566 -0.8607
vn -0.4564 0.1675 -0.8738
vn -0.6473 0.7596 0.0636
vn -0.6334 0.7632 0.1280
vn 0.3435 -0.6732 0.6548
vn 0.0915 -0.8597 -0.5026
vn 0.2220 -0.9072 -0.3574
vn 0.0899 -0.9914 0.0955
vn 0.6967 -0.7126 -0.0828
vn 0.6588 -0.7463 -0.0950
vn -0.9904 0.1349 -0.0303
vn -0.9698 0.1045 -0.2204
vn -0.6542 -0.7435 -0.1387
vn -0.6874 -0.7258 0.0259
vn -0.9789 0.1753 -0.1049
vn -0.9874 0.0118 -0.1580
vn 0.7553 -0.4918 -0.4331
vn 0.7615 -0.4963 -0.4170
vn 0.1513 0.4188 -0.8954
vn -0.1647 0.2849 -0.9443
vn -0.0841 0.2841 -0.9551
vn -0.0441 -0.5718 -0.8192
vn 0.8455 -0.5157 0.1381
vn 0.8671 0.4421 0.2296
vn 0.7530 0.1648 -0.6370
vn 0.0641 0.4716 -0.8795
vn 0.1228 0.9566 -0.2644
vn -0.6775 0.1245 0.7249
vn 0.5697 0.7547 -0.3253
vn -0.5592 0.7874 0.2593
vn 0.0069 -0.5285 0.8489
vn -0.9803 -0.0442 -0.1924
vn -0.9751 -0.0861 -0.2046
vn 0.8702 -0.4570 -0.1844
vn 0.6617 0.6280 0.4095
vn 0.6664 0.6256 0.4057
vn 0.6451 -0.0610 -0.7617
vn 0.0619 -0.7890 -0.6113
vn -0.2310 -0.1363 -0.9633
vn 0.9770 -0.1425 0.1589
vn -0.0654 0.9633 -0.2603
vn -0.0749 0.9638 -0.2561
vn 0.0984 0.4128 -0.9055
vn 0.1357 -0.9580 -0.2525
vn 0.1225 0.0668 -0.9902
vn -0.2223 0.5333 -0.8162
vn -0.5860 0.4750 0.6564
vn -0.5424 0.4951 0.6788
vn -0.2487 0.5105 -0.8231
vn -0.2807 0.9439 -0.1738
vn -0.2867 0.9537 -0.0905
vn -0.3329 0.7905 0.5141
vn -0.0660 -0.1488 0.9867
vn -0.5096 0.1538 0.8466
vn -0.5440 0.7933 0.2736
vn -0.9489 -0.1989 0.2449
vn 0.3846 0.2330 -0.8932
vn -0.5224 0.5219 0.6744
vn -0.1509 0.9562 0.2507
vn 0.3060 -0.9267 -0.2183
vn 0.0717 0.4036 -0.9121
vn 0.7002 -0.7091 -0.0832
vn -0.9216 -0.1801 -0.3438
vn 0.4418 0.8686 0.2245
vn 0.3952 0.2496 -0.8840
vn 0.3110 -0.6417 -0.7011
vn 0.7223 -0.6331 -0.2782
vn -0.3751 -0.9113 -0.1696
vn -0.9861 0.0974 -0.1347
vn -0.2980 0.6970 -0.6522
vn 0.1107 -0.6102 -0.7845
vn 0.1092 -0.6528 -0.7497
vn 0.7177 -0.4796 -0.5048
vn -0.6380 0.4680 -0.6116
vn -0.3359 0.9419 0.0073
vn -0.5443 0.4251 -0.7231
vn 0.5526 0.7434 -0.3769
vn 0.4125 0.9001 -0.1403
vn 0.5271 0.5382 -0.6576
vn 0.8919 -0.3750 0.2526
vn 0.9386 0.0636 0.3391
vn 0.2151 -0.8486 -0.4833
vn -0.8005 0.5585 -0.2174
vn 0.4926 0.0339 -0.8696
vn 0.9927 0.0066 -0.1206
vn 0.0134 0.5263 0.8502
vn 0.3765 0.6887 -0.6196
vn -0.6119 0.7709 0.1771
vn -0.0532 0.6307 -0.7742
vn 0.1054 0.7173 0.6888
vn -0.0791 0.9637 -0.2552
vn 0.1121 0.6886 -0.7164
vn -0.8288 0.4771 -0.2925
vn 0.4841 0.1990 -0.8521
vn 0.6029 0.1414 -0.7852
vn -0.5704 0.8048 0.1642
vn -0.5626 0.8194 0.1101
vn 0.5991 -0.1878 0.7784
vn -0.5730 0.3020 0.7619
vn -0.6625 -0.7452 0.0758
vn 0.1391 0.7317 -0.6673
vn 0.0058 0.5611 -0.8277
vn 0.1148 -0.7244 -0.6798
vn 0.2164 0.8978 0.3836
vn 0.0214 -0.9072 0.4201
vn -0.0231 -0.9617 0.2731
vn 0.3605 -0.4802 0.7996
vn -0.0937 0.7767 -0.6228
vn 0.2425 0.9577 -0.1548
vn 0.9781 0.0851 -0.1899
vn 0.2874 0.0524 -0.9564
vn -0.2730 0.9578 -0.0904
vn -0.9897 0.1362 -0.0446
vn -0.2816 0.9595 -0.0077
vn -0.0217 -0.5874 0.8090
vn 0.2252 0.0879 0.9703
vn 0.2246 0.1208 0.9669
vn 0.7263 -0.6835 -0.0728
vn -0.8478 -0.3466 0.4013
vn -0.8511 -0.2488 0.4623
vn 0.3788 -0.9251 0.0257
vn 0.9457 -0.3248 -0.0133
vn -0.9524 0.0347 -0.3028
vn 0.0098 -0.9616 0.2744
vn 0.1620 -0.3426 0.9254
vn -0.9202 0.2530 0.2986
vn -0.7420 -0.3205 -0.5889
vn 0.8549 0.0216 -0.5184
vn 0.8688 0.0053 -0.4951
vn 0.2800 -0.8287 0.4846
vn -0.9208 -0.0306 -0.3889
vn 0.0901 -0.0782 -0.9929
vn -0.7345 -0.6585 -0.1640
vn -0.7800 0.6123 -0.1295
vn 0.3191 -0.8007 -0.5070
vn 0.1980 -0.8575 -0.4749
vn 0.7917 0.4473 0.4161
vn 0.9844 0.1227 -0.1262
vn -0.1774 -0.7806 -0.5993
vn -0.1453 -0.7663 -0.6259
vn 0.9434 0.0515 0.3275
vn 0.7642 -0.6428 -0.0529
vn 0.8124 -0.5827 -0.0216
vn 0.7520 -0.5020 -0.4272
vn -0.0652 -0.9915 -0.1125
vn 0.9617 -0.2401 -0.1324
vn 0.0239 0.4032 -0.9148
vn -0.0728 0.2757 0.9585
vn -0.1221 0.3214 0.9390
vn -0.0447 0.5936 -0.8035
vn -0.0424 0.5794 -0.8140
vn -0.0966 0.5839 0.8061
vn -0.0863 0.5656 0.8202
vn 0.9377 -0.3302 0.1080
vn 0.6230 0.7820 -0.0144
vn 0.9294 -0.3316 0.1620
vn -0.8245 0.4389 0.3572
vn 0.9701 -0.0131 -0.2422
vn 0.9493 -0.0633 -0.3081
vn -0.4400 -0.8339 -0.3332
vn -0.2754 -0.7887 -0.5496
vn 0.0918 0.6957 -0.7124
vn 0.7006 0.4642 -0.5419
vn 0.5815 -0.5777 -0.5728
vn 0.4917 0.4300 -0.7572
vn -0.6990 0.6683 -0.2545
vn -0.6490 -0.4293 0.6280
vn -0.1447 -0.4792 0.8657
vn 0.0641 0.9829 -0.1727
vn 0.8453 0.5341 0.0114
vn 0.9547 -0.1552 0.2539
vn 0.1103 0.0060 -0.9939
vn -0.6282 0.0902 0.7728
vn -0.6248 0.7455 0.2321
vn -0.6251 0.1180 0.7715
vn 0.1499 -0.9708 0.1875
vn 0.3664 -0.7172 -0.5927
vn -0.9826 0.0604 0.1758
vn -0.9538 0.0417 -0.2975
vn -0.8352 -0.2997 0.4611
vn 0.3693 0.2216 -0.9025
vn 0.3599 0.4028 -0.8416
vn 0.4654 0.3628 -0.8073
vn -0.5042 0.8632 -0.0273
vn -0.5649 0.8049 0.1818
vn 0.1260 0.8996 -0.4182
vn 0.3509 0.8598 -0.3710
vn 0.9862 0.1107 -0.1233
vn 0.5305 0.8148 0.2338
vn 0.9214 -0.2775 0.2721
vn -0.8517 0.0252 -0.5234
vn -0.9170 -0.0211 -0.3982
vn 0.9629 -0.1003 -0.2504
vn 0.5104 0.6208 -0.5951
vn -0.0407 0.8304 -0.5557
vn 0.0209 0.7127 -0.7011
vn -0.9251 -0.1296 -0.3569
vn -0.9647 -0.0821 -0.2502
vn -0.5343 -0.6082 0.5870
vn -0.5779 -0.6096 0.5426
vn 0.1322 0.4963 -0.8580
vn -0.8580 -0.1926 -0.4761
vn -0.8447 -0.3717 -0.3851
vn 0.2825 0.4598 -0.8419
vn -0.1694 -0.8810 0.4417
vn -0.3590 0.5726 -0.7370
vn -0.4115 0.4317 -0.8027
vn 0.3206 -0.9266 -0.1964
vn -0.3406 0.9400 -0.0183
vn 0.7128 -0.3651 0.5989
vn 0.2304 -0.8491 0.4754
vn 0.1114 -0.8947 0.4326
vn 0.4653 -0.6764 -0.5710
vn -0.2445 -0.1014 -0.9643
vn 0.9809 0.1568 -0.1148
vn 0.6255 0.2941 -0.7227
vn 0.0398 -0.6311 -0.7746
vn 0.0451 0.9893 -0.1384
vn -0.7840 0.6133 -0.0961
vn -0.5038 -0.8634 -0.0289
vn 0.2036 -0.6970 -0.6876
vn -0.8785 0.4743 -0.0568
vn -0.7678 -0.2068 0.6064
vn -0.8084 -0.2340 0.5401
vn -0.0837 0.3736 0.9238
vn 0.0077 0.5381 -0.8429
vn 0.6524 -0.3295 0.6825
vn 0.6695 -0.3000 0.6796
vn 0.7440 -0.0421 0.6668
vn 0.7927 0.3234 0.5168
vn -0.0206 0.6508 0.7589
vn -0.0248 0.3132 0.9494
vn -0.7136 0.6103 0.3440
vn 0.0394 0.8615 0.5063
vn 0.4179 0.7249 -0.5476
vn -0.8930 -0.3400 0.2949
vn 0.9473 -0.1204 0.2970
vn -0.0534 -0.7626 0.6446
vn -0.1540 -0.6444 0.7490
vn 0.6389 0.7438 -0.1966
vn -0.8882 -0.4594 0.0001
vn -0.1544 -0.1900 0.9696
vn 0.5935 0.4441 -0.6712
vn -0.1307 0.9908 0.0344
vn 0.5491 -0.5035 -0.6671
vn 0.6046 -0.4464 -0.6597
vn -0.1295 0.9910 0.0350
vn -0.5309 -0.6260 0.5712
vn 0.4142 -0.6991 -0.5828
vn 0.5878 -0.1632 -0.7924
vn 0.3493 0.1557 -0.9240
vn -0.5073 0.7836 0.3586
vn 0.7306 -0.2224 -0.6455
vn 0.2722 0.4295 -0.8611
vn 0.5154 0.7759 0.3639
vn -0.2671 0.9224 -0.2789
vn -0.0541 0.9492 -0.3101
vn 0.9567 -0.2862 0.0538
vn 0.6331 0.5338 -0.5606
vn 0.9709 -0.2328 -0.0556
vn -0.8658 0.1985 -0.4594
vn -0.8170 -0.2827 0.5027
vn -0.8806 -0.3028 0.3644
vn -0.8535 0.1187 -0.5074
vn 0.5134 -0.7093 0.4829
vn -0.0841 0.6631 0.7438
vn 0.8014 0.1019 -0.5894
vn 0.6221 0.7501 -0.2244
vn 0.6191 0.7501 -0.2323
vn -0.5682 -0.6770 0.4677
vn -0.1990 0.4747 0.8573
vn -0.1766 0.4565 0.8720
vn -0.6443 -0.6360 0.4246
vn -0.8114 -0.2702 0.5182
vn -0.0035 -0.5296 0.8483
vn 0.0017 -0.4613 0.8872
vn 0.8590 -0.5070 -0.0713
vn 0.8448 -0.5224 -0.1152
vn 0.9190 0.1916 0.3447
vn 0.8862 0.0541 0.4601
vn -0.9287 0.0948 -0.3586
vn -0.9457 0.0709 -0.3172
vn -0.0160 0.9352 -0.3537
vn -0.5310 -0.7667 -0.3608
vn -0.0130 0.5352 0.8446
vn -0.0564 0.5483 0.8344
vn 0.1876 0.7143 0.6743
vn 0.5940 -0.1005 -0.7982
vn -0.1852 0.1009 0.9775
vn 0.3451 -0.0333 0.9380
vn 0.8028 0.0866 -0.5899
vn 0.5900 -0.4974 0.6360
vn -0.8128 -0.2562 0.5232
vn 0.7359 -0.6372 -0.2289
vn 0.2627 0.8540 -0.4490
vn -0.9385 0.3426 -0.0429
vn -0.9461 -0.0181 -0.3234
vn 0.4418 -0.3099 -0.8419
vn 0.3608 -0.2604 -0.8956
vn -0.1199 -0.8036 0.5830
vn 0.8397 -0.5431 -0.0067
vn 0.8153 -0.3967 -0.4218
vn 0.6023 -0.0884 0.7934
vn -0.5590 0.8162 0.1462
vn -0.1364 0.2447 -0.9600
vn -0.1366 -0.6439 -0.7528
vn 0.0416 -0.5887 -0.8073
vn 0.6027 -0.7919 0.0982
vn -0.0179 -0.6020 0.7983
vn 0.9085 -0.2688 0.3200
vn 0.6179 0.0221 -0.7859
vn -0.8524 0.4989 0.1564
vn -0.8571 0.5094 0.0774
vn -0.9818 -0.0006 0.1897
vn 0.5088 -0.8606 -0.0211
vn 0.5366 -0.5152 0.6683
vn 0.0745 -0.5455 0.8348
vn 0.1326 -0.5775 0.8056
vn 0.6144 0.7524 -0.2374
vn 0.5449 -0.3741 -0.7504
vn -0.9687 -0.0719 -0.2375
vn -0.9586 -0.1034 -0.2653
vn -0.1917 0.4180 0.8880
vn 0.8747 -0.2095 -0.4371
vn 0.9127 -0.1225 -0.3897
vn -0.0695 0.8700 0.4882
vn -0.7147 -0.1113 0.6906
vn -0.4095 0.9123 -0.0030
vn -0.9054 0.0812 0.4167
vn -0.1094 -0.3695 0.9228
vn 0.3817 -0.9182 0.1059
vn -0.2756 -0.2387 0.9312
vn -0.4288 0.7485 0.5058
vn -0.3549 0.7632 0.5400
vn 0.8447 -0.1799 0.5041
vn 0.6151 0.5584 -0.5566
vn 0.5952 0.5783 -0.5580
vn -0.8102 0.4801 -0.3363
vn -0.1522 0.9577 -0.2443
vn 0.0917 0.9499 -0.2987
vn 0.7846 -0.6179 -0.0518
vn 0.2339 0.4727 -0.8496
vn 0.1259 0.5308 -0.8381
vn -0.8580 0.4110 0.3079
vn -0.9058 0.3442 0.2471
vn -0.5210 -0.4828 -0.7039
vn -0.8316 0.5489 -0.0844
vn -0.1524 0.9576 -0.2443
vn -0.7053 -0.5922 0.3897
vn 0.3616 0.9245 -0.1209
vn 0.9779 -0.1663 0.1266
vn -0.0171 -0.7004 0.7135
vn -0.7104 0.0731 -0.6999
vn 0.1448 0.0012 -0.9895
vn 0.0775 -0.3246 -0.9427
vn -0.1657 0.9855 0.0357
vn 0.7917 -0.6087 -0.0517
vn 0.4787 0.8158 -0.3244
vn -0.8408 0.4344 -0.3231
vn 0.6390 0.7676 0.0493
vn 0.7057 -0.3363 0.6236
vn -0.0277 -0.9958 0.0875
vn 0.0911 -0.5431 -0.8347
vn 0.4040 -0.9002 -0.1622
vn 0.0622 0.9890 -0.1340
vn -0.3886 -0.0503 0.9200
vn -0.7350 0.5162 0.4398
vn 0.4094 0.5364 0.7380
vn 0.2786 0.9387 0.2032
vn -0.3388 0.9400 -0.0400
vn -0.8149 0.3833 0.4347
vn -0.0118 0.2236 0.9746
vn 0.6139 0.7894 0.0004
vn 0.3541 0.9116 -0.2086
vn 0.2172 -0.2155 -0.9520
vn -0.2836 0.8878 -0.3624
vn -0.9426 0.2185 -0.2524
vn -0.1168 0.3905 -0.9132
vn -0.8277 -0.5566 -0.0717
vn -0.7380 0.5296 0.4181
vn -0.3773 0.6388 0.6705
vn -0.8002 -0.5987 -0.0356
vn -0.2220 0.5556 0.8013
vn -0.1262 0.0663 -0.9898
vn -0.1729 -0.6777 -0.7147
vn -0.8313 0.5070 -0.2278
vn -0.1525 0.9576 -0.2443
vn -0.0753 -0.7610 0.6443
vn -0.4668 0.8626 0.1949
vn -0.3209 0.8978 -0.3016
vn -0.3503 0.3166 -0.8815
vn -0.8263 0.2330 0.5128
vn -0.0399 -0.9589 0.2809
vn 0.0187 0.9925 0.1211
vn 0.8396 -0.3653 0.4020
vn 0.3865 0.6496 0.6547
vn 0.5371 -0.6619 0.5228
vn -0.2605 -0.7862 -0.5604
vn -0.4311 0.7491 0.5030
vn -0.5550 0.4845 0.6762
vn -0.5973 0.4641 0.6541
vn -0.1535 0.9876 0.0338
vn -0.1622 0.9862 0.0332
vn 0.8366 0.1435 -0.5287
vn -0.9138 -0.3569 0.1939
vn -0.2140 -0.8097 -0.5465
vn 0.0334 -0.7741 -0.6321
vn -0.8110 -0.5821 -0.0584
vn -0.7878 -0.6160 0.0049
vn -0.1040 -0.6836 -0.7224
vn -0.7360 -0.5868 -0.3375
vn -0.8482 -0.1009 -0.5199
vn -0.6717 -0.6212 0.4036
vn -0.7221 -0.1783 0.6684
vn 0.9373 0.0941 0.3355
vn -0.9041 0.4150 0.1019
vn 0.5772 0.0739 -0.8133
vn 0.9173 0.1437 0.3714
vn -0.8407 -0.4763 0.2576
vn -0.0691 -0.3735 0.9251
vn 0.8507 0.4145 -0.3232
vn 0.8126 0.0725 0.5783
vn -0.6377 -0.6741 -0.3727
vn -0.6987 -0.1817 -0.6920
vn -0.1046 -0.0168 -0.9944
vn -0.4140 0.9103 -0.0061
vn 0.0843 -0.5398 -0.8376
vn 0.6265 -0.1579 -0.7633
vn 0.5819 0.4000 -0.7081
vn -0.6140 -0.6428 0.4581
vn -0.4757 -0.8035 -0.3579
vn -0.1353 -0.4743 -0.8699
vn 0.8270 0.3200 0.4623
vn -0.3937 0.5232 0.7558
vn -0.2831 0.3771 -0.8818
vn 0.3922 -0.2520 -0.8847
vn 0.3278 -0.3288 -0.8857
vn 0.2918 -0.9539 -0.0699
vn 0.0665 0.5935 -0.8021
vn 0.9529 -0.2661 -0.1454
vn 0.8687 -0.4917 -0.0604
vn 0.2045 -0.3688 -0.9067
vn -0.5458 0.8364 -0.0507
vn -0.1504 0.7520 -0.6418
vn -0.5933 -0.7106 0.3782
vn 0.4312 0.2479 -0.8675
vn 0.8943 -0.4358 -0.1021
vn -0.3829 -0.8470 -0.3689
vn -0.3340 0.8920 -0.3047
vn -0.3377 0.8788 -0.3371
vn 0.7884 0.3482 -0.5071
vn 0.7759 0.3477 -0.5264
vn -0.6328 -0.7216 0.2809
vn 0.0776 0.7728 0.6298
vn -0.8255 0.1042 -0.5546
vn -0.8505 -0.4801 0.2150
vn -0.7762 0.0162 -0.6303
vn -0.0700 0.3533 -0.9329
vn 0.3423 -0.4881 -0.8029
vn -0.1378 -0.2028 -0.9695
vn 0.3422 -0.4880 -0.8030
vn 0.7159 -0.3450 -0.6070
vn 0.2345 -0.4553 -0.8589
vn -0.0707 0.0629 -0.9955
vn 0.3295 0.5436 -0.7720
vn -0.9666 0.1345 0.2183
vn -0.2101 0.2973 -0.9314
vn 0.8986 -0.0117 -0.4386
vn 0.4701 0.6400 -0.6078
vn -0.4442 -0.1511 -0.8831
vn 0.5645 -0.5070 -0.6514
vn -0.2763 0.3942 -0.8765
vn -0.9426 0.2185 -0.2525
vn -0.2013 -0.2156 -0.9555
vn -0.9072 0.4119 -0.0851
vn 0.3745 -0.8987 -0.2284
vn 0.0506 0.9987 0.0033
vn -0.1902 0.3066 -0.9326
vn 0.8933 -0.0783 0.4426
vn 0.9236 -0.1892 -0.3335
vn 0.6771 0.5416 -0.4983
vn 0.6350 -0.4849 -0.6014
vn 0.8778 -0.2524 -0.4071
vn 0.2067 -0.4613 -0.8628
vn 0.0606 0.3621 -0.9301
vn -0.1173 0.3954 -0.9110
vn -0.9294 -0.1482 -0.3381
vn -0.1659 0.9855 0.0359
vn 0.9466 0.1437 0.2885
vn -0.5855 0.1209 -0.8016
vn -0.4180 -0.0553 -0.9068
vn -0.2918 0.4260 -0.8564
vn 0.1891 0.5548 -0.8102
vn 0.5439 0.2025 -0.8144
vn 0.4177 -0.2787 -0.8648
vn 0.7329 0.6225 0.2745
vn -0.7357 -0.3153 0.5995
vn -0.5372 -0.7374 0.4095
vn -0.7357 -0.3151 0.5995
vn -0.8185 -0.2129 0.5336
vn -0.9851 0.1163 0.1267
vn -0.9250 0.0153 -0.3797
vn -0.6857 -0.4361 -0.5828
vn -0.6377 -0.6741 -0.3726
vn -0.1992 -0.5542 0.8082
vn 0.3767 0.0239 -0.9260
vn 0.2747 0.1967 -0.9412
vn 0.3946 -0.7940 -0.4624
vn 0.5044 -0.1528 -0.8498
vn -0.9705 -0.1323 -0.2016
vn 0.7348 0.0590 0.6757
vn 0.3447 -0.1550 -0.9258
vn 0.1972 -0.6068 -0.7700
vn -0.0814 -0.7536 -0.6523
vn -0.6221 -0.4685 -0.6273
vn -0.2845 -0.6901 -0.6654
vn -0.6222 -0.4685 -0.6272
vn -0.6189 -0.3219 -0.7165
vn -0.4714 0.1298 -0.8723
vn -0.1152 0.2787 -0.9534
vn -0.0804 0.3409 -0.9366
vn -0.1078 0.9915 -0.0722
vn 0.6333 0.2152 0.7434
vn 0.6611 0.6097 0.4373
vn 0.2583 0.8959 0.3614
vn -0.1723 0.7878 0.5914
vn -0.2000 0.3934 0.8974
vn -0.4765 0.7608 0.4407
vn -0.5815 0.7028 -0.4098
vn -0.4766 0.7608 0.4406
vn -0.8057 0.5587 0.1968
vn -0.4398 0.7676 0.4661
vn -0.0450 0.9706 0.2363
vn -0.0159 0.9647 -0.2628
vn -0.3817 0.7558 -0.5321
vn 0.7152 0.2243 -0.6620
vn 0.3904 -0.3122 0.8661
vn 0.8320 -0.2948 -0.4699
vn 0.9053 -0.3158 -0.2840
vn -0.0269 0.4307 -0.9021
vn -0.1718 -0.9235 0.3430
vn -0.6852 -0.7257 0.0615
vn -0.5535 -0.6375 -0.5359
vn -0.1039 -0.6837 -0.7224
vn 0.3349 -0.8821 -0.3312
vn 0.0413 -0.7808 -0.6235
vn -0.4181 0.3148 -0.8522
vn -0.5620 0.8080 -0.1769
vn 0.1838 0.9820 -0.0437
vn 0.6531 0.6111 -0.4473
vn 0.2773 0.4323 0.8581
vn -0.1680 0.9836 0.0661
vn -0.0470 -0.0230 0.9986
vn 0.1573 0.5354 0.8299
vn -0.2903 0.8124 0.5057
vn -0.7689 0.0521 0.6373
vn -0.7709 0.4251 0.4743
vn -0.4764 0.3310 0.8145
vn -0.4764 0.3310 0.8146
vn -0.1066 -0.1251 0.9864
vn -0.6028 0.4388 0.6664
vn -0.9667 -0.1370 0.2161
vn 0.5471 0.8356 -0.0500
vn -0.0665 -0.1314 -0.9891
vn 0.1430 0.4409 -0.8861
vn 0.6913 0.3956 -0.6046
vn 0.8206 -0.2046 -0.5336
vn 0.5645 -0.5070 -0.6513
vn 0.1474 -0.9808 -0.1281
vn 0.2504 0.8993 0.3586
vn 0.3793 0.8892 0.2560
vn 0.9173 -0.0311 0.3969
vn -0.1912 -0.4573 -0.8685
vn -0.2255 0.1526 -0.9622
vn 0.3336 0.3938 -0.8565
vn 0.7135 -0.0670 -0.6975
vn 0.6090 0.7454 0.2712
vn 0.4868 0.1704 -0.8567
vn 0.4373 0.1996 -0.8769
vn 0.6147 0.7399 0.2731
vn 0.2465 0.8818 0.4020
vn 0.2466 0.8818 0.4021
vn 0.7330 0.6224 0.2745
vn 0.3526 0.8576 0.3745
vn 0.7666 0.6414 -0.0303
vn 0.5019 0.6337 -0.5887
vn 0.5140 -0.8248 -0.2358
vn 0.7270 -0.6106 -0.3141
vn 0.5141 -0.8247 -0.2358
vn 0.1464 -0.9808 -0.1291
vn 0.4978 -0.8411 0.2117
vn -0.0942 -0.9891 0.1132
vn -0.2308 -0.8501 -0.4733
vt 0.453150 0.000240
vt 0.468770 0.000240
vt 0.500000 0.152260
vt 0.437530 0.152260
vt 0.000240 0.000240
vt 0.015860 0.000240
vt 0.000240 0.152260
vt 0.031480 0.000240
vt 0.062710 0.000240
vt 0.062710 0.152260
vt 0.047100 0.000240
vt 0.078330 0.000240
vt 0.109570 0.000240
vt 0.125180 0.152260
vt 0.093950 0.000240
vt 0.125180 0.000240
vt 0.359440 0.000240
vt 0.375060 0.152260
vt 0.312590 0.152260
vt 0.343830 0.000240
vt 0.140800 0.000240
vt 0.172040 0.000240
vt 0.187650 0.152260
vt 0.156420 0.000240
vt 0.187650 0.000240
vt 0.203270 0.000240
vt 0.218890 0.000240
vt 0.250120 0.000240
vt 0.250120 0.152260
vt 0.234500 0.000240
vt 0.265740 0.000240
vt 0.296970 0.000240
vt 0.281360 0.000240
vt 0.312590 0.000240
vt 0.328210 0.000240
vt 0.375060 0.000240
vt 0.390680 0.000240
vt 0.406300 0.000240
vt 0.437530 0.000240
vt 0.421910 0.000240
vt 0.484380 0.000240
vt 0.500000 0.000240
vt 0.515620 0.000240
vt 0.531230 0.000240
vt 0.562470 0.000240
vt 0.562470 0.152260
vt 0.546850 0.000240
vt 0.578090 0.000240
vt 0.593700 0.000240
vt 0.624940 0.000240
vt 0.624940 0.152260
vt 0.609320 0.000240
vt 0.859200 0.000240
vt 0.874820 0.152260
vt 0.812350 0.152260
vt 0.843580 0.000240
vt 0.640560 0.000240
vt 0.671790 0.000240
vt 0.687410 0.152260
vt 0.656170 0.000240
vt 0.687410 0.000240
vt 0.703030 0.000240
vt 0.718640 0.000240
vt 0.749880 0.000240
vt 0.749880 0.152260
vt 0.734260 0.000240
vt 0.765500 0.000240
vt 0.796730 0.000240
vt 0.781110 0.000240
vt 0.812350 0.000240
vt 0.999760 1.615480
vt 0.833170 1.603270
vt 0.833170 1.519690
vt 0.999760 1.531680
vt 0.827960 0.000240
vt 0.874820 0.000240
vt 0.890430 0.000240
vt 0.921670 0.000240
vt 0.937290 0.152260
vt 0.906050 0.000240
vt 0.937290 0.000240
vt 0.952900 0.000240
vt 0.984140 0.000240
vt 0.999760 0.152260
vt 0.968520 0.000240
vt 0.999760 0.000240
vt 0.749880 0.911880
vt 0.687410 0.911880
vt 0.687410 0.709850
vt 0.749880 0.709850
vt 0.250120 2.280720
vt 0.250120 2.388720
vt 0.000240 2.395330
vt 0.000240 2.290510
vt 0.833170 2.910000
vt 0.833170 3.079640
vt 0.666590 3.079640
vt 0.666590 2.910000
vt 0.500000 4.116250
vt 0.500000 4.168170
vt 0.333410 4.168170
vt 0.333410 4.116250
vt 0.999760 2.870350
vt 0.749880 2.870350
vt 0.749880 2.526280
vt 0.999760 2.526280
vt 0.375060 0.487130
vt 0.312590 0.487130
vt 0.312590 0.314680
vt 0.375060 0.314680
vt 0.333410 2.466220
vt 0.333410 2.594620
vt 0.000240 2.593700
vt 0.000240 2.461950
vt 0.812350 0.314680
vt 0.812350 0.487130
vt 0.749880 0.487130
vt 0.749880 0.314680
vt 0.999760 3.386140
vt 0.999760 3.445000
vt 0.799850 3.445000
vt 0.799850 3.386140
vt 0.250120 4.019230
vt 0.250120 4.073710
vt 0.000240 4.073710
vt 0.000240 4.019230
vt 0.333410 3.892700
vt 0.166830 3.892700
vt 0.166830 3.778120
vt 0.333410 3.778120
vt 0.166830 1.844030
vt 0.166830 1.923730
vt 0.000240 1.923730
vt 0.000240 1.844400
vt 0.599950 3.492650
vt 0.599950 3.568120
vt 0.400050 3.568120
vt 0.400050 3.492650
vt 0.500000 8.492180
vt 0.250120 8.492180
vt 0.250120 7.860190
vt 0.500000 7.860190
vt 0.749880 5.461420
vt 0.749880 6.057390
vt 0.500000 6.057390
vt 0.500000 5.461420
vt 0.312590 0.709850
vt 0.250120 0.709850
vt 0.250120 0.487130
vt 0.500000 2.880210
vt 0.375060 2.880210
vt 0.375060 2.558430
vt 0.500000 2.558430
vt 0.874820 0.487130
vt 0.874820 0.314680
vt 0.874820 1.126070
vt 0.812350 1.126070
vt 0.812350 0.911880
vt 0.874820 0.911880
vt 0.749880 3.389400
vt 0.749880 3.579430
vt 0.500000 3.579430
vt 0.500000 3.389400
vt 0.125180 1.401520
vt 0.062710 1.401520
vt 0.062710 1.126070
vt 0.125180 1.126070
vt 0.500000 3.079200
vt 0.500000 3.194490
vt 0.333410 3.194490
vt 0.333410 3.079200
vt 0.250120 2.558430
vt 0.125180 2.558430
vt 0.125180 2.190590
vt 0.250120 2.190590
vt 0.500000 1.126070
vt 0.437530 1.126070
vt 0.437530 0.911880
vt 0.500000 0.911880
vt 0.500000 1.401520
vt 0.437530 1.401520
vt 0.999760 2.190590
vt 0.874820 2.190590
vt 0.874820 1.914000
vt 0.999760 1.914000
vt 0.999760 3.660380
vt 0.874820 3.660380
vt 0.874820 3.291230
vt 0.999760 3.291230
vt 0.375060 1.401520
vt 0.375060 1.126070
vt 0.999760 2.766400
vt 0.833170 2.766400
vt 0.833170 2.491670
vt 0.999760 2.491670
vt 0.125180 1.650410
vt 0.187650 1.401520
vt 0.375060 1.650410
vt 0.312590 1.401520
vt 0.562470 1.401520
vt 0.500000 1.650410
vt 0.749880 1.401520
vt 0.749880 1.650410
vt 0.687410 1.401520
vt 0.812350 1.401520
vt 0.333410 3.756640
vt 0.166830 3.756640
vt 0.166830 3.731490
vt 0.333410 3.731490
vt 0.999760 1.401520
vt 0.999760 1.650410
vt 0.937290 1.401520
vt 0.400050 3.214210
vt 0.200150 3.214210
vt 0.200150 3.088610
vt 0.400050 3.088610
vt 0.874820 2.558430
vt 0.874820 2.880210
vt 0.749880 2.880210
vt 0.749880 2.558430
vt 0.375060 0.911880
vt 0.312590 0.911880
vt 0.375060 0.709850
vt 0.999760 3.313700
vt 0.833170 3.313700
vt 0.833170 3.181160
vt 0.999760 3.181160
vt 0.833170 1.839410
vt 0.833170 1.923730
vt 0.666590 1.923730
vt 0.666590 1.833970
vt 0.250120 2.880210
vt 0.999760 2.880210
vt 0.833170 2.222270
vt 0.666590 2.222270
vt 0.833170 2.597360
vt 0.833170 2.770520
vt 0.666590 2.770520
vt 0.666590 2.597360
vt 0.166830 2.597360
vt 0.166830 2.770520
vt 0.000240 2.770520
vt 0.000240 2.597360
vt 0.666590 3.021190
vt 0.500000 3.021190
vt 0.500000 2.829710
vt 0.666590 2.829710
vt 0.250120 3.660380
vt 0.125180 3.660380
vt 0.125180 3.291230
vt 0.250120 3.291230
vt 0.624940 3.291230
vt 0.624940 3.660380
vt 0.500000 3.660380
vt 0.500000 3.291230
vt 0.400050 3.268460
vt 0.200150 3.268460
vt 0.200150 3.172670
vt 0.400050 3.172670
vt 0.000240 4.050410
vt 0.125180 4.050410
vt 0.000240 4.547070
vt 0.250120 4.050410
vt 0.375060 4.050410
vt 0.250120 4.547070
vt 0.250120 2.029330
vt 0.250120 2.160580
vt 0.000240 2.175680
vt 0.000240 2.047780
vt 0.749880 3.547210
vt 0.749880 3.561970
vt 0.500000 3.561970
vt 0.500000 3.547210
vt 0.749880 4.050410
vt 0.749880 4.547070
vt 0.624940 4.050410
vt 0.999760 4.050410
vt 0.999760 4.547070
vt 0.874820 4.050410
vt 0.400050 3.557020
vt 0.200150 3.557020
vt 0.200150 3.344520
vt 0.400050 3.344520
vt 0.749880 1.914000
vt 0.624940 1.914000
vt 0.624940 1.650410
vt 0.200150 3.704560
vt 0.200150 3.828480
vt 0.000240 3.828480
vt 0.000240 3.704560
vt 0.599950 3.172670
vt 0.599950 3.268460
vt 0.200150 2.224180
vt 0.200150 2.559320
vt 0.000240 2.559320
vt 0.000240 2.224180
vt 0.999760 3.525560
vt 0.833170 3.525560
vt 0.833170 3.440290
vt 0.999760 3.440290
vt 0.333410 3.262420
vt 0.166830 3.262420
vt 0.166830 3.079640
vt 0.333410 3.079640
vt 0.333410 2.736890
vt 0.000240 2.736890
vt 0.749880 3.477030
vt 0.749880 3.657620
vt 0.500000 3.657620
vt 0.500000 3.477030
vt 0.000240 9.284310
vt 0.250120 9.284310
vt 0.125180 9.216160
vt 0.500000 9.284310
vt 0.375060 9.216160
vt 0.749880 9.284310
vt 0.624940 9.216160
vt 0.999760 9.284310
vt 0.874820 9.216160
vt 0.166830 2.577720
vt 0.166830 2.661490
vt 0.000240 2.661490
vt 0.000240 2.574580
vt 0.200150 3.512840
vt 0.200150 3.527460
vt 0.000240 3.495520
vt 0.200150 4.105490
vt 0.200150 4.157400
vt 0.000240 4.157400
vt 0.000240 4.105490
vt 0.999760 3.790210
vt 0.833170 3.790210
vt 0.833170 3.768340
vt 0.999760 3.768340
vt 0.599950 3.188090
vt 0.599950 3.320090
vt 0.400050 3.320090
vt 0.400050 3.188090
vt 0.999760 3.249440
vt 0.749880 3.249440
vt 0.749880 2.966260
vt 0.999760 2.966260
vt 0.250120 3.249440
vt 0.250120 3.477030
vt 0.000240 3.477030
vt 0.000240 3.249440
vt 0.400050 2.947590
vt 0.200150 2.947590
vt 0.200150 2.798570
vt 0.400050 2.798570
vt 0.375060 2.190590
vt 0.999760 2.413670
vt 0.749880 2.412360
vt 0.749880 2.301250
vt 0.999760 2.305590
vt 0.999760 2.131270
vt 0.999760 2.224180
vt 0.799850 2.224180
vt 0.799850 2.128580
vt 0.400050 3.324840
vt 0.200150 3.324840
vt 0.200150 3.230230
vt 0.400050 3.230230
vt 0.833170 3.334700
vt 0.833170 3.393360
vt 0.666590 3.393360
vt 0.666590 3.334700
vt 0.200150 3.071150
vt 0.000240 3.071150
vt 0.000240 2.947590
vt 0.999760 3.798850
vt 0.749880 3.798850
vt 0.999760 3.657620
vt 0.599950 2.598270
vt 0.599950 2.893780
vt 0.400050 2.893780
vt 0.400050 2.598270
vt 0.999760 3.665440
vt 0.833170 3.665440
vt 0.833170 3.518960
vt 0.999760 3.518960
vt 0.833170 3.590170
vt 0.833170 3.649800
vt 0.666590 3.649800
vt 0.666590 3.590170
vt 0.500000 2.919020
vt 0.500000 3.068070
vt 0.333410 3.068070
vt 0.333410 2.919020
vt 0.999760 3.491900
vt 0.833170 3.491900
vt 0.833170 3.398180
vt 0.999760 3.398180
vt 0.400050 3.600140
vt 0.200150 3.600140
vt 0.200150 3.531260
vt 0.400050 3.531260
vt 0.166830 3.532570
vt 0.166830 3.553190
vt 0.000240 3.553190
vt 0.000240 3.532570
vt 0.666590 2.257590
vt 0.500000 2.254850
vt 0.500000 2.162630
vt 0.666590 2.174960
vt 0.333410 3.582600
vt 0.166830 3.569050
vt 0.333410 3.569050
vt 0.500000 4.135920
vt 0.250120 4.135920
vt 0.250120 4.096350
vt 0.500000 4.096350
vt 0.166830 4.116250
vt 0.166830 4.168170
vt 0.000240 4.168170
vt 0.000240 4.116250
vt 0.500000 2.334830
vt 0.333410 2.342300
vt 0.333410 2.260950
vt 0.999760 3.768770
vt 0.999760 3.893220
vt 0.666590 3.893220
vt 0.666590 3.768770
vt 0.833170 2.829710
vt 0.833170 3.021190
vt 0.400050 3.395050
vt 0.200150 3.395050
vt 0.200150 3.270800
vt 0.400050 3.270800
vt 0.799850 3.297390
vt 0.599950 3.297390
vt 0.599950 3.214210
vt 0.799850 3.214210
vt 0.624940 2.558430
vt 0.624940 2.880210
vt 0.166830 2.897280
vt 0.166830 3.080340
vt 0.000240 3.080340
vt 0.000240 2.897280
vt 0.250120 7.150360
vt 0.500000 7.150360
vt 0.833170 2.919020
vt 0.666590 2.919020
vt 0.874820 1.650410
vt 0.500000 4.050410
vt 0.999760 2.953750
vt 0.999760 3.088610
vt 0.799850 3.088610
vt 0.799850 2.953750
vt 0.250120 3.907420
vt 0.250120 3.989240
vt 0.000240 3.989240
vt 0.000240 3.907420
vt 0.999760 2.255860
vt 0.999760 2.598270
vt 0.799850 2.598270
vt 0.799850 2.255860
vt 0.599950 2.921260
vt 0.599950 3.114790
vt 0.400050 3.114790
vt 0.400050 2.921260
vt 0.666590 3.313700
vt 0.500000 3.313700
vt 0.500000 3.181160
vt 0.666590 3.181160
vt 0.666590 3.440290
vt 0.333410 2.595340
vt 0.166830 2.512320
vt 0.333410 2.543150
vt 0.333410 2.980900
vt 0.166830 2.980900
vt 0.166830 2.766400
vt 0.333410 2.766400
vt 0.999760 2.461950
vt 0.999760 2.593700
vt 0.666590 2.598140
vt 0.666590 2.468540
vt 0.799850 3.495520
vt 0.599950 3.495520
vt 0.599950 3.465190
vt 0.799850 3.465190
vt 0.749880 3.190150
vt 0.749880 3.290890
vt 0.500000 3.290890
vt 0.500000 3.190150
vt 0.999760 3.477030
vt 0.562470 0.314680
vt 0.562470 0.487130
vt 0.500000 0.487130
vt 0.500000 0.314680
vt 0.999760 3.946930
vt 0.749880 3.946930
vt 0.749880 3.852720
vt 0.999760 3.852720
vt 0.200150 3.654760
vt 0.200150 3.685690
vt 0.000240 3.685690
vt 0.000240 3.654760
vt 0.999760 3.731490
vt 0.833170 3.731490
vt 0.833170 3.701660
vt 0.999760 3.701660
vt 0.999760 3.699480
vt 0.999760 3.826980
vt 0.799850 3.826980
vt 0.799850 3.699480
vt 0.400050 2.672330
vt 0.200150 2.696470
vt 0.200150 2.618880
vt 0.400050 2.570090
vt 0.200150 2.566590
vt 0.200150 2.642960
vt 0.000240 2.646310
vt 0.000240 2.570000
vt 0.400050 2.832480
vt 0.200150 2.843070
vt 0.200150 2.774520
vt 0.400050 2.750000
vt 0.400050 3.433490
vt 0.200150 3.433490
vt 0.200150 3.396960
vt 0.400050 3.396960
vt 0.833170 3.704450
vt 0.833170 3.743490
vt 0.666590 3.743490
vt 0.666590 3.704450
vt 0.200150 2.921260
vt 0.400050 3.710240
vt 0.200150 3.710240
vt 0.200150 3.685930
vt 0.400050 3.685930
vt 0.187650 0.487130
vt 0.187650 0.709850
vt 0.125180 0.709850
vt 0.125180 0.487130
vt 0.599950 3.206240
vt 0.599950 3.337260
vt 0.400050 3.337260
vt 0.400050 3.206240
vt 0.599950 3.625460
vt 0.400050 3.625460
vt 0.799850 3.114790
vt 0.799850 2.921260
vt 0.333410 2.545580
vt 0.166830 2.553200
vt 0.166830 2.490710
vt 0.333410 2.468220
vt 0.500000 3.662650
vt 0.500000 3.701660
vt 0.333410 3.701660
vt 0.333410 3.662650
vt 0.833170 2.439130
vt 0.833170 2.509010
vt 0.666590 2.504790
vt 0.666590 2.431410
vt 0.333410 3.525560
vt 0.166830 3.525560
vt 0.166830 3.440290
vt 0.333410 3.440290
vt 0.599950 2.125400
vt 0.599950 2.028550
vt 0.799850 2.035290
vt 0.799850 3.612920
vt 0.599950 3.612920
vt 0.599950 3.535920
vt 0.799850 3.535920
vt 0.200150 3.337260
vt 0.200150 3.457260
vt 0.000240 3.457260
vt 0.000240 3.337260
vt 0.250120 2.966260
vt 0.000240 2.966260
vt 0.599950 2.224180
vt 0.400050 2.224180
vt 0.400050 2.125390
vt 0.749880 3.369020
vt 0.749880 3.428610
vt 0.500000 3.428610
vt 0.500000 3.369020
vt 0.166830 3.491900
vt 0.166830 3.590170
vt 0.000240 3.590170
vt 0.000240 3.491900
vt 0.333410 3.532570
vt 0.166830 3.496490
vt 0.333410 3.496490
vt 0.400050 3.476250
vt 0.200150 3.476250
vt 0.200150 3.445000
vt 0.400050 3.445000
vt 0.200150 3.188090
vt 0.200150 2.993110
vt 0.400050 2.993110
vt 0.400050 3.535920
vt 0.200150 3.535920
vt 0.400050 3.457260
vt 0.666590 3.768340
vt 0.999760 2.619600
vt 0.999760 2.699600
vt 0.799850 2.682820
vt 0.799850 2.599910
vt 0.999760 3.547210
vt 0.749880 3.529280
vt 0.999760 3.529280
vt 0.000240 3.535920
vt 0.999760 4.234410
vt 0.999760 4.266040
vt 0.799850 4.266040
vt 0.799850 4.234410
vt 0.500000 4.547070
vt 0.799850 3.644600
vt 0.599950 3.644600
vt 0.599950 3.600140
vt 0.799850 3.600140
vt 0.200150 1.665550
vt 0.200150 1.763370
vt 0.000240 1.763590
vt 0.000240 1.649220
vt 0.599950 3.332440
vt 0.400050 3.332440
vt 0.500000 1.562930
vt 0.500000 1.653030
vt 0.333410 1.566640
vt 0.333410 1.461210
vt 0.666590 3.802600
vt 0.500000 3.802600
vt 0.500000 3.778400
vt 0.666590 3.778400
vt 0.799850 3.625460
vt 0.799850 3.568120
vt 0.833170 3.802600
vt 0.333410 3.824340
vt 0.166830 3.824340
vt 0.166830 3.802600
vt 0.333410 3.802600
vt 0.999760 3.743490
vt 0.999760 3.704450
vt 0.400050 3.654760
vt 0.200150 3.612920
vt 0.400050 3.612920
vt 0.687410 1.126070
vt 0.749880 1.126070
vt 0.999760 3.194490
vt 0.833170 3.194490
vt 0.833170 3.079200
vt 0.999760 3.079200
vt 0.599950 3.147340
vt 0.599950 3.363450
vt 0.400050 3.363450
vt 0.400050 3.147340
vt 0.749880 7.150360
vt 0.749880 7.860190
vt 0.200150 3.943140
vt 0.000240 3.943140
vt 0.799850 3.043550
vt 0.599950 3.043550
vt 0.599950 2.843720
vt 0.799850 2.843720
vt 0.666590 3.731490
vt 0.500000 3.731490
vt 0.666590 3.701660
vt 0.166830 3.649800
vt 0.000240 3.649800
vt 0.500000 2.766400
vt 0.500000 2.980900
vt 0.250120 3.190150
vt 0.250120 3.290890
vt 0.000240 3.290890
vt 0.000240 3.190150
vt 0.833170 1.429920
vt 0.666590 1.508780
vt 0.666590 1.425760
vt 0.500000 3.393360
vt 0.500000 3.433430
vt 0.333410 3.433430
vt 0.333410 3.393360
vt 0.333410 2.491670
vt 0.166830 2.491670
vt 0.166830 2.222270
vt 0.333410 2.222270
vt 0.799850 4.018390
vt 0.599950 4.018390
vt 0.599950 3.932230
vt 0.799850 3.932230
vt 0.799850 3.453690
vt 0.599950 3.453690
vt 0.799850 3.320090
vt 0.999760 2.709310
vt 0.999760 2.788700
vt 0.799850 2.788700
vt 0.799850 2.695780
vt 0.500000 3.407310
vt 0.500000 3.460700
vt 0.333410 3.460700
vt 0.333410 3.407310
vt 0.749880 4.073710
vt 0.749880 4.117310
vt 0.500000 4.117310
vt 0.500000 4.073710
vt 0.000240 3.824340
vt 0.000240 3.802600
vt 0.599950 2.850430
vt 0.599950 3.132390
vt 0.400050 3.132390
vt 0.400050 2.850430
vt 0.999760 2.646310
vt 0.799850 2.623840
vt 0.666590 3.459910
vt 0.500000 3.459910
vt 0.666590 3.433430
vt 0.333410 3.893220
vt 0.333410 3.984230
vt 0.000240 3.984230
vt 0.000240 3.893220
vt 0.500000 3.529280
vt 0.500000 3.486180
vt 0.500000 3.502780
vt 0.333410 3.502780
vt 0.333410 3.486180
vt 0.500000 3.491900
vt 0.500000 3.590170
vt 0.333410 3.590170
vt 0.333410 3.491900
vt 0.500000 2.597360
vt 0.500000 2.530150
vt 0.666590 2.533940
vt 0.200150 3.379970
vt 0.200150 3.432050
vt 0.000240 3.432050
vt 0.000240 3.379970
vt 0.999760 3.705070
vt 0.833170 3.705070
vt 0.999760 3.649800
vt 0.250120 4.049520
vt 0.500000 4.049520
vt 0.200150 2.691950
vt 0.000240 2.776990
vt 0.000240 2.694320
vt 0.999760 3.486180
vt 0.833170 3.486180
vt 0.833170 3.459910
vt 0.999760 3.459910
vt 0.999760 3.742480
vt 0.833170 3.742480
vt 0.166830 2.287490
vt 0.166830 2.351670
vt 0.000240 2.347880
vt 0.000240 2.281890
vt 0.400050 3.482640
vt 0.200150 3.482640
vt 0.200150 3.461510
vt 0.400050 3.461510
vt 0.833170 3.277890
vt 0.666590 3.277890
vt 0.400050 1.826260
vt 0.200150 1.868290
vt 0.200150 1.767360
vt 0.400050 1.700110
vt 0.200150 3.568120
vt 0.200150 3.625460
vt 0.000240 3.625460
vt 0.000240 3.568120
vt 0.062710 0.314680
vt 0.000240 0.314680
vt 0.666590 4.047690
vt 0.500000 4.047690
vt 0.500000 3.975790
vt 0.666590 3.975790
vt 0.166830 3.021190
vt 0.166830 3.181160
vt 0.000240 3.181160
vt 0.000240 3.021190
vt 0.166830 3.068070
vt 0.166830 2.919020
vt 0.166830 3.282490
vt 0.166830 3.350930
vt 0.000240 3.350930
vt 0.000240 3.282490
vt 0.749880 2.190590
vt 0.250120 3.731940
vt 0.250120 3.852720
vt 0.000240 3.852720
vt 0.000240 3.731940
vt 0.333410 3.313700
vt 0.333410 3.181160
vt 0.599950 2.953750
vt 0.599950 3.088610
vt 0.400050 2.953750
vt 0.166830 3.171990
vt 0.000240 3.171990
vt 0.000240 3.068070
vt 0.999760 3.412030
vt 0.833170 3.412030
vt 0.833170 3.274170
vt 0.999760 3.274170
vt 0.749880 3.731940
vt 0.999760 3.731940
vt 0.999760 3.068070
vt 0.833170 3.068070
vt 0.999760 2.919020
vt 0.250120 3.657620
vt 0.333410 2.513880
vt 0.166830 2.523080
vt 0.166830 2.461310
vt 0.333410 2.435100
vt 0.666590 3.080340
vt 0.500000 3.080340
vt 0.500000 2.897280
vt 0.666590 2.897280
vt 0.999760 2.433680
vt 0.833170 2.433680
vt 0.833170 2.337850
vt 0.999760 2.347880
vt 0.312590 1.126070
vt 0.250120 1.126070
vt 0.250120 0.911880
vt 0.200150 2.130160
vt 0.333410 3.778400
vt 0.000240 3.612920
vt 0.200150 1.948850
vt 0.200150 2.037340
vt 0.000240 2.040870
vt 0.000240 1.953320
vt 0.999760 3.465190
vt 0.999760 3.495520
vt 0.333410 3.381390
vt 0.333410 3.601630
vt 0.000240 3.601630
vt 0.000240 3.381390
vt 0.999760 3.505350
vt 0.833170 3.505350
vt 0.166830 2.395420
vt 0.000240 2.456380
vt 0.000240 2.380880
vt 0.333410 3.517400
vt 0.166830 3.517400
vt 0.166830 3.502780
vt 0.333410 3.649800
vt 0.500000 3.768340
vt 0.500000 3.790210
vt 0.333410 3.790210
vt 0.333410 3.768340
vt 0.500000 2.526280
vt 0.250120 2.526280
vt 0.250120 2.410900
vt 0.500000 2.410370
vt 0.500000 2.298870
vt 0.250120 2.297360
vt 0.250120 2.188030
vt 0.500000 2.195260
vt 0.999760 3.432050
vt 0.799850 3.432050
vt 0.166830 3.662770
vt 0.166830 3.704450
vt 0.000240 3.704450
vt 0.000240 3.662770
vt 0.812350 0.709850
vt 0.874820 0.709850
vt 0.200150 3.546210
vt 0.200150 3.699480
vt 0.000240 3.699480
vt 0.000240 3.546210
vt 0.125180 2.880210
vt 0.000240 3.291230
vt 0.000240 2.880210
vt 0.375060 3.291230
vt 0.666590 2.491670
vt 0.500000 2.491670
vt 0.500000 2.222270
vt 0.874820 1.401520
vt 0.000240 3.268460
vt 0.000240 3.172670
vt 0.200150 3.114790
vt 0.000240 3.270800
vt 0.000240 3.114790
vt 0.333410 3.097240
vt 0.000240 3.097240
vt 0.166830 3.975790
vt 0.000240 3.975790
vt 0.000240 3.892700
vt 0.400050 4.088160
vt 0.200150 4.088160
vt 0.200150 4.018390
vt 0.400050 4.018390
vt 0.250120 3.579430
vt 0.000240 3.579430
vt 0.400050 3.699480
vt 0.400050 3.546210
vt 0.749880 8.492180
vt 0.999760 8.492180
vt 0.500000 6.589710
vt 0.250120 6.589710
vt 0.250120 6.057390
vt 0.500000 3.350930
vt 0.333410 3.350930
vt 0.666590 3.525560
vt 0.500000 3.525560
vt 0.500000 3.440290
vt 0.500000 1.923730
vt 0.500000 1.832530
vt 0.599950 3.433490
vt 0.599950 3.461510
vt 0.999760 4.047690
vt 0.833170 4.047690
vt 0.833170 3.975790
vt 0.999760 3.975790
vt 0.799850 3.492650
vt 0.599950 3.395050
vt 0.799850 3.395050
vt 0.000240 3.496490
vt 0.400050 2.788700
vt 0.200150 2.788700
vt 0.200150 2.710810
vt 0.400050 2.699550
vt 0.833170 3.599780
vt 0.666590 3.599780
vt 0.666590 3.505350
vt 0.666590 3.984230
vt 0.500000 2.433680
vt 0.333410 2.433680
vt 0.599950 2.613770
vt 0.599950 2.523680
vt 0.799850 2.540670
vt 0.200150 3.386140
vt 0.000240 3.445000
vt 0.000240 3.386140
vt 0.999760 4.096350
vt 0.749880 4.096350
vt 0.749880 4.049520
vt 0.999760 4.049520
vt 0.400050 1.819790
vt 0.200150 1.858760
vt 0.400050 1.703480
vt 0.166830 3.407310
vt 0.166830 3.460700
vt 0.000240 3.460700
vt 0.000240 3.407310
vt 0.999760 1.978900
vt 0.999760 2.064740
vt 0.799850 2.055960
vt 0.799850 1.967240
vt 0.400050 2.733050
vt 0.200150 2.712670
vt 0.200150 2.641270
vt 0.400050 2.692510
vt 0.599950 2.788700
vt 0.599950 2.692290
vt 0.200150 3.363450
vt 0.000240 3.363450
vt 0.599950 3.546210
vt 0.599950 3.699480
vt 0.599950 3.386140
vt 0.599950 3.445000
vt 0.400050 3.386140
vt 0.937290 1.126070
vt 0.999760 2.558430
vt 0.999760 5.461420
vt 0.749880 4.992010
vt 0.999760 4.992010
vt 0.250120 3.155430
vt 0.250120 3.389400
vt 0.000240 3.389400
vt 0.000240 3.155430
vt 0.166830 3.079200
vt 0.166830 3.194490
vt 0.000240 3.194490
vt 0.000240 3.079200
vt 0.999760 6.057390
vt 0.999760 2.843720
vt 0.999760 3.043550
vt 0.999760 7.860190
vt 0.999760 0.911880
vt 0.937290 0.911880
vt 0.937290 0.709850
vt 0.999760 0.709850
vt 0.599950 4.088160
vt 0.333410 3.459910
vt 0.666590 2.980900
vt 0.666590 2.766400
vt 0.000240 2.131270
vt 0.999760 3.214210
vt 0.500000 3.171990
vt 0.500000 3.282490
vt 0.333410 3.282490
vt 0.333410 3.171990
vt 0.599950 2.826970
vt 0.799850 2.830600
vt 0.200150 3.332440
vt 0.000240 3.396960
vt 0.000240 3.332440
vt 0.999760 2.893780
vt 0.799850 2.893780
vt 0.599950 3.826980
vt 0.250120 3.369020
vt 0.000240 3.369020
vt 0.999760 3.433430
vt 0.833170 3.433430
vt 0.999760 3.393360
vt 0.799850 4.143760
vt 0.599950 4.143760
vt 0.799850 4.088160
vt 0.200150 3.492650
vt 0.000240 3.492650
vt 0.166830 3.393360
vt 0.166830 3.334700
vt 0.333410 3.334700
vt 0.000240 3.600140
vt 0.000240 3.531260
vt 0.166830 1.536960
vt 0.166830 1.457360
vt 0.333410 1.343420
vt 0.799850 3.516400
vt 0.599950 3.516400
vt 0.599950 3.498880
vt 0.799850 3.498880
vt 0.500000 3.505940
vt 0.250120 3.505940
vt 0.250120 3.473240
vt 0.500000 3.473240
vt 0.437530 0.314680
vt 0.599950 2.748860
vt 0.666590 3.517400
vt 0.666590 3.502780
vt 0.250120 0.314680
vt 0.500000 2.378860
vt 0.500000 2.464870
vt 0.333410 2.370300
vt 0.400050 3.498880
vt 0.999760 2.222270
vt 0.999760 1.923730
vt 0.599950 1.752360
vt 0.599950 1.847950
vt 0.599950 3.457260
vt 0.799850 3.457260
vt 0.062710 0.487130
vt 0.000240 0.487130
vt 0.999760 3.984230
vt 0.333410 4.047690
vt 0.666590 4.116250
vt 0.833170 2.980900
vt 0.400050 2.147980
vt 0.200150 2.153960
vt 0.200150 2.056330
vt 0.400050 2.041050
vt 0.833170 2.815890
vt 0.833170 2.970950
vt 0.666590 2.970950
vt 0.666590 2.815890
vt 0.624940 2.190590
vt 0.500000 2.633560
vt 0.333410 2.897280
vt 0.333410 2.633560
vt 0.250120 1.401520
vt 0.187650 1.126070
vt 0.624940 0.911880
vt 0.562470 0.911880
vt 0.562470 0.709850
vt 0.624940 0.709850
vt 0.333410 1.923730
vt 0.333410 1.837780
vt 0.333410 2.515590
vt 0.166830 2.510440
vt 0.166830 2.440060
vt 0.333410 2.450380
vt 0.000240 2.558430
vt 0.599950 3.704560
vt 0.599950 3.828480
vt 0.400050 3.828480
vt 0.400050 3.704560
vt 0.500000 3.731940
vt 0.749880 3.907420
vt 0.749880 3.989240
vt 0.500000 3.989240
vt 0.500000 3.907420
vt 0.000240 3.188090
vt 0.000240 2.993110
vt 0.666590 3.412030
vt 0.500000 3.412030
vt 0.500000 3.274170
vt 0.666590 3.274170
vt 0.799850 1.854820
vt 0.799850 1.756310
vt 0.200150 3.206240
vt 0.000240 3.206240
vt 0.999760 3.324840
vt 0.799850 3.324840
vt 0.599950 3.482640
vt 0.999760 3.932230
vt 0.999760 4.018390
vt 0.799850 3.699200
vt 0.599950 3.699200
vt 0.599950 3.668140
vt 0.799850 3.668140
vt 0.833170 3.892700
vt 0.666590 3.892700
vt 0.500000 3.569050
vt 0.500000 3.582600
vt 0.799850 3.515370
vt 0.599950 3.500240
vt 0.799850 3.500240
vt 0.799850 3.188090
vt 0.166830 3.459910
vt 0.166830 3.433430
vt 0.749880 4.154600
vt 0.500000 4.154600
vt 0.999760 3.476250
vt 0.799850 3.476250
vt 0.400050 1.573840
vt 0.333410 3.553190
vt 0.799850 1.870410
vt 0.599950 1.856520
vt 0.599950 1.753930
vt 0.799850 1.766830
vt 0.999760 3.433490
vt 0.999760 3.461510
vt 0.799850 3.461510
vt 0.799850 3.433490
vt 0.599950 3.379970
vt 0.599950 3.432050
vt 0.400050 3.432050
vt 0.400050 3.379970
vt 0.200150 2.953750
vt 0.000240 3.088610
vt 0.000240 2.953750
vt 0.333410 3.274170
vt 0.333410 3.080340
vt 0.375060 3.660380
vt 0.250120 4.992010
vt 0.250120 5.461420
vt 0.000240 5.461420
vt 0.000240 4.992010
vt 0.500000 4.992010
vt 0.333410 1.748870
vt 0.166830 1.765800
vt 0.166830 1.690940
vt 0.333410 1.660570
vt 0.200150 2.598270
vt 0.200150 2.893780
vt 0.000240 2.893780
vt 0.000240 2.598270
vt 0.833170 2.185600
vt 0.833170 2.266350
vt 0.166830 3.313700
vt 0.000240 3.313700
vt 0.999760 4.026300
vt 0.999760 4.105490
vt 0.799850 4.105490
vt 0.799850 4.026300
vt 0.666590 2.433680
vt 0.666590 2.333190
vt 0.999760 3.396960
vt 0.799850 3.396960
vt 0.666590 3.491900
vt 0.333410 3.021190
vt 0.333410 2.829710
vt 0.500000 2.617890
vt 0.250120 2.617890
vt 0.250120 2.502200
vt 0.500000 2.501690
vt 0.500000 4.019230
vt 0.999760 3.350930
vt 0.833170 3.350930
vt 0.833170 3.282490
vt 0.999760 3.282490
vt 0.166830 3.612500
vt 0.166830 3.662650
vt 0.000240 3.662650
vt 0.000240 3.612500
vt 0.799850 3.546210
vt 0.166830 2.357960
vt 0.333410 2.374290
vt 0.200150 3.826980
vt 0.000240 3.826980
vt 0.400050 4.105490
vt 0.200150 4.026300
vt 0.400050 4.026300
vt 0.500000 3.205350
vt 0.333410 3.205350
vt 0.666590 2.633560
vt 0.500000 2.539900
vt 0.666590 2.538460
vt 0.166830 1.615350
vt 0.333410 3.371530
vt 0.166830 3.371530
vt 0.166830 3.205350
vt 0.687410 0.314680
vt 0.624940 0.314680
vt 0.500000 3.599780
vt 0.500000 3.505350
vt 0.599950 2.046480
vt 0.599950 2.148480
vt 0.250120 3.529280
vt 0.250120 3.547210
vt 0.000240 3.547210
vt 0.000240 3.529280
vt 0.000240 3.505940
vt 0.999760 2.661490
vt 0.833170 2.661490
vt 0.833170 2.589000
vt 0.999760 2.574580
vt 0.799850 3.132390
vt 0.799850 2.850430
vt 0.250120 4.117310
vt 0.250120 4.154600
vt 0.000240 4.154600
vt 0.000240 4.117310
vt 0.666590 3.407310
vt 0.666590 3.350930
vt 0.999760 2.185320
vt 0.999760 2.329210
vt 0.666590 2.336560
vt 0.666590 2.192260
vt 0.999760 4.116250
vt 0.833170 4.116250
vt 0.166830 3.486180
vt 0.000240 3.502780
vt 0.000240 3.486180
vt 0.599950 2.947590
vt 0.599950 3.071150
vt 0.400050 3.071150
vt 0.999760 2.776990
vt 0.999760 2.842130
vt 0.799850 2.757470
vt 0.187650 0.911880
vt 0.125180 0.911880
vt 0.666590 2.466560
vt 0.666590 2.387650
vt 0.999760 4.019230
vt 0.749880 4.019230
vt 0.500000 2.190590
vt 0.375060 1.914000
vt 0.500000 1.914000
vt 0.500000 3.079640
vt 0.500000 3.262420
vt 0.833170 3.171990
vt 0.666590 3.171990
vt 0.666590 3.068070
vt 0.999760 2.921260
vt 0.999760 3.114790
vt 0.833170 3.496490
vt 0.833170 3.532570
vt 0.666590 3.532570
vt 0.666590 3.496490
vt 0.999760 3.662650
vt 0.833170 3.662650
vt 0.833170 3.612500
vt 0.999760 3.612500
vt 0.999760 3.021190
vt 0.999760 2.829710
vt 0.799850 3.363450
vt 0.799850 3.147340
vt 0.599950 3.531260
vt 0.999760 3.460700
vt 0.833170 3.460700
vt 0.833170 3.407310
vt 0.999760 3.407310
vt 0.000240 3.214210
vt 0.200150 3.132390
vt 0.999760 3.268460
vt 0.999760 3.332440
vt 0.799850 3.332440
vt 0.799850 3.268460
vt 0.000240 3.393360
vt 0.000240 3.334700
vt 0.500000 3.518960
vt 0.500000 3.665440
vt 0.333410 3.665440
vt 0.333410 3.518960
vt 0.500000 2.290230
vt 0.500000 2.182070
vt 0.000240 3.344520
vt 0.000240 3.132390
vt 0.500000 3.946930
vt 0.000240 4.049520
vt 0.999760 3.654760
vt 0.999760 3.685690
vt 0.799850 3.685690
vt 0.799850 3.654760
vt 0.999760 3.516400
vt 0.999760 3.530850
vt 0.799850 3.530850
vt 0.166830 3.277890
vt 0.000240 3.277890
vt 0.599950 3.512840
vt 0.599950 3.527460
vt 0.400050 3.527460
vt 0.400050 3.512840
vt 0.624940 1.401520
vt 0.799850 3.344520
vt 0.599950 3.344520
vt 0.000240 2.305590
vt 0.000240 2.203230
vt 0.500000 1.464990
vt 0.500000 1.357700
vt 0.000240 3.482640
vt 0.000240 3.461510
vt 0.999760 4.157400
vt 0.999760 4.198800
vt 0.799850 4.198800
vt 0.799850 4.157400
vt 0.999760 1.763590
vt 0.999760 1.862070
vt 0.200150 4.198800
vt 0.000240 4.198800
vt 0.250120 1.914000
vt 0.400050 3.826980
vt 0.999760 3.097240
vt 0.999760 3.381390
vt 0.666590 3.381390
vt 0.666590 3.097240
vt 0.500000 2.870350
vt 0.250120 2.870350
vt 0.999760 3.262420
vt 0.833170 3.262420
vt 0.999760 3.079640
vt 0.250120 3.062110
vt 0.500000 3.062110
vt 0.666590 3.665440
vt 0.666590 3.518960
vt 0.166830 3.398180
vt 0.333410 3.398180
vt 0.400050 3.644600
vt 0.599950 3.943140
vt 0.400050 3.943140
vt 0.799850 3.337260
vt 0.250120 3.428610
vt 0.999760 3.155430
vt 0.749880 3.155430
vt 0.250120 3.946930
vt 0.500000 3.852720
vt 0.999760 3.172670
vt 0.799850 3.172670
vt 0.599950 3.324840
vt 0.400050 3.297390
vt 0.200150 3.297390
vt 0.999760 3.473240
vt 0.749880 3.473240
vt 0.999760 3.428610
vt 0.250120 3.798850
vt 0.000240 3.798850
vt 0.000240 2.222270
vt 0.500000 1.740460
vt 0.666590 1.747680
vt 0.333410 3.599780
vt 0.333410 3.505350
vt 0.000240 3.557020
vt 0.999760 3.498880
vt 0.500000 3.743490
vt 0.799850 3.723570
vt 0.599950 3.723570
vt 0.749880 2.080140
vt 0.749880 2.195980
vt 0.500000 2.084130
vt 0.166830 2.970950
vt 0.000240 2.970950
vt 0.937290 0.314680
vt 0.666590 3.486180
vt 0.187650 0.314680
vt 0.999760 1.126070
vt 0.833170 3.080340
vt 0.999760 3.080340
vt 0.799850 2.559320
vt 0.599950 2.559320
vt 0.999760 3.230230
vt 0.799850 3.230230
vt 0.166830 2.829710
vt 0.000240 2.829710
vt 0.999760 2.736890
vt 0.666590 2.736890
vt 0.000240 3.440290
vt 0.500000 2.770520
vt 0.666590 3.194490
vt 0.999760 3.206240
vt 0.999760 3.337260
vt 0.799850 3.206240
vt 0.999760 3.492650
vt 0.999760 3.568120
vt 0.999760 2.764620
vt 0.799850 2.753830
vt 0.599950 4.026300
vt 0.599950 4.105490
vt 0.333410 3.612500
vt 0.400050 2.616690
vt 0.999760 2.290510
vt 0.749880 2.290470
vt 0.749880 2.176220
vt 0.999760 2.175680
vt 0.999760 3.802600
vt 0.833170 3.778400
vt 0.999760 3.778400
vt 0.166830 2.219630
vt 0.000240 2.202500
vt 0.999760 2.970950
vt 0.500000 2.339910
vt 0.500000 2.429350
vt 0.333410 2.334840
vt 0.666590 3.778560
vt 0.500000 3.778560
vt 0.500000 3.756640
vt 0.666590 3.756640
vt 0.666590 3.205350
vt 0.500000 3.371530
vt 0.666590 3.371530
vt 0.000240 8.492180
vt 0.000240 7.860190
vt 0.333410 2.335600
vt 0.749880 3.660380
vt 0.749880 3.291230
vt 0.799850 3.071150
vt 0.500000 3.334700
vt 0.000240 4.088160
vt 0.000240 4.018390
vt 0.000240 2.919020
vt 0.166830 3.518960
vt 0.000240 3.518960
vt 0.000240 3.371530
vt 0.437530 0.709850
vt 0.500000 2.602240
vt 0.333410 2.602240
vt 0.666590 3.662770
vt 0.500000 3.662770
vt 0.062710 0.709850
vt 0.062710 0.911880
vt 0.000240 0.911880
vt 0.000240 0.709850
vt 0.500000 3.398180
vt 0.400050 4.157400
vt 0.599950 3.396960
vt 0.599950 3.270800
vt 0.799850 3.270800
vt 0.599950 3.685690
vt 0.599950 3.654760
vt 0.166830 3.790210
vt 0.166830 3.768340
vt 0.999760 3.569050
vt 0.833170 3.569050
vt 0.833170 3.553190
vt 0.000240 3.324840
vt 0.000240 2.329210
vt 0.000240 2.549300
vt 0.000240 2.483710
vt 0.937290 0.487130
vt 0.999760 2.798570
vt 0.999760 2.947590
vt 0.799850 2.947590
vt 0.799850 2.798570
vt 0.999760 2.850430
vt 0.999760 3.132390
vt 0.200150 2.255860
vt 0.400050 2.255860
vt 0.500000 3.155430
vt 0.999760 2.993320
vt 0.999760 3.125160
vt 0.799850 3.125160
vt 0.799850 2.993320
vt 0.833170 2.470670
vt 0.833170 2.541230
vt 0.000240 2.255860
vt 0.999760 4.088160
vt 0.999760 3.205350
vt 0.833170 3.205350
vt 0.999760 2.980900
vt 0.500000 3.798850
vt 0.166830 3.743490
vt 0.000240 3.768340
vt 0.000240 3.743490
vt 0.000240 1.531680
vt 0.000240 1.432890
vt 0.599950 2.587570
vt 0.599950 2.673520
vt 0.000240 4.096350
vt 0.799850 3.731480
vt 0.599950 3.731480
vt 0.599950 3.710530
vt 0.799850 3.710530
vt 0.666590 4.092010
vt 0.333410 4.092010
vt 0.333410 4.048640
vt 0.666590 4.048640
vt 0.599950 1.955490
vt 0.400050 1.940350
vt 0.666590 3.553190
vt 0.624940 0.487130
vt 0.799850 2.152960
vt 0.624940 1.126070
vt 0.200150 2.850430
vt 0.666590 3.262420
vt 0.500000 0.709850
vt 0.437530 0.487130
vt 0.500000 3.277890
vt 0.599950 2.798570
vt 0.166830 3.274170
vt 0.166830 3.412030
vt 0.000240 3.412030
vt 0.000240 3.274170
vt 0.599950 4.234410
vt 0.599950 4.198800
vt 0.500000 3.553190
vt 0.500000 3.532570
vt 0.999760 3.531260
vt 0.999760 3.600140
vt 0.799850 3.531260
vt 0.999760 3.892700
vt 0.833170 3.778120
vt 0.999760 3.778120
vt 0.000240 3.473240
vt 0.400050 4.234410
vt 0.400050 4.198800
vt 0.999760 4.135920
vt 0.749880 4.135920
vt 0.500000 2.440350
vt 0.500000 2.483240
vt 0.599950 2.930680
vt 0.599950 2.993320
vt 0.400050 2.993320
vt 0.400050 2.931850
vt 0.799850 2.854030
vt 0.599950 2.869850
vt 0.599950 2.802270
vt 0.799850 2.767960
vt 0.799850 3.379970
vt 0.666590 1.669070
vt 0.666590 1.590680
vt 0.599950 2.993110
vt 0.666590 3.778120
vt 0.200150 3.125160
vt 0.000240 3.230230
vt 0.000240 3.125160
vt 0.500000 2.910000
vt 0.500000 2.669630
vt 0.666590 2.669630
vt 0.250120 1.650410
vt 0.799850 2.993110
vt 0.999760 3.546210
vt 0.166830 3.505350
vt 0.333410 3.412030
vt 0.000240 3.297390
vt 0.999760 2.694320
vt 0.799850 2.666160
vt 0.599950 2.655000
vt 0.749880 3.505940
vt 0.599950 1.938600
vt 0.400050 2.024160
vt 0.400050 1.924720
vt 0.200150 2.764860
vt 0.000240 2.764620
vt 0.000240 2.699600
vt 0.999760 2.910770
vt 0.799850 2.922770
vt 0.000240 3.778120
vt 0.200150 2.859570
vt 0.200150 2.919260
vt 0.000240 2.910770
vt 0.000240 2.831700
vt 0.500000 3.705070
vt 0.500000 3.742480
vt 0.333410 3.742480
vt 0.333410 3.705070
vt 0.000240 1.862070
vt 0.599950 3.744030
vt 0.400050 3.744030
vt 0.400050 3.723570
vt 0.000240 4.143760
vt 0.400050 4.143760
vt 0.200150 4.143760
vt 0.333410 2.192950
vt 0.999760 3.943140
vt 0.799850 3.943140
vt 0.000240 2.413670
vt 0.999760 2.156750
vt 0.333410 2.910000
vt 0.833170 1.681900
vt 0.999760 3.190150
vt 0.749880 3.062110
vt 0.999760 3.062110
vt 0.400050 3.125160
vt 0.000240 3.946930
vt 0.666590 3.398180
vt 0.666590 3.460700
vt 0.999760 3.379970
vt 0.999760 2.910000
vt 0.833170 2.669630
vt 0.999760 2.669630
vt 0.999760 3.071150
vt 0.599950 3.557020
vt 0.666590 3.282490
vt 0.166830 2.633560
vt 0.000240 2.633560
vt 0.833170 4.168170
vt 0.666590 4.218690
vt 0.666590 4.168170
vt 0.999760 4.073710
vt 0.999760 1.768040
vt 0.833170 1.758520
vt 0.999760 1.693450
vt 0.666590 2.661490
vt 0.500000 2.661490
vt 0.500000 2.604520
vt 0.666590 2.597940
vt 0.250120 2.066180
vt 0.166830 3.701660
vt 0.000240 3.731490
vt 0.000240 3.701660
vt 0.999760 7.150360
vt 0.799850 3.704560
vt 0.799850 3.557020
vt 0.000240 3.262420
vt 0.000240 3.079640
vt 0.400050 3.043550
vt 0.200150 3.043550
vt 0.200150 2.843720
vt 0.400050 2.843720
vt 0.500000 2.815890
vt 0.333410 2.815890
vt 0.333410 2.661490
vt 0.799850 3.482640
vt 0.000240 4.218690
vt 0.000240 1.650410
vt 0.000240 1.401520
vt 0.500000 3.778120
vt 0.500000 3.892700
vt 0.833170 3.502780
vt 0.333410 3.975790
vt 0.833170 2.897280
vt 0.999760 2.897280
vt 0.999760 3.171990
vt 0.833170 2.633560
vt 0.166830 2.602240
vt 0.125180 1.914000
vt 0.687410 0.487130
vt 0.999760 3.457260
vt 0.749880 6.589710
vt 0.999760 6.589710
vt 0.500000 3.649800
vt 0.500000 2.970950
vt 0.799850 3.512840
vt 0.749880 2.394410
vt 0.500000 2.391690
vt 0.599950 1.652400
vt 0.000240 2.643270
vt 0.000240 2.528430
vt 0.666590 2.481390
vt 0.666590 2.428530
vt 0.999760 3.512840
vt 0.200150 1.966290
vt 0.000240 2.064740
vt 0.000240 1.978900
vt 0.200150 3.498880
vt 0.000240 3.498880
vt 0.000240 3.476250
vt 0.799850 3.685930
vt 0.599950 3.685930
vt 0.599950 4.157400
vt 0.833170 2.602240
vt 0.666590 2.602240
vt 0.666590 3.612500
vt 0.500000 3.612500
vt 0.333410 2.970950
vt 0.166830 2.815890
vt 0.125180 0.314680
vt 0.500000 3.249440
vt 0.500000 2.966260
vt 0.999760 3.553190
vt 0.999760 3.532570
vt 0.999760 1.887320
vt 0.999760 2.993110
vt 0.999760 3.188090
vt 0.166830 4.047690
vt 0.000240 4.047690
vt 0.999760 2.203230
vt 0.250120 1.931790
vt 0.000240 2.093070
vt 0.000240 1.971720
vt 0.999760 3.502780
vt 0.999760 3.297390
vt 0.999760 3.828480
vt 0.799850 3.828480
vt 0.400050 3.668140
vt 0.599950 3.125160
vt 0.599950 3.230230
vt 0.833170 2.388320
vt 0.999760 3.334700
vt 0.999760 2.602240
vt 0.000240 2.980900
vt 0.000240 2.766400
vt 0.666590 3.742480
vt 0.666590 3.705070
vt 0.333410 3.778560
vt 0.200150 3.500240
vt 0.000240 3.500240
vt 0.999760 4.117310
vt 0.999760 3.590170
vt 0.333410 2.597360
vt 0.000240 1.914000
vt 0.562470 1.126070
vt 0.999760 3.389400
vt 0.333410 2.158370
vt 0.166830 3.665440
vt 0.333410 2.669630
vt 0.166830 2.669630
vt 0.166830 2.433680
vt 0.200150 2.794280
vt 0.000240 2.725800
vt 0.749880 1.954610
vt 0.500000 1.967060
vt 0.200150 3.644600
vt 0.000240 3.644600
vt 0.000240 7.150360
vt 0.999760 3.601630
vt 0.666590 3.601630
vt 0.000240 2.815890
vt 0.999760 3.277890
vt 0.000240 2.617890
vt 0.333410 3.743490
vt 0.999760 1.953320
vt 0.799850 1.946410
vt 0.166830 3.705070
vt 0.166830 3.742480
vt 0.000240 3.705070
vt 0.999760 4.048640
vt 0.000240 2.491670
vt 0.999760 2.770520
vt 0.999760 2.597360
vt 0.200150 3.320090
vt 0.000240 3.320090
vt 0.400050 3.453690
vt 0.749880 2.617890
vt 0.400050 3.932230
vt 0.200150 3.932230
vt 0.000240 1.615480
vt 0.500000 3.704450
vt 0.333410 3.704450
vt 0.333410 3.662770
vt 0.999760 3.668140
vt 0.999760 3.699200
vt 0.999760 3.989240
vt 0.000240 2.505330
vt 0.500000 3.496490
vt 0.000240 3.398180
vt 0.666590 3.079200
vt 0.599950 2.255860
vt 0.200150 2.993320
vt 0.200150 3.147340
vt 0.666590 3.662650
vt 0.833170 2.525930
vt 0.000240 3.756640
vt 0.200150 2.559970
vt 0.400050 2.650550
vt 0.000240 2.993320
vt 0.999760 2.559320
vt 0.999760 3.270800
vt 0.999760 3.395050
vt 0.833170 3.371530
vt 0.999760 2.505330
vt 0.749880 2.504430
vt 0.999760 2.395330
vt 0.000240 3.433430
vt 0.200150 4.234410
vt 0.000240 4.234410
vt 0.666590 4.125140
vt 0.333410 4.125140
vt 0.749880 2.052640
vt 0.999760 2.047780
vt 0.000240 2.519310
vt 0.999760 3.710530
vt 0.400050 2.512070
vt 0.999760 3.662770
vt 0.833170 3.662770
vt 0.999760 3.599780
vt 0.000240 3.932230
vt 0.000240 2.190590
vt 0.999760 2.617890
vt 0.833170 2.358230
vt 0.666590 2.350340
vt 0.200150 3.453690
vt 0.000240 3.453690
vt 0.000240 2.798570
vt 0.000240 3.428610
vt 0.999760 3.612920
vt 0.000240 2.156750
vt 0.333410 3.277890
vt 0.999760 3.371530
vt 0.999760 3.579430
vt 0.999760 3.535920
vt 0.999760 2.549300
vt 0.999760 2.483710
vt 0.000240 3.710240
vt 0.000240 3.685930
vt 0.500000 2.506640
vt 0.400050 3.465190
vt 0.000240 2.433680
vt 0.400050 3.710530
vt 0.200150 3.710530
vt 0.400050 3.685690
vt 0.599950 2.749570
vt 0.166830 2.910000
vt 0.000240 2.669630
vt 0.000240 3.062110
vt 0.000240 2.850430
vt 0.000240 3.525560
vt 0.166830 3.599780
vt 0.999760 2.093070
vt 0.000240 3.459910
vt 0.000240 3.790210
vt 0.000240 2.843720
vt 0.500000 2.554320
vt 0.599950 3.515370
vt 0.400050 3.515370
vt 0.400050 3.500240
vt 0.000240 2.910000
vt 0.400050 2.754170
vt 0.999760 1.844400
vt 0.999760 3.907420
vt 0.400050 2.559320
vt 0.000240 3.660380
vt 0.000240 2.870350
vt 0.000240 2.526280
vt 0.999760 2.633560
vt 0.999760 0.314680
vt 0.200150 3.668140
vt 0.000240 3.668140
vt 0.999760 3.482640
vt 0.999760 3.500240
vt 0.000240 2.513490
vt 0.000240 2.433990
vt 0.166830 3.778400
vt 0.000240 3.778400
vt 0.400050 3.699200
vt 0.200150 3.699200
vt 0.000240 3.433490
vt 0.000240 3.657620
vt 0.000240 3.147340
vt 0.000240 3.043550
vt 0.000240 6.589710
vt 0.000240 2.788700
vt 0.000240 2.709310
vt 0.333410 3.768770
vt 0.799850 3.710240
vt 0.599950 3.710240
vt 0.833170 3.582600
vt 0.666590 3.582600
vt 0.666590 3.569050
vt 0.000240 4.135920
vt 0.333410 2.770520
vt 0.000240 1.126070
vt 0.833170 3.824340
vt 0.666590 3.824340
vt 0.500000 3.824340
vt 0.999760 3.824340
vt 0.400050 2.876350
vt 0.999760 3.147340
vt 0.999760 3.363450
vt 0.000240 3.768770
vt 0.400050 3.516400
vt 0.200150 3.516400
vt 0.999760 3.505940
vt 0.000240 2.602240
vt 0.000240 6.057390
vt 0.200150 3.723570
vt 0.000240 3.699200
vt 0.999760 3.320090
vt 0.666590 3.790210
vt 0.333410 4.218690
vt 0.400050 2.642640
vt 0.599950 4.266040
vt 0.999760 3.369020
vt 0.999760 3.290890
vt 0.166830 4.218690
vt 0.000240 4.048640
vt 0.166830 2.423080
vt 0.000240 2.403710
vt 0.400050 2.811800
vt 0.999760 2.403710
vt 0.599950 2.748800
vt 0.799850 2.740530
vt 0.599950 3.530850
vt 0.999760 2.570000
vt 0.200150 3.515370
vt 0.999760 3.685930
vt 0.999760 3.710240
vt 0.000240 3.505350
vt 0.999760 3.625460
vt 0.999760 3.344520
vt 0.999760 3.557020
vt 0.000240 2.921260
vt 0.999760 3.453690
vt 0.000240 2.842130
vt 0.999760 4.168170
vt 0.666590 2.535750
vt 0.500000 2.498730
vt 0.666590 2.466020
vt 0.999760 3.644600
vt 0.200150 3.465190
vt 0.000240 3.517400
vt 0.000240 4.026300
vt 0.000240 3.205350
vt 0.999760 0.487130
vt 0.000240 3.515370
vt 0.000240 4.266040
vt 0.200150 4.266040
vt 0.400050 4.266040
vt 0.100200 6.113120
vt 0.300100 6.113120
vt 0.500000 6.113120
vt 0.699900 6.113120
vt 0.899800 6.113120
vt 0.999760 1.971720
vt 0.999760 1.785040
vt 0.999760 2.519310
vt 0.999760 2.456380
vt 0.799850 1.649620
vt 0.599950 3.731070
vt 0.400050 3.731070
vt 0.000240 4.092010
vt 0.999760 4.092010
vt 0.799850 3.731070
vt 0.000240 4.125140
vt 0.166830 6.449640
vt 0.500000 6.449640
vt 0.833170 2.459280
vt 0.000240 3.599780
vt 0.999760 2.281890
vt 0.400050 3.495520
vt 0.200150 3.495520
vt 0.125180 6.290430
vt 0.375060 6.290430
vt 0.624940 6.290430
vt 0.999760 4.154600
vt 0.874820 6.290430
vt 0.799850 3.527460
vt 0.000240 3.395050
vt 0.125180 6.357050
vt 0.375060 6.357050
vt 0.624940 6.357050
vt 0.874820 6.357050
vt 0.999760 3.515370
vt 0.999760 3.704560
vt 0.000240 3.665440
vt 0.999760 3.517400
vt 0.833170 3.517400
vt 0.599950 3.476250
vt 0.999760 3.561970
vt 0.166830 2.436470
vt 0.000240 2.493370
vt 0.000240 2.383850
vt 0.999760 2.202500
vt 0.999760 3.756640
vt 0.833170 3.756640
vt 0.000240 1.768040
vt 0.083540 5.979550
vt 0.250120 5.979550
vt 0.416710 5.979550
vt 0.583290 5.979550
vt 0.749880 5.979550
vt 0.916460 5.979550
vt 0.999760 2.513490
vt 0.999760 2.433990
vt 0.400050 3.731480
vt 0.000240 3.582600
vt 0.166830 3.582600
vt 0.083540 5.967300
vt 0.250120 5.967300
vt 0.416710 5.967300
vt 0.583290 5.967300
vt 0.749880 5.967300
vt 0.999760 3.582600
vt 0.916460 5.967300
vt 0.000240 2.722480
vt 0.333410 2.484750
vt 0.833170 2.436100
vt 0.833170 2.520610
vt 0.999760 2.383850
vt 0.999760 2.493370
vt 0.833170 2.377520
vt 0.999760 2.328080
vt 0.500000 2.068160
vt 0.999760 2.815890
vt 0.400050 4.187220
vt 0.999760 1.432890
vt 0.083540 5.987210
vt 0.250120 5.987210
vt 0.500000 3.517400
vt 0.416710 5.987210
vt 0.583290 5.987210
vt 0.749880 5.987210
vt 0.916460 5.987210
vt 0.000240 2.185320
vt 0.500000 4.218690
vt 0.999760 1.649220
vt 0.083540 6.157740
vt 0.250120 6.157740
vt 0.416710 6.157740
vt 0.583290 6.157740
vt 0.749880 6.157740
vt 0.916460 6.157740
vt 0.999760 2.831700
vt 0.166830 3.778560
vt 0.000240 2.619600
vt 0.833170 3.778560
vt 0.000240 3.778560
vt 0.083540 6.111230
vt 0.250120 6.111230
vt 0.416710 6.111230
vt 0.583290 6.111230
vt 0.749880 6.111230
vt 0.999760 3.778560
vt 0.916460 6.111230
vt 0.599950 2.710610
vt 0.599950 2.675040
vt 0.799850 2.622940
vt 0.799850 2.687390
vt 0.999760 2.643270
vt 0.999760 2.528430
vt 0.999760 2.380880
vt 0.999760 2.722480
vt 0.200150 3.731070
vt 0.999760 2.040870
vt 0.999760 3.496490
vt 0.000240 3.465190
vt 0.000240 1.693450
vt 0.100200 6.128370
vt 0.300100 6.128370
vt 0.500000 6.128370
vt 0.699900 6.128370
vt 0.899800 6.128370
vt 0.000240 3.744030
vt 0.000240 3.723570
vt 0.200150 3.744030
vt 0.999760 3.731480
vt 0.899800 6.334640
vt 0.999760 3.723570
vt 0.999760 3.744030
vt 0.100200 6.431340
vt 0.300100 6.431340
vt 0.500000 6.431340
vt 0.799850 3.744030
vt 0.699900 6.431340
vt 0.899800 6.431340
vt 0.000240 3.561970
vt 0.250120 3.561970
vt 0.125180 6.461090
vt 0.375060 6.461090
vt 0.624940 6.461090
vt 0.874820 6.461090
vt 0.599950 4.187220
vt 0.000240 3.731070
vt 0.100200 6.274310
vt 0.300100 6.274310
vt 0.500000 6.274310
vt 0.699900 6.274310
vt 0.999760 3.731070
vt 0.899800 6.274310
vt 0.400050 3.530850
vt 0.000240 1.887320
vt 0.833170 4.218690
vt 0.000240 3.742480
vt 0.000240 3.527460
vt 0.000240 3.512840
vt 0.100200 6.310950
vt 0.300100 6.310950
vt 0.500000 6.310950
vt 0.699900 6.310950
vt 0.999760 3.527460
vt 0.899800 6.310950
vt 0.000240 3.710530
vt 0.999760 4.125140
vt 0.833170 6.449640
vt 0.000240 3.516400
vt 0.000240 3.731480
vt 0.200150 3.731480
vt 0.100200 6.334640
vt 0.300100 6.334640
vt 0.500000 6.334640
vt 0.699900 6.334640
vt 0.000240 2.328080
vt 0.999760 2.725800
vt 0.999760 4.143760
vt 0.000240 3.530850
vt 0.200150 3.530850
vt 0.100200 6.357040
vt 0.300100 6.357040
vt 0.500000 6.357040
vt 0.699900 6.357040
vt 0.899800 6.357040
vt 0.000240 1.785040
s 1
usemtl Bark_NormalTree.002
f 39/1/1 38/2/2 37/3/3 32/4/4
f 4/5/5 3/6/6 77/7/7
f 3/6/6 2/8/8 77/7/7
f 6/9/9 1/10/10 5/11/11
f 6/9/9 9/12/12 1/10/10
f 10/13/13 7/14/14 8/15/15
f 11/16/16 7/14/14 10/13/13
f 30/17/17 27/18/18 22/19/19 28/20/20
f 11/16/16 14/21/21 7/14/14
f 15/22/22 12/23/23 13/24/24
f 16/25/25 12/23/23 15/22/22
f 16/25/25 19/26/26 12/23/23
f 19/26/26 18/27/27 12/23/23
f 21/28/28 17/29/29 20/30/30
f 20/30/30 17/29/29 12/23/23 18/27/27
f 21/28/28 24/31/31 17/29/29
f 25/32/32 22/19/19 23/33/33
f 26/34/34 22/19/19 25/32/32
f 26/34/34 29/35/35 22/19/19
f 29/35/35 28/20/20 22/19/19
f 31/36/36 27/18/18 30/17/17
f 31/36/36 34/37/37 27/18/18
f 34/37/37 33/38/38 27/18/18
f 36/39/39 32/4/4 35/40/40
f 36/39/39 39/1/1 32/4/4
f 40/41/41 37/3/3 38/2/2
f 41/42/42 37/3/3 40/41/41
f 41/42/42 44/43/43 37/3/3
f 44/43/43 43/44/44 37/3/3
f 46/45/45 42/46/46 45/47/47
f 46/45/45 49/48/48 42/46/46
f 49/48/48 48/49/49 42/46/46
f 51/50/50 47/51/51 50/52/52
f 70/53/53 67/54/54 62/55/55 68/56/56
f 51/50/50 54/57/57 47/51/51
f 55/58/58 52/59/59 53/60/60
f 56/61/61 52/59/59 55/58/58
f 56/61/61 59/62/62 52/59/59
f 59/62/62 58/63/63 52/59/59
f 61/64/64 57/65/65 60/66/66
f 60/66/66 57/65/65 52/59/59 58/63/63
f 61/64/64 64/67/67 57/65/65
f 65/68/68 62/55/55 63/69/69
f 66/70/70 62/55/55 65/68/68
f 295/71/71 294/72/72 287/73/73 278/74/74
f 66/70/70 69/75/75 62/55/55
f 69/75/75 68/56/56 62/55/55
f 71/76/76 67/54/54 70/53/53
f 50/52/52 47/51/51 42/46/46 48/49/49
f 71/76/76 74/77/77 67/54/54
f 75/78/78 72/79/79 73/80/80
f 76/81/81 72/79/79 75/78/78
f 45/47/47 42/46/46 37/3/3 43/44/44
f 76/81/81 79/82/82 72/79/79
f 80/83/83 77/84/7 78/85/84
f 4/86/5 77/84/7 80/83/83
f 140/87/85 139/88/86 123/89/87 124/90/88
f 714/91/89 717/92/90 720/93/91 713/94/92
f 805/95/93 811/96/94 810/97/95 804/98/96
f 394/99/97 401/100/98 400/101/99 393/102/100
f 663/103/101 662/104/102 659/105/103 656/106/104
f 102/107/105 101/108/106 86/109/107 87/110/108
f 600/111/109 604/112/110 603/113/111 602/114/112
f 94/115/113 109/116/114 108/117/115 93/118/116
f 1657/119/117 1662/120/118 1666/121/119 1661/122/120
f 688/123/121 693/124/122 692/125/123 691/126/124
f 376/127/125 375/128/126 368/129/127 369/130/128
f 309/131/129 314/132/130 319/133/131 308/134/132
f 1364/135/133 1369/136/134 1368/137/135 1363/138/136
f 271/139/137 270/140/138 265/141/139 266/142/140
f 252/143/141 255/144/142 254/145/143 251/146/144
f 101/108/106 117/147/145 116/148/146 100/149/147
f 212/150/148 211/151/149 204/152/150 205/153/151
f 110/154/152 109/116/114 94/115/113 95/155/153
f 159/156/154 158/157/155 141/158/156 142/159/157
f 670/160/158 674/161/159 673/162/160 669/163/161
f 162/164/162 161/165/163 146/166/164 147/167/165
f 1009/168/166 1015/169/167 1014/170/168 1008/171/169
f 203/172/170 202/173/171 193/174/172 194/175/173
f 153/176/174 152/177/175 135/178/176 136/179/177
f 168/180/178 167/181/179 152/177/175 153/176/174
f 200/182/180 199/183/181 192/184/182 185/185/183
f 225/186/184 232/187/185 224/188/186 217/189/187
f 152/177/175 167/181/179 166/190/188 151/191/189
f 337/192/190 336/193/191 330/194/192 331/195/193
f 162/164/162 177/196/194 161/165/163
f 162/164/162 163/197/195 177/196/194
f 5/11/11 1/10/10 77/7/7 2/8/8
f 166/190/188 179/198/196 165/199/197
f 166/190/188 167/181/179 179/198/196
f 168/180/178 169/200/198 180/201/199
f 172/202/200 182/203/201 171/204/202
f 172/202/200 173/205/203 182/203/201
f 1240/206/204 1245/207/205 1235/208/206 1236/209/207
f 176/210/208 184/211/209 175/212/210
f 1516/213/211 1515/214/212 1509/215/213 1510/216/214
f 208/217/215 215/218/216 214/219/217 207/220/218
f 134/221/219 133/222/220 117/147/145 118/223/221
f 1198/224/222 1203/225/223 1196/226/224 1197/227/225
f 313/228/226 318/229/227 317/230/228 312/231/229
f 204/152/150 211/151/149 210/232/230 203/172/170
f 217/189/187 224/188/186 215/218/216 216/233/231
f 318/229/227 324/234/232 323/235/233 317/230/228
f 893/236/234 900/237/235 899/238/236 892/239/237
f 889/240/238 896/241/239 895/242/240 894/243/241
f 1190/244/242 1189/245/243 1183/246/244 1184/247/245
f 227/248/246 226/249/247 218/250/248 219/251/249
f 222/252/250 230/253/251 229/254/252 221/255/253
f 1288/256/254 1287/257/255 1282/258/256 1283/259/257
f 240/260/258 233/261/259 244/262/260
f 234/263/261 235/264/262 241/265/263
f 708/266/264 707/267/265 706/268/266 705/269/267
f 1429/270/268 1432/271/269 1431/272/270 1428/273/271
f 238/274/272 243/275/273 237/276/274
f 240/277/258 244/278/260 239/279/275
f 546/280/276 545/281/277 539/282/278 540/283/279
f 191/284/280 190/285/281 181/286/282 182/203/201
f 549/287/283 554/288/284 558/289/285 553/290/286
f 1284/291/287 1289/292/288 1288/256/254 1283/259/257
f 519/293/289 525/294/290 524/295/291 523/296/292
f 1215/297/225 1214/298/293 1209/299/294 1204/300/240
f 814/301/295 813/302/296 807/303/297 808/304/298
f 604/112/110 606/305/299 608/306/300 603/113/111
f 740/307/301 744/308/302 743/309/303 739/310/304
f 273/311/305 274/312/306 277/313/307
f 274/312/308 275/314/309 277/315/310
f 275/314/311 276/316/312 277/317/313
f 276/316/314 273/318/305 277/319/307
f 982/320/315 989/321/316 988/322/317 987/323/318
f 1539/324/319 1548/325/320 1543/326/321
f 569/327/322 575/328/323 574/329/324 573/330/325
f 1154/331/326 1153/332/327 1148/333/328 1143/334/329
f 1463/335/330 1468/336/331 1467/337/332 1462/338/333
f 736/339/334 735/340/335 731/341/336 732/342/337
f 733/343/338 738/344/339 737/345/340 736/346/334
f 1272/347/341 1271/348/342 1267/349/343 1268/350/344
f 195/351/345 204/152/150 203/172/170 194/175/173
f 655/352/346 654/353/347 650/354/348 651/355/349
f 514/356/350 523/357/292 522/358/351 518/359/352
f 1654/360/353 1653/361/354 1648/362/355 1649/363/356
f 1029/364/357 1035/365/358 1034/366/359 1028/367/360
f 1271/348/342 1277/368/361 1276/369/318 1275/370/241
f 745/371/362 748/372/363 744/308/302 741/373/364
f 234/263/261 233/261/259 226/249/247 227/248/246
f 437/374/365 442/375/366 441/376/367 436/377/368
f 362/378/369 367/379/370 360/380/371 361/381/372
f 835/382/373 841/383/374 840/384/375 834/385/376
f 904/386/377 909/387/378 908/388/379 903/389/380
f 824/390/225 829/391/381 823/392/382 818/393/225
f 1481/394/383 1480/395/384 1476/396/385 1477/397/386
f 949/398/387 956/399/388 955/400/318 954/401/389
f 778/402/390 775/403/391 776/404/392 777/405/393
f 965/406/394 964/407/395 961/408/396
f 767/409/397 766/410/398 761/411/399 762/412/400
f 392/413/401 399/414/402 398/415/403 397/416/404
f 775/403/391 785/417/405 784/418/406 774/419/407
f 620/420/408 621/421/409 623/422/410 619/423/411
f 1185/424/412 1191/425/413 1190/244/242 1184/247/245
f 1357/426/414 1356/427/415 1352/428/416 1353/429/417
f 1523/430/418 1522/431/419 1517/432/420 1518/433/421
f 206/434/422 213/435/423 212/150/148 205/153/151
f 1090/436/424 1096/437/425 1095/438/241 1089/439/426
f 266/142/140 265/141/139 262/440/427 263/441/428
f 900/237/235 906/442/429 905/443/430 899/238/236
f 183/444/431 192/184/182 191/284/280 182/203/201
f 230/253/251 237/276/274 236/445/432 229/254/252
f 1504/446/433 1513/447/434 1512/448/435 1508/449/436
f 750/450/437 753/451/438 756/452/439 749/453/440
f 434/454/441 439/455/442 438/456/443 433/457/444
f 1343/458/445 1349/459/446 1348/460/447 1342/461/448
f 1202/462/449 1201/463/450 1194/464/451 1195/465/452
f 1203/225/223 1209/299/294 1208/466/453 1202/462/449
f 983/467/454 982/320/315 971/468/455 974/469/456
f 339/470/457 338/471/458 332/472/459 333/473/460
f 602/474/112 603/475/111 605/476/461 601/477/462
f 1542/478/463 1541/479/464 1536/480/465 1537/481/466
f 1401/482/467 1406/483/468 1405/484/469 1400/485/470
f 741/373/364 744/308/302 740/307/301 737/486/340
f 90/487/471 105/488/472 104/489/473 89/490/474
f 684/491/475 687/492/476 682/493/477 683/494/478
f 1603/495/479 1608/496/480 1612/497/481 1607/498/326
f 1234/499/225 1239/500/482 1232/501/483 1233/502/426
f 464/503/484 469/504/485 468/505/486 463/506/487
f 1557/507/488 1554/508/489 1555/509/490 1556/510/491
f 14/21/21 13/24/24 12/23/23 7/14/14
f 1437/511/492 1436/512/493 1444/513/494 1435/514/495
f 1338/515/496 1337/516/497 1327/517/498 1330/518/499
f 1303/519/500 1302/520/501 1297/521/502 1298/522/503
f 1135/523/504 1141/524/505 1140/525/506 1134/526/507
f 1342/461/448 1341/527/508 1337/516/497 1338/515/496
f 79/82/82 78/85/84 77/84/7 72/79/79
f 1496/528/509 1495/529/510 1491/530/511 1492/531/512
f 99/532/513 115/533/514 114/534/515 98/535/516
f 1580/536/517 1585/537/518 1584/538/519 1579/539/520
f 1369/136/134 1373/540/521 1372/541/522 1368/137/135
f 1350/542/523 1349/459/446 1343/458/445 1344/543/524
f 1079/544/525 1078/545/526 1066/546/527 1069/547/528
f 1225/548/529 1230/549/530 1229/550/531 1224/551/532
f 1165/552/533 1172/553/534 1171/554/535 1164/555/536
f 1211/556/537 1210/557/538 1205/558/539 1206/559/540
f 518/359/352 517/560/541 511/561/542 512/562/543
f 1601/563/544 1600/564/545 1596/565/546 1597/566/547
f 1583/567/548 1589/568/549 1588/569/317 1587/570/241
f 729/571/550 733/343/338 736/346/334 732/572/337
f 517/560/541 521/573/551 520/574/552 516/575/553
f 1409/576/554 1414/577/555 1413/578/556 1408/579/557
f 825/580/558 831/581/559 830/582/426 824/583/225
f 950/584/560 949/398/387 944/585/561 945/586/562
f 1668/587/563 1667/588/564 1663/589/565 1664/590/566
f 1462/338/333 1461/591/567 1456/592/568 1457/593/569
f 62/55/55 94/115/113 93/118/116 57/65/65
f 1595/594/570 1594/595/571 1589/568/549 1590/596/572
f 1141/524/505 1148/333/328 1147/597/573 1140/525/506
f 1553/598/426 1562/599/574 1561/600/575 1560/601/576
f 1427/602/577 1429/270/268 1425/603/578 1426/604/579
f 1589/568/549 1594/595/571 1593/605/580 1588/569/317
f 584/606/581 589/607/582 592/608/583 588/609/584
f 237/276/274 243/275/273 242/610/585 236/445/432
f 242/610/585 241/265/263 235/264/262 236/445/432
f 1488/611/586 1487/612/587 1482/613/588 1483/614/589
f 42/46/46 90/487/471 89/490/474 37/3/3
f 491/615/590 490/616/591 498/617/592 489/618/593
f 1289/292/288 1293/619/594 1292/620/595 1288/256/254
f 292/621/596 299/622/597 291/623/598 282/624/599
f 863/625/600 862/626/601 855/627/602 856/628/603
f 1374/629/604 1373/540/521 1369/136/134 1370/630/605
f 857/631/606 863/625/600 856/628/603
f 865/632/607 864/633/608 860/634/609 861/635/610
f 1142/636/225 1141/524/505 1135/523/504 1136/637/225
f 1604/638/611 1603/495/479 1598/639/612 1599/640/613
f 172/202/200 171/204/202 156/641/614 157/642/615
f 1012/643/317 1017/644/616 1011/645/617 1006/646/580
f 448/647/618 453/648/619 452/649/620 447/650/621
f 264/651/622 267/652/623 266/142/140 263/441/428
f 554/288/284 560/653/624 559/654/625 558/289/285
f 1576/655/626 1575/656/627 1571/657/628 1572/658/629
f 1238/659/630 1237/660/631 1230/549/530 1231/661/632
f 831/581/559 837/662/633 836/663/426 830/582/426
f 1599/640/613 1598/639/612 1594/595/571 1595/594/570
f 334/664/634 340/665/635 339/470/457 333/473/460
f 1399/666/636 1404/667/637 1403/668/638 1402/669/577
f 288/670/639 287/73/73 286/671/640 285/672/641
f 1033/673/642 1039/674/643 1038/675/644 1032/676/645
f 327/677/646 326/678/647 320/679/648 321/680/649
f 478/681/650 477/682/651 473/683/652 474/684/653
f 1474/685/654 1473/686/655 1468/336/331 1469/687/656
f 1445/688/657 1454/689/657 1453/690/658 1449/691/659
f 934/692/660 939/693/661 938/694/662 933/695/663
f 695/696/664 699/697/665 698/698/666 694/699/667
f 860/634/609 864/633/608 869/700/668 859/701/225
f 532/702/669 537/703/670 536/704/671 531/705/672
f 1444/706/673 1445/688/657 1449/691/659 1443/707/674
f 1045/708/675 1044/709/676 1039/674/643 1040/710/677
f 622/711/678 624/712/679 626/713/680 621/714/409
f 1425/603/578 1429/270/268 1428/273/271 1424/715/681
f 1050/716/682 1056/717/683 1055/718/684 1049/719/685
f 827/720/686 833/721/687 832/722/688 826/723/689
f 892/239/237 891/724/690 886/725/691 887/726/692
f 1525/727/693 1529/728/694 1533/729/695 1524/730/695
f 842/731/240 847/732/696 841/383/374 836/733/426
f 762/412/400 761/411/399 757/734/697 758/735/698
f 1328/736/699 1327/517/498 1326/737/700 1335/738/701
f 1053/739/702 1052/740/703 1046/741/704 1047/742/574
f 842/743/240 852/744/705 847/732/696
f 771/745/706 783/746/707 782/747/225 781/748/225
f 1313/749/708 1312/750/709 1307/751/710 1308/752/711
f 1022/753/712 1029/364/357 1028/367/360 1021/754/713
f 410/755/714 407/756/715 408/757/716 409/758/717
f 1367/759/718 1371/760/719 1375/761/579 1366/762/638
f 1/10/10 82/763/720 81/764/721 77/7/7
f 389/765/722 388/766/723 382/767/724 383/768/725
f 240/277/258 239/279/275 232/187/185 225/186/184
f 442/375/366 448/647/618 447/650/621 441/376/367
f 1187/769/726 1192/770/727 1197/771/225 1186/772/326
f 213/435/423 222/252/250 221/255/253 212/150/148
f 908/388/379 907/773/728 902/774/729 903/389/380
f 919/775/730 926/776/731 925/777/317 924/778/317
f 192/184/182 199/183/181 198/779/732 191/284/280
f 677/780/733 680/781/734 683/782/478 676/783/735
f 1194/464/451 1201/463/450 1200/784/736 1193/785/737
f 1507/786/738 1511/787/739 1510/216/740 1506/788/741
f 141/158/156 158/157/155 157/642/615 140/87/85
f 907/773/728 914/789/742 913/790/225 912/791/240
f 1112/792/241 1111/793/743 1105/794/744 1106/795/241
f 683/494/478 682/493/477 679/796/745 676/797/735
f 912/798/240 911/799/746 906/442/429 901/800/225
f 743/309/303 742/801/747 738/344/339 739/310/304
f 1169/802/748 1168/803/749 1157/804/750 1160/805/751
f 1099/806/752 1098/807/753 1092/808/754 1093/809/755
f 793/810/756 792/811/757 787/812/758 782/813/225
f 133/222/220 150/814/759 149/815/760 132/816/761
f 520/574/552 519/293/289 515/817/762 516/575/553
f 855/627/602 862/626/601 861/635/610 854/818/763
f 1594/595/571 1598/639/612 1602/819/764 1593/605/580
f 504/820/765 509/821/766 513/822/767 508/823/768
f 1538/824/769 1543/825/321 1542/478/463 1537/481/466
f 612/826/770 616/827/771 615/828/772 614/829/773
f 1118/830/774 1117/831/775 1111/793/743 1112/792/241
f 1158/832/776 1157/804/750 1167/833/225 1156/834/317
f 1055/835/777 1061/836/778 1054/837/779
f 838/838/780 837/662/633 831/581/559 832/722/688
f 1146/839/781 1151/840/782 1150/841/783 1145/842/784
f 658/843/785 657/844/786 652/845/787 653/846/788
f 649/847/789 648/848/790 644/849/791 645/850/792
f 1533/851/695 1538/824/769 1537/481/466 1532/852/793
f 1126/853/794 1131/854/795 1136/855/225 1125/856/317
f 142/159/157 141/158/156 125/857/796 126/858/797
f 456/859/798 460/860/799 464/861/484 455/862/800
f 209/863/801 218/250/248 217/864/187 216/865/231
f 221/255/253 220/866/802 211/151/149 212/150/148
f 329/867/803 328/868/804 322/869/805 323/235/233
f 174/870/806 173/205/203 158/157/155 159/156/154
f 1282/258/256 1287/257/255 1286/871/317 1281/872/807
f 1347/873/808 1352/428/416 1351/874/579 1346/875/809
f 606/305/299 610/876/810 609/877/811 608/306/300
f 375/128/126 380/878/812 385/879/813 374/880/814
f 481/881/815 480/882/816 475/883/817 476/884/818
f 672/885/819 677/780/733 676/783/735 675/886/820
f 461/887/821 460/860/799 456/859/798 457/888/822
f 273/318/823 276/316/824 272/889/825 269/890/826
f 259/891/827 258/892/828 253/893/829 254/145/143
f 928/894/830 934/692/660 933/695/663 927/895/831
f 1213/896/832 1212/897/833 1207/898/834 1208/466/453
f 317/230/228 316/899/835 311/900/836 312/231/229
f 1304/901/837 1309/902/838 1308/752/711 1303/519/500
f 391/903/839 390/904/840 384/905/841 385/906/813
f 1365/907/842 1364/135/133 1358/908/843 1359/909/844
f 944/585/561 949/398/387 954/401/389 943/910/317
f 1451/911/845 1450/912/846 1446/913/847 1447/914/848
f 1117/831/775 1123/915/849 1122/916/850 1116/917/851
f 625/918/852 624/712/679 622/711/678 623/422/410
f 785/417/405 790/919/853 789/920/854 784/418/406
f 1443/707/855 1440/921/856 1441/922/857 1442/923/858
f 1658/924/859 1663/589/565 1662/925/118 1657/926/117
f 764/927/860 763/928/861 759/929/862 760/930/863
f 501/931/864 500/932/865 490/616/591 493/933/866
f 932/934/867 937/935/868 942/936/225 931/937/426
f 419/938/869 420/939/870 424/940/871 418/941/872
f 1262/942/873 1261/943/874 1252/944/875 1255/945/876
f 1453/690/658 1452/946/877 1448/947/878 1449/691/659
f 451/948/879 456/859/798 455/862/800 450/949/880
f 458/950/881 462/951/882 461/887/821 457/888/822
f 1660/952/883 1665/953/884 1664/590/566 1659/954/885
f 160/955/886 175/212/210 174/870/806 159/156/154
f 201/956/887 208/217/215 199/183/181 200/182/180
f 249/957/888 252/143/141 247/958/889 248/959/890
f 665/960/891 668/961/892 671/962/893 664/963/894
f 1007/964/895 1013/965/896 1012/966/317 1006/967/580
f 256/968/897 255/144/142 252/143/141 249/957/888
f 1568/969/225 1577/970/225 1576/655/626 1572/658/629
f 269/890/898 272/889/899 267/652/623 268/971/900
f 144/972/901 143/973/902 127/974/903 128/975/904
f 477/682/651 482/976/905 481/881/815 476/884/818
f 125/857/796 141/158/156 140/87/85 124/90/88
f 322/869/805 328/868/804 327/677/646 321/680/649
f 1044/709/676 1050/716/682 1049/719/685 1043/977/906
f 341/978/907 340/665/635 334/664/634 335/979/908
f 515/817/762 519/293/289 523/296/292 514/980/350
f 1513/447/909 1514/981/910 1518/433/421 1512/448/911
f 1664/590/566 1663/589/565 1658/924/859 1659/954/885
f 916/982/912 921/983/913 920/984/914 915/985/915
f 1344/543/524 1343/458/445 1339/986/916 1340/987/917
f 1291/988/918 1297/521/502 1296/989/426 1295/990/225
f 439/455/442 444/991/919 443/992/920 438/456/443
f 474/684/653 473/683/652 467/993/921 468/505/486
f 1404/667/637 1407/994/922 1410/995/577 1403/668/638
f 1036/996/923 1041/997/924 1035/365/358 1030/998/925
f 488/999/926 487/1000/927 482/976/905 483/1001/928
f 1362/1002/929 1367/759/718 1366/762/638 1361/1003/638
f 1032/676/645 1031/1004/930 1025/1005/931 1026/1006/932
f 1476/396/385 1480/395/384 1484/1007/933 1475/1008/933
f 282/624/599 279/1009/934 280/1010/935 281/1011/936
f 1679/1012/937 1678/1013/938 1674/1014/939 1675/1015/940
f 1420/1016/941 1419/1017/942 1416/1018/943 1417/1019/944
f 32/4/4 88/1020/945 87/110/108 27/18/18
f 1331/1021/946 1339/986/916 1338/515/496 1330/518/499
f 1062/1022/947 1056/717/683 1057/1023/948
f 22/19/19 86/109/107 85/1024/949 17/29/29
f 1071/1025/950 1070/1026/951 1069/547/528 1068/1027/952
f 9/12/12 8/15/15 7/14/14 1/10/10
f 1674/1014/939 1678/1013/938 1673/1028/953
f 325/1029/954 324/234/232 318/229/227 319/1030/131
f 494/1031/955 502/1032/956 501/931/864 493/933/866
f 1597/566/547 1596/565/546 1591/1033/957 1592/1034/958
f 82/763/720 97/1035/959 112/1036/960 81/764/721
f 621/421/409 626/1037/680 625/918/852 623/422/410
f 388/766/723 394/99/97 393/102/100 387/1038/961
f 395/1039/962 394/99/97 388/766/723 389/765/722
f 336/193/191 342/1040/963 341/978/907 335/979/908
f 427/1041/964 426/1042/965 421/1043/966 422/1044/967
f 999/1045/968 1004/1046/969 1003/1047/970 998/1048/971
f 207/220/218 206/434/422 197/1049/972 198/779/732
f 1086/1050/973 1092/808/754 1091/1051/974 1085/1052/975
f 164/1053/976 163/197/195 148/1054/977 149/815/760
f 138/1055/978 137/1056/979 121/1057/980 122/1058/981
f 1348/460/447 1347/873/808 1341/527/508 1342/461/448
f 315/1059/982 314/132/130 309/131/129 310/1060/983
f 885/1061/984 884/1062/985 871/1063/986 874/1064/987
f 202/173/171 209/863/801 216/865/231 201/1065/887
f 551/1066/988 556/1067/989 555/1068/990 550/1069/991
f 674/161/159 679/796/745 678/1070/992 673/162/160
f 752/1071/993 755/1072/994 754/1073/995 751/1074/996
f 1456/592/568 1461/591/567 1460/1075/997 1455/1076/933
f 1110/1077/998 1109/1078/999 1103/1079/1000 1104/1080/1001
f 503/1081/1002 502/1032/956 494/1031/955 497/1082/1003
f 1578/1083/1004 1583/567/548 1587/570/241 1582/1084/240
f 1652/1085/923 1657/119/117 1661/122/120 1656/1086/1005
f 1309/902/838 1314/1087/1006 1313/749/708 1308/752/711
f 470/1088/1007 479/1089/1008 478/681/650 474/684/653
f 1385/1090/1009 1384/1091/1010 1379/1092/1011 1380/1093/1012
f 379/1094/1013 384/905/841 383/768/725 378/1095/1014
f 962/1096/1015 966/1097/1016 965/406/394 961/408/396
f 1324/1098/1017 1323/1099/1018 1319/1100/1019
f 1469/687/656 1468/336/331 1463/335/330 1464/1101/1020
f 1363/138/136 1362/1002/929 1356/427/415 1357/426/414
f 1043/977/906 1042/1102/1021 1037/1103/1022 1038/675/644
f 699/697/665 702/1104/1023 701/1105/1024 698/698/666
f 1662/120/118 1671/1106/241 1670/1107/1025 1666/121/119
f 493/933/866 490/616/591 491/615/590 492/1108/1026
f 957/1109/1027 956/399/388 949/398/387 950/584/560
f 414/1110/1028 411/1111/1029 412/1112/1030 413/1113/1031
f 1301/1114/317 1306/1115/426 1310/1116/1032 1305/1117/1033
f 1527/1118/1034 1531/1119/1035 1530/1120/1036 1526/1121/1037
f 1505/1122/1038 1509/215/1039 1513/1123/1040 1504/1124/1041
f 1098/807/753 1103/1079/1000 1102/1125/1042 1097/1126/1043
f 220/866/802 228/1127/1044 227/248/246 219/251/249
f 245/1128/1045 250/1129/1046 249/1130/888 248/1131/890
f 251/146/144 250/1129/1046 245/1128/1045 246/1132/1047
f 304/1133/1048 303/1134/1049 297/1135/1050 298/1136/1051
f 435/1137/1052 440/1138/1053 444/1139/919 439/1140/442
f 780/1141/1054 779/1142/1055 778/402/390 777/405/393
f 1192/770/727 1199/1143/1056 1198/1144/222 1197/771/225
f 568/1145/1057 573/1146/325 572/1147/1058 567/1148/1059
f 89/490/474 88/1020/945 32/4/4 37/3/3
f 791/1149/1060 790/919/853 785/417/405 786/1150/1061
f 1296/1151/426 1301/1114/317 1305/1117/1033 1300/1152/1062
f 829/391/381 835/382/373 834/385/376 828/1153/1063
f 1183/246/244 1189/245/243 1188/1154/1064 1182/1155/1065
f 726/1156/1066 725/1157/1067 721/1158/1068 722/1159/1069
f 694/699/667 693/124/122 688/123/121 689/1160/1070
f 925/1161/317 930/1162/1071 923/1163/1072 924/1164/317
f 384/905/841 390/904/840 389/765/722 383/768/725
f 1217/1165/1073 1223/1166/1074 1222/1167/426 1216/1168/318
f 463/506/487 462/951/882 458/950/881 459/1169/1075
f 874/1064/987 871/1063/986 872/1170/1076 873/1171/1077
f 460/860/799 465/1172/1078 469/1173/485 464/861/484
f 570/1174/1079 569/327/322 564/1175/1080 565/1176/1081
f 340/665/635 346/1177/1082 345/1178/1083 339/470/457
f 1087/1179/1084 1086/1050/973 1080/1180/1085 1081/1181/1086
f 291/623/598 290/1182/1087 279/1009/934 282/624/599
f 135/178/176 152/177/175 151/191/189 134/221/219
f 351/1183/1088 350/1184/1089 344/1185/1090 345/1178/1083
f 52/59/59 92/1186/1091 91/1187/1092 47/51/51
f 1122/916/850 1121/1188/1093 1115/1189/1094 1116/917/851
f 423/1190/1095 428/1191/1096 427/1041/964 422/1044/967
f 1039/674/643 1044/709/676 1043/977/906 1038/675/644
f 1423/1192/1097 1430/1193/1098 1427/1194/577 1426/1195/579
f 1419/1017/942 1423/1192/1097 1426/1195/579 1422/1196/577
f 988/1197/317 993/1198/1099 986/1199/1100 987/1200/318
f 538/1201/1101 537/703/670 532/702/669 533/1202/1102
f 697/1203/1103 700/1204/1104 703/1205/1105 696/1206/1106
f 935/1207/1107 934/692/660 928/894/830 929/1208/1108
f 594/1209/1109 595/1210/1110 599/1211/1111 598/1212/1112
f 397/1213/404 396/1214/1113 390/904/840 391/903/839
f 1048/1215/1114 1054/837/779 1059/1216/923 1053/1217/702
f 1273/1218/1115 1279/1219/1116 1278/1220/1117 1272/347/341
f 1326/1221/700 1336/1222/1118 1340/987/917 1334/1223/1119
f 115/533/514 131/1224/1120 130/1225/1121 114/534/515
f 1073/1226/1122 1070/1026/951 1071/1025/950 1072/1227/1123
f 691/1228/124 690/1229/1124 687/492/476 684/491/475
f 243/275/273 247/958/889 246/1132/1047 242/610/585
f 241/265/263 245/1128/1045 248/1131/890 244/262/260
f 211/151/149 220/866/802 219/251/249 210/232/230
f 118/223/221 117/147/145 101/108/106 102/107/105
f 196/1230/1125 195/351/345 188/1231/1126 189/1232/1127
f 809/1233/1128 815/1234/1129 814/301/295 808/304/298
f 911/799/746 918/1235/1130 917/1236/1131 910/1237/1132
f 1345/1238/1118 1346/1239/809 1350/542/523 1344/543/524
f 948/1240/1133 953/1241/1134 952/1242/1135 947/1243/1136
f 1222/1244/426 1227/1245/1137 1221/1246/1138 1216/1247/318
f 1186/1248/326 1191/425/413 1185/424/412 1180/1249/241
f 454/1250/1139 453/648/619 448/647/618 449/1251/1140
f 1478/1252/1141 1482/613/588 1481/394/383 1477/397/386
f 942/1253/225 941/1254/1142 936/1255/1143 931/1256/426
f 1509/215/213 1515/214/212 1514/1257/910 1513/1123/909
f 441/376/367 440/1138/1053 435/1137/1052 436/377/368
f 540/283/279 539/282/278 535/1258/1144 536/704/671
f 1189/245/243 1194/464/451 1193/785/737 1188/1154/1064
f 1286/1259/317 1295/1260/225 1294/1261/1145 1290/1262/1146
f 1025/1005/931 1031/1004/930 1030/1263/925 1024/1264/241
f 358/1265/1147 365/1266/1148 364/1267/1149 357/1268/1150
f 715/1269/1151 714/91/89 707/267/265 710/1270/1152
f 535/1258/1144 539/282/278 543/1271/1153 534/1272/1154
f 687/492/476 690/1229/1124 689/1160/1070 686/1273/1155
f 753/451/438 757/734/697 760/1274/863 756/452/439
f 1372/541/522 1371/760/719 1367/759/718 1368/137/135
f 1607/1275/326 1612/1276/481 1611/1277/1156 1606/1278/1157
f 1677/1279/574 1680/1280/574 1684/1281/1158 1679/1012/937
f 1018/1282/1159 1025/1005/931 1024/1264/241 1023/1283/317
f 1545/1284/1160 1550/1285/1161 1549/1286/1162 1544/1287/1163
f 1232/501/483 1239/500/482 1238/659/630 1231/661/632
f 171/204/202 182/203/201 181/286/282 170/1288/1164
f 542/1289/1165 541/1290/1166 537/703/670 538/1201/1101
f 509/821/766 515/817/762 514/980/350 513/822/767
f 644/849/791 648/848/790 651/1291/349 647/1292/1167
f 834/385/376 833/721/687 827/720/686 828/1153/1063
f 286/671/640 283/1293/1168 284/1294/1169 285/672/641
f 1307/751/710 1312/750/709 1311/1295/580 1306/1296/426
f 574/1297/324 583/1298/1170 582/1299/1171 578/1300/1172
f 93/118/116 92/1186/1091 52/59/59 57/65/65
f 498/1301/592 499/1302/1173 503/1081/1002 497/1082/1003
f 575/328/323 579/1303/1174 583/1304/1170 574/329/324
f 188/1231/1126 195/351/345 194/175/173 187/1305/1175
f 466/1306/1176 465/1172/1078 460/860/799 461/887/821
f 609/1307/811 614/1308/773 613/1309/1177 611/1310/1178
f 189/1232/1127 188/1231/1126 179/198/196 180/201/199
f 661/1311/1179 660/1312/1180 657/844/786 658/843/785
f 787/812/758 792/811/757 791/1149/1060 786/1150/1061
f 812/1313/426 817/1314/1181 811/96/94 806/1315/241
f 1400/485/1182 1399/666/1183 1395/1316/1184 1396/1317/1185
f 366/1318/1186 365/1266/1148 358/1265/1147 359/1319/1187
f 826/723/689 825/580/558 819/1320/1188 820/1321/1189
f 1482/613/588 1487/612/587 1486/1322/1190 1481/394/383
f 1040/710/677 1039/674/643 1033/673/642 1034/366/359
f 832/722/688 831/581/559 825/580/558 826/723/689
f 556/1067/989 562/1323/1191 561/1324/1192 555/1068/990
f 1592/1034/958 1591/1033/957 1585/537/518 1586/1325/1193
f 1417/1019/944 1416/1018/943 1412/1326/1194 1413/578/556
f 664/1327/894 667/1328/1195 662/104/102 663/103/101
f 686/1273/1155 685/1329/1196 680/781/734 681/1330/1197
f 1281/1331/807 1286/1259/317 1290/1262/1146 1285/1332/1198
f 1655/1333/1199 1660/952/883 1659/954/885 1654/360/353
f 1521/1334/1200 1520/1335/1201 1515/214/212 1516/213/211
f 1415/1336/579 1418/1337/1202 1414/577/555 1411/1338/1203
f 746/1339/1204 750/450/437 749/453/440 745/1340/362
f 314/132/130 320/679/648 325/1341/954 319/133/131
f 312/231/229 311/900/836 305/1342/1205 306/1343/1206
f 1115/1189/1094 1121/1188/1093 1120/1344/1207 1114/1345/1208
f 539/282/278 545/281/277 544/1346/1209 543/1271/1153
f 1671/1106/241 1676/1347/225 1675/1015/940 1670/1107/1025
f 653/846/788 652/845/787 648/848/790 649/847/789
f 1147/597/573 1146/839/781 1139/1348/1210 1140/525/506
f 1389/1349/1211 1388/1350/1212 1384/1091/1010 1385/1090/1009
f 641/1351/1213 646/1352/1214 645/850/792 640/1353/1215
f 1000/1354/1216 1007/964/895 1006/967/580 1005/1355/580
f 72/79/79 96/1356/1217 95/155/153 67/54/54
f 1449/691/659 1448/947/878 1440/921/1218 1443/707/674
f 1057/1023/948 1056/717/683 1050/716/682 1051/1357/1219
f 331/195/193 330/194/192 324/234/232 325/1029/954
f 100/149/147 99/532/513 84/1358/1220 85/1024/949
f 176/210/208 175/212/210 160/955/886 145/1359/1221
f 1106/795/241 1105/794/744 1100/1360/1222 1095/1361/241
f 157/642/615 156/641/614 139/88/86 140/87/85
f 328/868/804 334/664/634 333/473/460 327/677/646
f 117/147/145 133/222/220 132/816/761 116/148/146
f 528/1362/1223 527/1363/1224 521/573/551 522/358/351
f 1647/1364/923 1652/1085/923 1656/1086/1005 1651/1365/1225
f 1181/1366/1226 1187/769/726 1186/772/326 1180/1367/241
f 603/475/111 608/1368/300 607/1369/1227 605/476/461
f 1199/1143/1056 1205/558/539 1204/1370/240 1198/1144/222
f 905/443/430 904/386/377 898/1371/1228 899/238/236
f 1017/644/616 1022/753/712 1021/754/713 1016/1372/1229
f 1582/1373/240 1587/1374/241 1586/1325/1193 1581/1375/1230
f 1361/1376/638 1366/1377/638 1370/630/605 1365/907/842
f 1567/1378/923 1568/969/225 1572/658/629 1566/1379/1231
f 566/1380/1232 571/1381/1233 570/1174/1079 565/1176/1081
f 1218/1382/1234 1217/1165/1073 1210/557/538 1211/556/537
f 1447/914/848 1446/913/847 1436/512/1235 1439/1383/1236
f 713/1384/92 716/1385/1237 711/1386/1238 706/1387/266
f 859/1388/225 857/1389/1239 858/1390/225
f 1562/599/574 1567/1378/923 1566/1379/1231 1561/600/575
f 462/951/882 467/993/921 466/1306/1176 461/887/821
f 772/1391/1240 771/745/706 781/748/225 770/1392/241
f 1070/1026/951 1080/1180/1085 1079/544/525 1069/547/528
f 1006/646/580 1011/645/617 1004/1046/969 1005/1393/580
f 1162/1394/1241 1161/1395/1242 1160/805/751 1159/1396/1243
f 1248/1397/1244 1247/1398/1245 1241/1399/1246 1242/1400/1247
f 347/1401/1248 346/1177/1082 340/665/635 341/978/907
f 469/504/485 470/1088/1007 474/684/653 468/505/486
f 359/1319/1187 358/1265/1147 352/1402/1249 353/1403/1250
f 690/1229/1124 695/696/664 694/699/667 689/1160/1070
f 265/141/139 270/140/138 269/1404/898 268/1405/900
f 601/477/462 600/111/109 596/1406/1251 599/1211/1111
f 899/238/236 898/1371/1228 891/724/690 892/239/237
f 231/1407/1252 230/253/251 222/252/250 223/1408/1253
f 1285/1332/1198 1284/291/287 1279/1219/1116 1280/1409/1254
f 610/876/810 612/826/770 614/829/773 609/877/811
f 228/1127/1044 235/264/262 234/263/261 227/248/246
f 1027/1410/1255 1033/673/642 1032/676/645 1026/1006/932
f 475/883/817 480/882/816 484/1411/1256 479/1412/1008
f 896/241/239 902/774/729 901/1413/225 895/242/240
f 459/1169/1075 458/950/881 453/648/619 454/1250/1139
f 350/1184/1089 356/1414/1257 361/1415/372 355/1416/1258
f 1406/483/468 1409/576/554 1408/579/557 1405/484/469
f 119/1417/1259 135/178/176 134/221/219 118/223/221
f 1177/1418/1260 1183/246/244 1182/1155/1065 1176/1419/1261
f 457/888/822 456/859/798 451/948/879 452/649/620
f 1129/1420/1262 1128/1421/1263 1121/1188/1093 1122/916/850
f 113/1422/1264 129/1423/1265 144/1424/901 128/1425/904
f 815/1234/1129 821/1426/1266 820/1321/1189 814/301/295
f 576/1427/1267 575/328/323 569/327/322 570/1174/1079
f 1299/1428/1268 1304/901/837 1303/519/500 1298/522/503
f 1359/909/844 1358/908/843 1354/1429/1269 1355/1430/1270
f 1611/1277/1156 1610/1431/1271 1605/1432/1272 1606/1278/1157
f 1150/841/783 1149/1433/1273 1144/1434/1274 1145/842/784
f 920/984/914 919/775/730 914/789/742 915/985/915
f 955/1435/318 968/1436/1275 960/1437/1276
f 1653/361/354 1658/924/859 1657/926/117 1652/1438/923
f 596/1406/1251 600/111/109 602/114/112 595/1439/1110
f 1066/546/527 1078/545/526 1077/1440/426 1076/1441/574
f 111/1442/1277 127/974/903 126/858/797 110/154/152
f 902/774/729 907/773/728 912/791/240 901/1413/225
f 1266/1443/426 1275/1444/241 1274/1445/1278 1270/1446/1279
f 1278/1220/1117 1277/368/361 1271/348/342 1272/347/341
f 1294/1261/1145 1293/619/594 1289/292/288 1290/1262/1146
f 910/1237/1132 909/387/378 904/386/377 905/443/430
f 1295/1260/225 1296/1151/426 1300/1152/1062 1294/1261/1145
f 529/1447/1280 534/1448/1154 538/1201/1101 533/1202/1102
f 436/377/368 435/1137/1052 430/1449/1281 431/1450/1282
f 263/441/428 262/440/427 258/892/828 259/891/827
f 1191/425/413 1196/226/224 1195/465/452 1190/244/242
f 669/163/161 668/961/892 665/960/891 666/1451/1283
f 1512/448/435 1511/787/1284 1507/786/1285 1508/449/436
f 1637/1452/426 1642/1453/241 1646/1454/1286 1641/1455/1287
f 357/1268/1150 356/1414/1257 350/1184/1089 351/1183/1088
f 453/648/619 458/950/881 457/888/822 452/649/620
f 1074/1456/1288 1082/1457/1289 1081/1181/1086 1073/1226/1122
f 545/281/277 549/287/283 553/290/286 544/1346/1209
f 430/1449/1281 435/1137/1052 439/1140/442 434/1458/441
f 479/1089/1008 484/1459/1256 483/1001/928 478/681/650
f 349/1460/1290 348/1461/1291 342/1040/963 343/1462/1292
f 751/1074/996 750/450/437 746/1339/1204 747/1463/1293
f 353/1403/1250 352/1402/1249 346/1177/1082 347/1401/1248
f 1137/1464/1294 1144/1434/1274 1143/1465/329 1142/1466/225
f 280/1010/935 279/1009/934 278/1467/74 289/1468/1295
f 1559/1469/1296 1558/1470/1297 1557/507/488 1556/510/491
f 757/734/697 761/411/399 764/1471/860 760/1274/863
f 1620/1472/1298 1619/1473/1299 1615/1474/1300 1616/1475/1301
f 631/1476/1302 630/1477/1303 627/1478/1304 628/1479/1305
f 411/1111/1029 417/1480/1306 416/1481/1307 410/755/714
f 953/1241/1134 960/1437/1276 959/1482/1308 952/1242/1135
f 106/1483/1309 105/488/472 90/487/471 91/1187/1092
f 429/1484/1310 428/1191/1096 423/1190/1095 424/940/871
f 926/776/731 932/934/867 931/937/426 925/777/317
f 205/153/151 204/152/150 195/351/345 196/1230/1125
f 310/1060/983 309/131/129 303/1134/1049 304/1133/1048
f 156/641/614 171/204/202 170/1288/1164 155/1485/1311
f 139/88/86 156/641/614 155/1485/1311 138/1055/978
f 536/704/671 535/1258/1144 530/1486/1312 531/705/672
f 1349/459/446 1354/1429/1269 1353/429/417 1348/460/447
f 816/1487/1313 815/1234/1129 809/1233/1128 810/97/95
f 120/1488/1314 119/1417/1259 103/1489/1315 104/489/473
f 1021/754/713 1020/1490/1316 1015/169/167 1016/1372/1229
f 1274/1445/1278 1273/1218/1115 1269/1491/1317 1270/1446/1279
f 784/418/406 783/746/707 771/745/706 774/419/407
f 1101/1492/1318 1107/1493/1319 1112/1494/241 1106/1495/241
f 588/609/584 587/1496/1320 581/1497/1321 582/1299/1171
f 959/1482/1308 958/1498/1322 951/1499/1323 952/1242/1135
f 1475/1500/933 1484/1501/933 1483/614/589 1479/1502/1324
f 374/1503/814 379/1094/1013 372/1504/1325 373/1505/1326
f 1416/1018/943 1419/1017/942 1422/1196/577 1415/1506/579
f 581/1497/1321 587/1496/1320 586/1507/1327 580/1508/1328
f 765/1509/1329 768/1510/1330 763/928/861 764/927/860
f 876/1511/1331 875/1512/1332 874/1064/987 873/1171/1077
f 1635/1513/1333 1640/1514/1334 1639/1515/1335 1634/1516/1336
f 1629/1517/1337 1626/1518/1338 1627/1519/1339 1628/1520/1340
f 1143/334/329 1148/333/328 1141/524/505 1142/636/225
f 1532/852/793 1531/1119/1035 1527/1118/1034 1528/1521/1341
f 300/1522/1342 299/622/597 292/621/596 293/1523/1343
f 1452/946/877 1458/1524/1344 1457/593/569 1451/911/845
f 937/935/868 944/585/561 943/910/317 942/936/225
f 858/1390/225 857/1389/1239 852/744/705 842/743/240
f 114/534/515 113/1422/1264 97/1035/959 98/535/516
f 372/1504/1325 379/1094/1013 378/1095/1014 371/1525/1345
f 1643/1526/1346 1648/362/355 1647/1527/923 1642/1528/241
f 443/992/920 442/375/366 437/374/365 438/456/443
f 804/98/96 803/1529/1347 796/1530/1348 797/1531/1349
f 179/198/196 188/1231/1126 187/1305/1175 178/1532/1350
f 132/816/761 131/1224/1120 115/533/514 116/148/146
f 1464/1101/1020 1463/335/330 1458/1524/1344 1459/1533/1351
f 1522/431/419 1527/1118/1034 1526/1121/1037 1521/1334/1200
f 1596/565/546 1600/564/545 1599/640/613 1595/594/570
f 455/1534/800 464/503/484 463/506/487 459/1169/1075
f 352/1402/1249 358/1265/1147 357/1268/1150 351/1183/1088
f 1114/1345/1208 1113/1535/1352 1107/1493/1319 1108/1536/1353
f 1408/579/557 1407/994/922 1404/667/637 1405/484/469
f 1515/214/212 1520/1335/1201 1519/1537/1354 1514/1257/910
f 1335/1538/701 1326/1221/700 1334/1223/1119 1333/1539/1355
f 1334/1223/1119 1331/1021/946 1332/1540/1356 1333/1539/1355
f 180/201/199 179/198/196 167/181/179 168/180/178
f 1418/1337/1202 1421/1541/1357 1420/1016/941 1417/1019/944
f 565/1176/1081 564/1175/1080 560/653/624 561/1324/1192
f 701/1105/1024 700/1204/1104 697/1203/1103 698/698/666
f 506/1542/1358 511/561/542 510/1543/1359 505/1544/1360
f 1554/508/489 1563/1545/1361 1567/1546/923 1562/1547/574
f 1632/1548/225 1637/1452/426 1641/1455/1287 1636/1549/1362
f 368/129/127 375/128/126 374/880/814 373/1550/1326
f 1622/1551/1363 1633/1552/1364 1632/1553/225 1630/1554/326
f 845/1555/1365 850/1556/1366 849/1557/1367 844/1558/1368
f 500/932/865 504/820/765 508/823/768 499/1559/1173
f 1388/1350/1212 1393/1560/1369 1392/1561/1370 1387/1562/1371
f 480/882/816 485/1563/1372 484/1411/1256
f 486/1564/1373 485/1565/1374 480/882/816 481/881/815
f 599/1211/1111 596/1406/1251 597/1566/1375 598/1212/1112
f 559/1567/625 568/1145/1057 567/1148/1059 563/1568/1376
f 648/848/790 652/845/787 655/1569/346 651/1291/349
f 420/939/870 425/1570/1377 429/1484/1310 424/940/871
f 123/89/87 139/88/86 138/1055/978 122/1058/981
f 803/1529/1347 809/1233/1128 808/304/298 802/1571/1378
f 294/72/72 301/1572/1379 300/1522/1342 293/1523/1343
f 1402/1573/1380 1401/482/1381 1397/1574/1382 1398/1575/1383
f 335/979/908 334/664/634 328/868/804 329/867/803
f 1649/363/356 1648/362/355 1643/1526/1346 1644/1576/1384
f 680/781/734 685/1329/1196 684/1577/475 683/782/478
f 817/1314/1181 823/392/382 822/1578/1385 816/1487/1313
f 941/1254/1142 948/1240/1133 947/1243/1136 940/1579/1386
f 1209/299/294 1214/298/293 1213/896/832 1208/466/453
f 1049/719/685 1048/1215/1114 1042/1102/1021 1043/977/906
f 1524/1580/695 1533/851/695 1532/852/793 1528/1521/1341
f 800/1581/317 805/95/93 798/1582/1387 799/1583/317
f 1276/1584/318 1281/1331/807 1285/1332/1198 1280/1409/1254
f 650/354/348 654/353/347 653/846/788 649/847/789
f 547/1585/1388 551/1066/988 550/1069/991 546/280/276
f 425/1570/1377 434/454/441 433/457/444 429/1484/1310
f 923/1163/1072 930/1162/1071 929/1208/1108 922/1586/1389
f 1078/545/526 1084/1587/1390 1083/1588/426 1077/1440/426
f 403/1589/1391 404/1590/1392 402/1591/1393
f 692/1592/123 695/696/664 690/1229/1124 691/1228/124
f 302/1593/1394 307/1594/1395 301/1572/1379 296/1595/1396
f 992/1596/1397 991/1597/1398 984/1598/1399 985/1599/1400
f 502/1032/956 506/1542/1358 505/1544/1360 501/931/864
f 645/850/792 644/849/791 637/1600/1401 640/1353/1215
f 1228/1601/1402 1235/208/206 1234/1602/225 1233/1603/426
f 198/779/732 197/1049/972 190/285/281 191/284/280
f 268/971/900 267/652/623 264/651/622 261/1604/1403
f 552/1605/1404 551/1066/988 547/1585/1388 548/1606/1405
f 811/96/94 817/1314/1181 816/1487/1313 810/97/95
f 147/167/165 146/166/164 129/1423/1265 130/1225/1121
f 143/973/902 160/955/886 159/156/154 142/159/157
f 181/286/282 190/285/281 189/1232/1127 180/201/199
f 1103/1079/1000 1109/1078/999 1108/1536/1353 1102/1125/1042
f 807/303/297 813/302/296 812/1607/426 806/1608/241
f 1574/1609/1406 1573/1610/1407 1569/1611/1408 1570/1612/1409
f 991/1597/1398 997/1613/1410 996/1614/1411 990/1615/1412
f 1528/1521/1341 1527/1118/1034 1522/431/419 1523/430/418
f 296/1595/1396 301/1572/1379 294/72/72 295/71/71
f 1319/1100/1019 1323/1099/1018 1314/1087/1006 1315/1616/1413
f 399/414/1414 404/1617/1415 398/415/1416
f 161/165/163 177/196/194 184/1618/209 176/1619/208
f 370/1620/1417 377/1621/1418 376/127/125 369/130/128
f 1526/1121/1037 1525/727/693 1520/1335/1201 1521/1334/1200
f 1052/740/703 1058/1622/1419 1057/1023/948 1051/1357/1219
f 382/767/724 388/766/723 387/1038/961 381/1623/1420
f 148/1054/977 163/197/195 162/164/162 147/167/165
f 1095/1361/241 1100/1360/1222 1094/1624/1421 1089/1625/426
f 214/219/217 213/435/423 206/434/422 207/220/218
f 924/1164/317 923/1163/1072 918/1235/1130 913/1626/225
f 1088/1627/1422 1094/1624/1421 1093/809/755 1087/1179/1084
f 1176/1419/1261 1175/1628/1423 1168/803/749 1169/802/748
f 187/1305/1175 186/1629/1424 177/196/194 178/1532/1350
f 92/1186/1091 107/1630/1425 106/1483/1309 91/1187/1092
f 1587/1374/241 1588/1631/317 1592/1034/958 1586/1325/1193
f 261/1604/1403 264/651/622 260/1632/1426 257/1633/1427
f 1224/551/532 1223/1166/1074 1217/1165/1073 1218/1382/1234
f 840/384/375 839/1634/1428 833/721/687 834/385/376
f 1003/1047/970 1002/1635/1429 997/1613/1410 998/1048/971
f 1229/550/531 1228/1601/1402 1223/1166/1074 1224/551/532
f 1546/1636/1430 1545/1284/1160 1541/479/464 1542/478/463
f 716/1385/1237 719/1637/1431 718/1638/1432 715/1269/1151
f 74/77/77 73/80/80 72/79/79 67/54/54
f 495/1639/1433 494/1031/955 493/933/866 492/1108/1026
f 595/1210/1110 602/474/112 601/477/462 599/1211/1111
f 1252/944/875 1261/943/874 1251/1640/317 1260/1641/225
f 878/1642/1434 886/725/691 875/1512/1332 877/1643/1435
f 91/1187/1092 90/487/471 42/46/46 47/51/51
f 1543/1644/321 1546/1636/1430 1542/478/463
f 415/1645/1436 421/1043/966 420/1646/870 419/1647/869
f 1667/588/564 1672/1648/1437 1676/1649/225 1671/1650/241
f 1494/1651/1438 1493/1652/1439 1487/612/587 1488/611/586
f 293/1523/1343 292/621/596 283/1293/1168 286/671/640
f 578/1300/1172 577/1653/1440 571/1381/1233 572/1147/1058
f 365/1266/1148 370/1620/1417 369/130/128 364/1267/1149
f 1310/1116/1032 1309/902/838 1304/901/837 1305/1117/1033
f 166/190/188 165/199/197 150/814/759 151/191/189
f 254/145/143 253/893/829 250/1129/1046 251/146/144
f 1172/553/534 1179/1654/1441 1178/1655/1442 1171/554/535
f 806/1315/241 811/96/94 805/95/93 800/1581/317
f 1220/1656/1443 1219/1657/1444 1212/897/833 1213/896/832
f 917/1236/1131 916/982/912 909/387/378 910/1237/1132
f 1001/1658/1445 1000/1354/1216 995/1659/1446 996/1614/1411
f 1179/1654/1441 1185/424/412 1184/247/245 1178/1655/1442
f 993/1198/1099 999/1045/968 998/1048/971 992/1596/1397
f 668/961/892 672/885/819 675/886/820 671/962/893
f 151/191/189 150/814/759 133/222/220 134/221/219
f 12/23/23 84/1358/1220 83/1660/1447 7/14/14
f 689/1160/1070 688/123/121 685/1329/1196 686/1273/1155
f 679/796/745 682/493/477 681/1330/1197 678/1070/992
f 731/341/336 735/340/335 734/1661/1448 730/1662/1449
f 909/387/378 916/982/912 915/985/915 908/388/379
f 955/1663/318 960/1437/1276 953/1241/1134 954/1664/389
f 406/1665/1450 419/938/869 418/941/872 414/1110/1028
f 1455/1666/933 1460/1667/997 1464/1101/1020 1459/1533/1351
f 380/878/812 386/1668/1451 391/1669/839 385/879/813
f 651/355/349 650/354/348 646/1352/1214 647/1670/1167
f 638/1671/1452 637/1600/1401 643/1672/1453 636/1673/1454
f 1041/997/924 1046/741/704 1045/708/675 1040/710/677
f 938/694/662 937/935/868 932/934/867 933/695/663
f 1059/1674/923 1058/1622/1419 1052/740/703 1053/739/702
f 482/976/905 487/1000/927 486/1564/1373 481/881/815
f 734/1661/1448 733/343/338 729/571/550 730/1662/1449
f 190/285/281 197/1049/972 196/1230/1125 189/1232/1127
f 662/104/102 667/1328/1195 666/1451/1283 661/1311/1179
f 659/105/103 662/104/102 661/1311/1179 658/843/785
f 1096/437/425 1101/1492/1318 1106/1495/241 1095/438/241
f 307/1594/1395 313/228/226 312/231/229 306/1343/1206
f 107/1630/1425 123/89/87 122/1058/981 106/1483/1309
f 607/1369/1227 606/305/299 604/112/110 605/476/461
f 1519/1675/1354 1524/1580/695 1528/1521/1341 1523/430/418
f 149/815/760 148/1054/977 131/1224/1120 132/816/761
f 558/1676/285 559/1567/625 563/1568/1376 557/1677/1455
f 1373/540/521 1379/1092/1011 1378/1678/1456 1372/541/522
f 1645/1679/1457 1650/1680/1458 1649/363/356 1644/1576/1384
f 1075/1681/1459 1074/1456/1288 1073/1226/1122 1072/1227/1123
f 1581/1375/1230 1580/536/517 1575/656/627 1576/655/626
f 1030/998/925 1035/365/358 1029/364/357 1024/1682/241
f 1300/1152/1062 1299/1428/1268 1293/619/594 1294/1261/1145
f 1180/1249/241 1185/424/412 1179/1654/1441 1174/1683/317
f 1457/593/569 1456/592/568 1450/912/846 1451/911/845
f 332/472/459 338/471/458 343/1684/1292 337/1685/190
f 323/235/233 322/869/805 316/899/835 317/230/228
f 851/1686/1460 850/1556/1366 845/1555/1365 846/1687/1461
f 1241/1399/1246 1247/1398/1245 1246/1688/1462 1240/206/204
f 1312/750/709 1317/1689/1463 1316/1690/317 1311/1295/580
f 696/1691/1106 699/697/665 695/696/664 692/1592/123
f 830/1692/426 835/382/373 829/391/381 824/390/225
f 886/725/691 891/724/690 890/1693/1464 885/1061/984
f 685/1329/1196 688/123/121 691/126/124 684/1577/475
f 890/1693/1464 889/240/238 884/1062/985 885/1061/984
f 224/188/186 232/187/185 231/1407/1252 223/1408/1253
f 84/1358/1220 99/532/513 98/535/516 83/1660/1447
f 177/196/194 186/1629/1424 185/1694/183 184/1618/209
f 678/1070/992 677/780/733 672/885/819 673/162/160
f 247/958/889 252/143/141 251/146/144 246/1132/1047
f 136/179/177 135/178/176 119/1417/1259 120/1488/1314
f 267/652/623 272/889/899 271/139/137 266/142/140
f 1358/908/843 1364/135/133 1363/138/136 1357/426/414
f 522/358/351 521/573/551 517/560/541 518/359/352
f 137/1056/979 154/1695/1465 153/176/174 136/179/177
f 671/1696/893 670/160/158 667/1328/1195 664/1327/894
f 774/419/407 771/745/706 772/1391/1240 773/1697/1466
f 1208/466/453 1207/898/834 1201/463/450 1202/462/449
f 364/1267/1149 363/1698/1467 356/1414/1257 357/1268/1150
f 1598/639/612 1603/495/479 1607/498/326 1602/819/764
f 795/1699/1468 794/1700/1469 788/1701/1470 789/920/854
f 181/286/282 180/201/199 169/200/198 170/1288/1164
f 637/1600/1401 644/849/791 647/1292/1167 643/1672/1453
f 1561/600/575 1558/1470/1297 1559/1469/1296 1560/601/576
f 1623/1702/1471 1622/1551/1363 1630/1554/326 1631/1703/426
f 642/1704/1472 641/1351/1213 640/1353/1215 639/1705/1473
f 88/1020/945 103/1489/1315 102/107/105 87/110/108
f 1480/395/384 1485/1706/1474 1489/1707/1475 1484/1007/933
f 786/1150/1061 785/417/405 775/403/391 778/402/390
f 1336/1222/1118 1345/1238/1118 1344/543/524 1340/987/917
f 219/251/249 218/250/248 209/863/801 210/232/230
f 1355/1430/1270 1354/1429/1269 1349/459/446 1350/542/523
f 199/183/181 208/217/215 207/220/218 198/779/732
f 796/1530/1348 803/1529/1347 802/1571/1378 795/1699/1468
f 1353/429/417 1352/428/416 1347/873/808 1348/460/447
f 262/440/427 265/141/139 268/1405/900 261/1708/1403
f 216/233/231 215/218/216 208/217/215 201/956/887
f 792/811/757 798/1582/1387 797/1531/1349 791/1149/1060
f 103/1489/1315 119/1417/1259 118/223/221 102/107/105
f 615/1709/772 620/420/408 619/423/411 617/1710/1476
f 995/1659/1446 1000/1354/1216 1005/1355/580 994/1711/317
f 799/1583/317 798/1582/1387 792/811/757 793/810/756
f 1024/1682/241 1029/364/357 1022/753/712 1023/1712/317
f 725/1157/1067 729/571/550 732/572/337 728/1713/1477
f 1287/257/255 1291/988/918 1295/990/225 1286/871/317
f 373/1505/1326 372/1504/1325 367/379/370 362/378/369
f 605/476/461 604/112/110 600/111/109 601/477/462
f 1139/1348/1210 1146/839/781 1145/842/784 1138/1714/1478
f 1659/954/885 1658/924/859 1653/361/354 1654/360/353
f 499/1302/1173 508/1715/768 507/1716/1479 503/1081/1002
f 239/279/275 244/278/260 243/275/273 238/274/272
f 843/1717/1480 848/1718/1481 842/1719/240
f 490/616/591 500/932/865 499/1559/1173 498/617/592
f 626/1037/680 629/1720/1482 628/1479/1305 625/918/852
f 1368/137/135 1367/759/718 1362/1002/929 1363/138/136
f 321/680/649 320/679/648 314/132/130 315/1059/982
f 326/678/647 332/472/459 337/1685/190 331/1721/193
f 996/1614/1411 995/1659/1446 989/321/316 990/1615/1412
f 895/1722/240 900/237/235 893/236/234 894/1723/241
f 735/340/335 740/307/301 739/310/304 734/1661/1448
f 1014/170/168 1013/965/896 1007/964/895 1008/171/169
f 468/505/486 467/993/921 462/951/882 463/506/487
f 1461/591/567 1466/1724/1483 1465/1725/1484 1460/1075/997
f 387/1038/961 386/1668/1451 380/878/812 381/1623/1420
f 1473/686/655 1478/1252/1141 1477/397/386 1472/1726/1485
f 727/1727/1486 731/341/336 730/1662/1449 726/1156/1066
f 472/1728/1487 471/1729/1488 465/1172/1078 466/1306/1176
f 913/1626/225 918/1235/1130 911/799/746 912/798/240
f 646/1352/1214 650/354/348 649/847/789 645/850/792
f 930/1162/1071 936/1255/1143 935/1207/1107 929/1208/1108
f 83/1660/1447 82/763/720 1/10/10 7/14/14
f 279/1009/934 290/1182/1087 295/1730/71 278/1467/74
f 1128/1421/1263 1133/1731/1489 1132/1732/1490 1127/1733/1491
f 1376/1734/1492 1381/1735/579 1385/1090/1009 1380/1093/1012
f 393/102/100 392/413/401 386/1668/1451 387/1038/961
f 760/930/863 759/929/862 755/1072/994 756/1736/439
f 717/92/90 721/1158/1068 724/1737/1493 720/93/91
f 1483/614/589 1482/613/588 1478/1252/1141 1479/1502/1324
f 939/693/661 946/1738/1494 945/586/562 938/694/662
f 418/941/872 417/1480/1306 411/1111/1029 414/1110/1028
f 813/302/296 819/1320/1188 818/1739/225 812/1607/426
f 223/1408/1253 222/252/250 213/435/423 214/219/217
f 229/254/252 228/1127/1044 220/866/802 221/255/253
f 1011/645/617 1017/644/616 1016/1372/1229 1010/1740/1495
f 438/456/443 437/374/365 432/1741/1496 433/457/444
f 1644/1576/1384 1643/1526/1346 1638/1742/1497 1639/1515/1335
f 1571/657/628 1575/656/627 1574/1609/1406 1570/1612/1409
f 1008/171/169 1007/964/895 1000/1354/1216 1001/1658/1445
f 452/649/620 451/948/879 446/1743/1498 447/650/621
f 1216/1247/318 1221/1246/1138 1214/298/293 1215/297/225
f 789/920/854 788/1701/1470 783/746/707 784/418/406
f 1085/1052/975 1084/1587/1390 1078/545/526 1079/544/525
f 1004/1046/969 1011/645/617 1010/1740/1495 1003/1047/970
f 1514/981/910 1519/1675/1354 1523/430/418 1518/433/421
f 1640/1514/1334 1645/1679/1457 1644/1576/1384 1639/1515/1335
f 1517/432/420 1522/431/419 1521/1334/1200 1516/213/211
f 316/899/835 322/869/805 321/680/649 315/1059/982
f 1227/1245/1137 1232/501/483 1231/661/632 1226/1744/1499
f 1133/1731/1489 1139/1348/1210 1138/1714/1478 1132/1732/1490
f 888/1745/1500 893/236/234 892/239/237 887/726/692
f 371/1525/1345 370/1620/1417 365/1266/1148 366/1318/1186
f 849/1557/1367 848/1718/1481 843/1717/1480 844/1558/1368
f 1235/208/206 1245/207/205 1244/1746/1501 1234/1602/225
f 1255/945/876 1252/944/875 1253/1747/1502 1254/1748/1503
f 1633/1552/1364 1638/1742/1497 1637/1749/426 1632/1553/225
f 1134/526/507 1133/1731/1489 1128/1421/1263 1129/1420/1262
f 1081/1181/1086 1080/1180/1085 1070/1026/951 1073/1226/1122
f 483/1001/928 482/976/905 477/682/651 478/681/650
f 922/1586/1389 921/983/913 916/982/912 917/1236/1131
f 248/959/890 247/958/889 243/275/273 244/278/260
f 255/144/142 260/1632/1426 259/891/827 254/145/143
f 272/889/1504 276/316/1505 275/314/1506 271/139/1507
f 906/442/429 911/799/746 910/1237/1132 905/443/430
f 1195/465/452 1194/464/451 1189/245/243 1190/244/242
f 779/1142/1055 787/812/758 786/1150/1061 778/402/390
f 523/357/292 524/1750/291 528/1362/1223 522/358/351
f 1577/970/225 1582/1373/240 1581/1375/1230 1576/655/626
f 1351/1751/579 1360/1752/579 1359/909/844 1355/1430/1270
f 1518/433/421 1517/432/420 1511/787/1508 1512/448/911
f 109/116/114 125/857/796 124/90/88 108/117/115
f 548/1606/1405 547/1585/1388 541/1290/1166 542/1289/1165
f 348/1461/1291 354/1753/1509 353/1403/1250 347/1401/1248
f 1182/1155/1065 1181/1366/1226 1175/1628/1423 1176/1419/1261
f 724/1754/1493 723/1755/1510 719/1637/1431 720/1756/91
f 98/535/516 97/1035/959 82/763/720 83/1660/1447
f 1031/1004/930 1037/1103/1022 1036/1757/923 1030/1263/925
f 96/1356/1217 111/1442/1277 110/154/152 95/155/153
f 412/1112/1030 411/1111/1029 410/755/714 409/758/717
f 579/1303/1174 585/1758/1511 584/1759/581 583/1304/1170
f 758/735/698 757/734/697 753/451/438 754/1073/995
f 283/1293/1168 292/621/596 282/624/599 281/1011/936
f 633/1760/1512 632/1761/1513 630/1477/1303 631/1476/1302
f 984/1598/1399 991/1597/1398 990/1615/1412 983/467/454
f 706/1387/266 711/1386/1238 712/1762/1514 705/1763/267
f 1486/1322/1190 1485/1706/1474 1480/395/384 1481/394/383
f 1157/804/750 1168/803/749 1173/1764/580 1167/833/225
f 54/57/57 53/60/60 52/59/59 47/51/51
f 1612/1276/481 1617/1765/241 1616/1475/1301 1611/1277/1156
f 1661/122/120 1660/952/883 1655/1333/1199 1656/1086/1005
f 1439/1383/1515 1436/512/1516 1437/511/1517 1438/1766/1518
f 1116/917/851 1115/1189/1094 1109/1078/999 1110/1077/998
f 958/1498/1322 962/1096/1015 961/408/396 957/1109/1027
f 1125/1767/317 1130/1768/1519 1123/915/849 1124/1769/241
f 465/1172/1078 471/1729/1488 470/1770/1007 469/1173/485
f 940/1579/1386 939/693/661 934/692/660 935/1207/1107
f 1184/247/245 1183/246/244 1177/1418/1260 1178/1655/1442
f 186/1629/1424 193/174/172 200/1771/180 185/1694/183
f 154/1695/1465 169/200/198 168/180/178 153/176/174
f 667/1328/1195 670/160/158 669/163/161 666/1451/1283
f 236/445/432 235/264/262 228/1127/1044 229/254/252
f 150/814/759 165/199/197 164/1053/976 149/815/760
f 1290/1262/1146 1289/292/288 1284/291/287 1285/1332/1198
f 914/789/742 919/775/730 924/778/317 913/790/225
f 1397/1574/1382 1401/482/1381 1400/485/1182 1396/1317/1185
f 1638/1742/1497 1643/1526/1346 1642/1528/241 1637/1749/426
f 238/274/272 237/276/274 230/253/251 231/1407/1252
f 1111/793/743 1117/831/775 1116/917/851 1110/1077/998
f 728/1772/1477 727/1727/1486 723/1755/1510 724/1754/1493
f 193/174/172 202/173/171 201/1065/887 200/1771/180
f 673/162/160 672/885/819 668/961/892 669/163/161
f 1277/368/361 1282/258/256 1281/872/807 1276/369/318
f 1166/1773/1520 1165/552/533 1164/555/536 1163/1774/1521
f 1471/1775/1522 1476/396/385 1475/1008/933 1470/1776/1523
f 1267/349/343 1271/348/342 1275/370/241 1266/1777/426
f 1407/994/922 1412/1326/1194 1411/1778/1203 1410/995/577
f 1602/1779/764 1607/1275/326 1606/1278/1157 1601/563/544
f 567/1148/1059 566/1380/1232 562/1323/1191 563/1568/1376
f 1080/1180/1085 1086/1050/973 1085/1052/975 1079/544/525
f 400/101/99 399/414/402 392/413/401 393/102/100
f 947/1243/1136 946/1738/1494 939/693/661 940/1579/1386
f 426/1042/965 430/1449/1281 434/1458/441 425/1780/1377
f 194/175/173 193/174/172 186/1629/1424 187/1305/1175
f 1019/1781/1524 1018/1282/1159 1013/965/896 1014/170/168
f 158/157/155 173/205/203 172/202/200 157/642/615
f 97/1035/959 113/1422/1264 128/1425/904 112/1036/960
f 131/1224/1120 148/1054/977 147/167/165 130/1225/1121
f 361/381/372 360/380/371 354/1753/1509 355/1782/1258
f 1204/300/240 1209/299/294 1203/225/223 1198/224/222
f 1275/1444/241 1276/1584/318 1280/1409/1254 1274/1445/1278
f 124/90/88 123/89/87 107/1630/1425 108/117/115
f 676/797/735 679/796/745 674/161/159 675/1783/820
f 1593/1784/580 1602/1779/764 1601/563/544 1597/566/547
f 747/1463/1293 746/1339/1204 742/801/747 743/309/303
f 431/1450/1282 430/1449/1281 426/1042/965 427/1041/964
f 275/314/1525 274/312/1526 270/140/1527 271/139/1528
f 989/321/316 995/1659/1446 994/1711/317 988/322/317
f 104/489/473 103/1489/1315 88/1020/945 89/490/474
f 1077/1785/426 1082/1457/1289 1074/1456/1288 1076/1786/574
f 1051/1357/1219 1050/716/682 1044/709/676 1045/708/675
f 1454/689/657 1455/1666/933 1459/1533/1351 1453/690/658
f 1491/530/511 1495/529/510 1499/1787/933 1490/1788/673
f 1161/1395/1242 1170/1789/1529 1169/802/748 1160/805/751
f 1531/1119/1035 1536/480/465 1535/1790/1530 1530/1120/1036
f 628/1479/1305 627/1478/1304 624/712/679 625/918/852
f 783/746/707 788/1701/1470 793/1791/756 782/747/225
f 1614/1792/1531 1613/1793/1532 1608/496/480 1609/1794/1533
f 1566/1379/1231 1565/1795/1534 1558/1470/1297 1561/600/575
f 802/1571/1378 801/1796/1535 794/1700/1469 795/1699/1468
f 1038/675/644 1037/1103/1022 1031/1004/930 1032/676/645
f 797/1531/1349 796/1530/1348 790/919/853 791/1149/1060
f 788/1701/1470 794/1700/1469 799/1797/317 793/1791/756
f 1201/463/450 1207/898/834 1206/559/540 1200/784/736
f 333/473/460 332/472/459 326/678/647 327/677/646
f 1015/169/167 1020/1490/1316 1019/1781/1524 1014/170/168
f 1354/1429/1269 1358/908/843 1357/426/414 1353/429/417
f 818/393/225 823/392/382 817/1314/1181 812/1313/426
f 563/1568/1376 562/1323/1191 556/1067/989 557/1677/1455
f 1395/1316/1536 1399/666/1537 1402/669/1538 1398/1798/1539
f 530/1486/1312 535/1258/1144 534/1272/1154 529/1799/1280
f 1205/558/539 1210/557/538 1215/1800/225 1204/1370/240
f 1586/1325/1193 1585/537/518 1580/536/517 1581/1375/1230
f 1120/1344/1207 1119/1801/1540 1113/1535/1352 1114/1345/1208
f 647/1670/1167 646/1352/1214 641/1351/1213 643/1802/1453
f 1042/1102/1021 1048/1215/1114 1053/1217/702 1047/1803/574
f 1144/1434/1274 1149/1433/1273 1154/1804/326 1143/1465/329
f 990/1615/1412 989/321/316 982/320/315 983/467/454
f 1666/121/119 1665/953/884 1660/952/883 1661/122/120
f 1563/1545/1361 1569/1611/1408 1568/1805/225 1567/1546/923
f 975/1806/1541 984/1598/1399 983/467/454 974/469/456
f 1441/922/1542 1440/921/1543 1439/1383/1544 1438/1766/1545
f 1323/1807/1546 1322/1808/1547 1318/1809/1548
f 1448/947/878 1452/946/877 1451/911/845 1447/914/848
f 1380/1093/1012 1379/1092/1011 1373/540/521 1374/629/604
f 801/1796/1535 807/303/297 806/1608/241 800/1810/317
f 1565/1795/1534 1571/657/628 1570/1612/1409 1564/1811/1549
f 308/1812/132 313/228/226 307/1594/1395 302/1593/1394
f 756/1736/439 755/1072/994 752/1071/993 749/1813/440
f 737/486/340 740/307/301 735/340/335 736/339/334
f 1104/1080/1001 1103/1079/1000 1098/807/753 1099/806/752
f 527/1363/1224 532/702/669 531/705/672 526/1814/1550
f 557/1677/1455 556/1067/989 551/1066/988 552/1605/1404
f 732/342/337 731/341/336 727/1727/1486 728/1772/1477
f 447/650/621 446/1743/1498 440/1138/1053 441/376/367
f 226/249/247 233/261/259 240/260/258 225/1815/184
f 657/844/786 660/1312/1180 663/1816/101 656/1817/104
f 155/1485/1311 154/1695/1465 137/1056/979 138/1055/978
f 516/575/553 515/817/762 509/821/766 510/1543/1359
f 1083/1818/426 1088/1627/1422 1082/1457/1289 1077/1785/426
f 918/1235/1130 923/1163/1072 922/1586/1389 917/1236/1131
f 749/1813/440 752/1071/993 748/372/363 745/371/362
f 81/1819/721 96/1356/1217 72/79/79 77/84/7
f 1371/760/719 1377/1820/1551 1376/1821/1492 1375/761/579
f 476/884/818 475/883/817 471/1729/1488 472/1728/1487
f 537/703/670 541/1290/1166 540/283/279 536/704/671
f 1311/1822/580 1316/1823/317 1319/1100/1019 1315/1616/1413
f 1037/1103/1022 1042/1102/1021 1047/1803/574 1036/1757/923
f 871/1063/986 884/1062/985 883/1824/241 882/1825/580
f 839/1634/1428 845/1555/1365 844/1558/1368 838/838/780
f 853/1826/1552 860/634/609 859/701/225 858/1827/225
f 1383/1828/1553 1382/1829/1554 1377/1820/1551 1378/1678/1456
f 1109/1078/999 1115/1189/1094 1114/1345/1208 1108/1536/1353
f 1297/521/502 1302/520/501 1301/1830/317 1296/989/426
f 707/267/265 714/91/89 713/94/92 706/268/266
f 1140/525/506 1139/1348/1210 1133/1731/1489 1134/526/507
f 742/801/747 746/1339/1204 745/1340/362 741/1831/364
f 1564/1811/1549 1563/1545/1361 1554/508/489 1557/507/488
f 808/304/298 807/303/297 801/1796/1535 802/1571/1378
f 210/232/230 209/863/801 202/173/171 203/172/170
f 440/1138/1053 446/1743/1498 445/1832/1555 444/1139/919
f 1569/1611/1408 1573/1610/1407 1577/1833/225 1568/1805/225
f 820/1321/1189 819/1320/1188 813/302/296 814/301/295
f 258/892/828 262/440/427 261/1708/1403 257/1834/1427
f 681/1330/1197 680/781/734 677/780/733 678/1070/992
f 1573/1610/1407 1578/1083/1004 1582/1084/240 1577/1833/225
f 1648/362/355 1653/361/354 1652/1438/923 1647/1527/923
f 342/1040/963 348/1461/1291 347/1401/1248 341/978/907
f 1010/1740/1495 1009/168/166 1002/1635/1429 1003/1047/970
f 1233/502/426 1232/501/483 1227/1245/1137 1222/1244/426
f 583/1298/1170 584/606/581 588/609/584 582/1299/1171
f 810/97/95 809/1233/1128 803/1529/1347 804/98/96
f 1472/1726/1485 1471/1775/1522 1466/1724/1483 1467/337/332
f 1609/1794/1533 1608/496/480 1603/495/479 1604/638/611
f 844/1558/1368 843/1717/1480 837/662/633 838/838/780
f 1446/913/847 1450/912/846 1454/1835/657 1445/1836/657
f 619/423/411 618/1837/1556 616/827/771 617/1710/1476
f 1498/1838/1557 1497/1839/1558 1493/1652/1439 1494/1651/1438
f 968/1840/1559 967/1841/1560 963/1842/1561
f 761/411/399 766/410/398 765/1843/1329 764/1471/860
f 24/31/31 23/33/33 22/19/19 17/29/29
f 891/724/690 898/1371/1228 897/1844/1562 890/1693/1464
f 524/1750/291 529/1447/1280 533/1202/1102 528/1362/1223
f 146/166/164 161/165/163 176/1619/208 145/1845/1221
f 531/705/672 530/1486/1312 525/294/290 526/1814/1550
f 1575/656/627 1580/536/517 1579/539/520 1574/1609/1406
f 129/1423/1265 146/166/164 145/1845/1221 144/1424/901
f 654/353/347 659/105/103 658/843/785 653/846/788
f 562/1323/1191 566/1380/1232 565/1176/1081 561/1324/1192
f 1020/1490/1316 1027/1410/1255 1026/1006/932 1019/1781/1524
f 1178/1655/1442 1177/1418/1260 1170/1789/1529 1171/554/535
f 857/631/606 868/1846/1563 867/1847/1564 863/625/600
f 1123/915/849 1130/1768/1519 1129/1420/1262 1122/916/850
f 623/422/410 622/711/678 618/1837/1556 619/423/411
f 867/1847/1564 866/1848/1565 862/626/601 863/625/600
f 869/1849/668 868/1846/1563 857/631/606 859/1388/225
f 1626/1518/1338 1635/1513/1333 1634/1516/1336 1625/1850/1566
f 693/124/122 697/1203/1103 696/1206/1106 692/125/123
f 232/187/185 239/279/275 238/274/272 231/1407/1252
f 126/858/797 125/857/796 109/116/114 110/154/152
f 445/1851/1555 450/1852/880 454/1250/1139 449/1251/1140
f 343/1462/1292 342/1040/963 336/193/191 337/192/190
f 324/234/232 330/194/192 329/867/803 323/235/233
f 87/110/108 86/109/107 22/19/19 27/18/18
f 1656/1086/1005 1655/1333/1199 1650/1680/1458 1651/1365/1225
f 345/1178/1083 344/1185/1090 338/471/458 339/470/457
f 616/827/771 618/1837/1556 620/1853/408 615/828/772
f 586/1507/1327 585/1758/1511 579/1303/1174 580/1508/1328
f 1673/1854/1567 1681/1855/1568 1672/1648/1437
f 1426/604/579 1425/603/578 1421/1541/1357 1422/1856/577
f 1175/1628/1423 1181/1366/1226 1180/1367/241 1174/1857/317
f 253/893/829 258/892/828 257/1834/1427 256/1858/897
f 1105/794/744 1111/793/743 1110/1077/998 1104/1080/1001
f 287/73/73 294/72/72 293/1523/1343 286/671/640
f 1650/1680/1458 1655/1333/1199 1654/360/353 1649/363/356
f 915/985/915 914/789/742 907/773/728 908/388/379
f 1268/350/344 1267/349/343 1261/943/874 1262/942/873
f 577/1653/1440 581/1497/1321 580/1508/1328 576/1427/1267
f 1382/1829/1554 1386/1859/1569 1381/1860/579
f 284/1294/1169 283/1293/1168 281/1011/936
f 383/768/725 382/767/724 377/1621/1418 378/1095/1014
f 1460/1667/997 1465/1861/1484 1469/687/656 1464/1101/1020
f 1148/333/328 1153/332/327 1152/1862/1570 1147/597/573
f 64/67/67 63/69/69 62/55/55 57/65/65
f 116/148/146 115/533/514 99/532/513 100/149/147
f 304/1133/1048 298/1136/1051 305/1342/1205
f 401/100/1571 404/1863/1572 400/101/1573
f 1330/518/499 1327/517/498 1328/736/699 1329/1864/1574
f 675/1783/820 674/161/159 670/160/158 671/1696/893
f 592/608/583 591/1865/1575 587/1496/1320 588/609/584
f 311/900/836 316/899/835 315/1059/982 310/1060/983
f 215/218/216 224/188/186 223/1408/1253 214/219/217
f 1292/620/595 1291/988/918 1287/257/255 1288/256/254
f 723/1755/1510 727/1727/1486 726/1156/1066 722/1159/1069
f 1410/1866/577 1409/576/554 1406/483/468 1403/1867/638
f 897/1844/1562 896/241/239 889/240/238 890/1693/1464
f 608/1368/300 609/1307/811 611/1310/1178 607/1369/1227
f 354/1753/1509 360/380/371 359/1319/1187 353/1403/1250
f 422/1044/967 421/1043/966 415/1645/1436 416/1481/1307
f 404/1868/1576 399/414/1577 400/101/1578
f 260/1632/1426 264/651/622 263/441/428 259/891/827
f 130/1225/1121 129/1423/1265 113/1422/1264 114/534/515
f 1231/661/632 1230/549/530 1225/548/529 1226/1744/1499
f 1339/986/916 1343/458/445 1342/461/448 1338/515/496
f 432/1741/1496 437/374/365 436/377/368 431/1450/1282
f 1164/555/536 1161/1395/1242 1162/1394/1241 1163/1774/1521
f 1210/557/538 1217/1165/1073 1216/1168/318 1215/1800/225
f 624/712/679 627/1478/1304 629/1869/1482 626/713/680
f 346/1177/1082 352/1402/1249 351/1183/1088 345/1178/1083
f 1269/1491/1317 1273/1218/1115 1272/347/341 1268/350/344
f 946/1738/1494 951/1499/1323 950/584/560 945/586/562
f 360/380/371 367/379/370 366/1318/1186 359/1319/1187
f 1236/209/207 1235/208/206 1228/1601/1402 1229/550/531
f 1136/637/225 1135/523/504 1130/1768/1519 1125/1767/317
f 402/1591/1579 401/100/98 394/99/97 395/1039/962
f 1067/1870/1580 1066/546/527 1076/1441/574 1065/1871/225
f 1625/1850/1566 1622/1551/1363 1623/1702/1471 1624/1872/1581
f 1200/784/736 1199/1143/1056 1192/770/727 1193/785/737
f 1076/1786/574 1074/1456/1288 1075/1681/1459 1065/1873/225
f 1421/1541/1357 1425/603/578 1424/715/681 1420/1016/941
f 1270/1446/1279 1269/1491/1317 1263/1874/1582 1264/1875/1583
f 1684/1281/1158 1683/1876/1584 1678/1013/938 1679/1012/937
f 1435/1877/1585 1444/706/1586 1443/707/1587 1442/923/1588
f 1322/1808/1547 1321/1878/1589 1317/1689/1463 1318/1809/1548
f 1479/1502/1324 1478/1252/1141 1473/686/655 1474/685/654
f 1490/1879/673 1499/1880/933 1498/1838/1557 1494/1651/1438
f 618/1837/1556 622/711/678 621/714/409 620/1853/408
f 1107/1493/1319 1113/1535/1352 1118/1881/774 1112/1494/241
f 1375/1882/579 1376/1734/1492 1380/1093/1012 1374/629/604
f 837/662/633 843/1717/1480 842/1719/240 836/663/426
f 1279/1219/1116 1284/291/287 1283/259/257 1278/1220/1117
f 543/1883/1153 544/1884/1209 548/1606/1405 542/1289/1165
f 1600/564/545 1605/1432/1272 1604/638/611 1599/640/613
f 1084/1587/1390 1090/436/424 1089/439/426 1083/1588/426
f 660/1312/1180 665/960/891 664/963/894 663/1816/101
f 1341/527/508 1347/873/808 1346/875/809 1345/1885/1118
f 526/1814/1550 525/294/290 519/293/289 520/574/552
f 320/679/648 326/678/647 331/1721/193 325/1341/954
f 1242/1400/1247 1241/1399/1246 1237/660/631 1238/659/630
f 381/1623/1420 380/878/812 375/128/126 376/127/125
f 573/1146/325 574/1297/324 578/1300/1172 572/1147/1058
f 755/1072/994 759/929/862 758/735/698 754/1073/995
f 1465/1861/1484 1470/1886/1523 1474/685/654 1469/687/656
f 1197/227/225 1196/226/224 1191/425/413 1186/1248/326
f 1337/516/497 1341/527/508 1345/1885/1118 1336/1887/1118
f 1436/512/1235 1446/913/847 1445/1836/657 1444/513/673
f 398/1888/403 403/1589/1590 396/1214/1113 397/1213/404
f 1387/1562/1371 1386/1859/1569 1382/1829/1554 1383/1828/1553
f 978/1889/1591 975/1806/1541 976/1890/1592 977/1891/1593
f 985/1599/1400 984/1598/1399 975/1806/1541 978/1889/1591
f 1484/1501/933 1489/1892/1475 1488/611/586 1483/614/589
f 1535/1790/1530 1534/1893/1594 1529/728/694 1530/1120/1036
f 1054/837/779 1061/836/778 1060/1894/241 1059/1216/923
f 390/904/840 396/1214/1113 395/1039/962 389/765/722
f 564/1175/1080 569/327/322 573/330/325 568/1895/1057
f 338/471/458 344/1185/1090 349/1896/1290 343/1684/1292
f 1016/1372/1229 1015/169/167 1009/168/166 1010/1740/1495
f 250/1129/1046 253/893/829 256/1858/897 249/1130/888
f 1579/539/520 1578/1083/1004 1573/1610/1407 1574/1609/1406
f 1100/1360/1222 1105/794/744 1104/1080/1001 1099/806/752
f 963/1842/1561 962/1096/1015 958/1498/1322 959/1482/1308
f 821/1426/1266 827/720/686 826/723/689 820/1321/1189
f 1298/522/503 1297/521/502 1291/988/918 1292/620/595
f 1092/808/754 1098/807/753 1097/1126/1043 1091/1051/974
f 128/975/904 127/974/903 111/1442/1277 112/1897/960
f 433/457/444 432/1741/1496 428/1191/1096 429/1484/1310
f 512/562/543 511/561/542 506/1542/1358 507/1716/1479
f 1219/1657/1444 1225/548/529 1224/551/532 1218/1382/1234
f 1317/1689/1463 1321/1878/1589 1320/1898/241 1316/1690/317
f 127/974/903 143/973/902 142/159/157 126/858/797
f 1641/1455/1287 1640/1514/1334 1635/1513/1333 1636/1549/1362
f 945/586/562 944/585/561 937/935/868 938/694/662
f 933/695/663 932/934/867 926/776/731 927/895/831
f 416/1481/1307 415/1645/1436 407/756/715 410/755/714
f 1370/630/605 1369/136/134 1364/135/133 1365/907/842
f 1530/1120/1036 1529/728/694 1525/727/693 1526/1121/1037
f 1035/365/358 1041/997/924 1040/710/677 1034/366/359
f 1340/987/917 1339/986/916 1331/1021/946 1334/1223/1119
f 589/1899/582 584/1759/581 585/1900/1595
f 590/1901/1596 585/1900/1597 586/1507/1327
f 640/1353/1215 637/1600/1401 638/1671/1452 639/1705/1473
f 589/1899/582 585/1900/1595 593/1902/1598
f 585/1900/1597 590/1901/1596 593/1903/1599
f 590/1901/1596 591/1865/1575 593/1904/1600
f 591/1865/1575 592/608/583 593/1905/1601
f 592/608/583 589/607/582 593/1906/1598
f 643/1802/1453 641/1351/1213 642/1704/1472 636/1907/1454
f 405/1908/1602 406/1665/1450 414/1110/1028 413/1113/1031
f 1055/718/684 1054/837/779 1048/1215/1114 1049/719/685
f 1173/1909/580 1172/553/534 1165/552/533 1167/1910/225
f 1413/578/556 1412/1326/1194 1407/994/922 1408/579/557
f 929/1208/1108 928/894/830 921/983/913 922/1586/1389
f 613/1309/1177 612/826/770 610/876/810 611/1310/1178
f 1028/367/360 1027/1410/1255 1020/1490/1316 1021/754/713
f 1023/1712/317 1022/753/712 1017/644/616 1012/643/317
f 497/1082/1003 494/1031/955 495/1639/1433 496/1911/1603
f 1171/554/535 1170/1789/1529 1161/1395/1242 1164/555/536
f 1497/1839/1558 1502/1912/1604 1501/1913/1605 1496/528/509
f 763/928/861 768/1510/1330 767/409/397 762/412/400
f 634/1914/1606 629/1869/1482 630/1477/1303
f 627/1478/1304 630/1477/1303 629/1869/1482
f 1127/1733/1491 1126/853/794 1119/1801/1540 1120/1344/1207
f 631/1476/1302 628/1479/1305 634/1915/1606
f 629/1720/1482 634/1915/1606 628/1479/1305
f 630/1477/1303 632/1761/1513 634/1914/1606
f 1498/1916/1607 1502/1912/1604 1497/1839/1558
f 634/1917/1608 632/1761/1609 635/1918/1610
f 632/1761/1513 633/1760/1512 635/1919/1611
f 879/1920/1612 888/1745/1500 887/726/692 878/1642/1434
f 1458/1524/1344 1463/335/330 1462/338/333 1457/593/569
f 1470/1886/1523 1475/1500/933 1479/1502/1324 1474/685/654
f 1026/1006/932 1025/1005/931 1018/1282/1159 1019/1781/1524
f 355/1782/1258 354/1753/1509 348/1461/1291 349/1460/1290
f 1046/741/704 1052/740/703 1051/1357/1219 1045/708/675
f 1403/1867/638 1406/483/468 1401/482/467 1402/1573/577
f 185/185/183 192/184/182 183/444/431 184/211/209
f 449/1251/1140 448/647/618 442/375/366 443/992/920
f 666/1451/1283 665/960/891 660/1312/1180 661/1311/1179
f 444/991/919 445/1851/1555 449/1251/1140 443/992/920
f 473/683/652 477/682/651 476/884/818 472/1728/1487
f 1119/1801/1540 1126/853/794 1125/856/317 1124/1921/241
f 582/1299/1171 581/1497/1321 577/1653/1440 578/1300/1172
f 428/1191/1096 432/1741/1496 431/1450/1282 427/1041/964
f 782/813/225 787/812/758 779/1142/1055 781/1922/225
f 467/993/921 473/683/652 472/1728/1487 466/1306/1176
f 1540/1923/1613 1539/1924/1614 1534/1893/1594 1535/1790/1530
f 703/1205/1105 700/1204/1104 704/1925/1615
f 700/1204/1104 701/1105/1024 704/1926/1616
f 701/1105/1024 702/1104/1023 704/1927/1617
f 702/1104/1023 703/1928/1105 704/1929/1615
f 1131/854/795 1137/1464/1294 1142/1466/225 1136/855/225
f 1551/1930/1618 1550/1285/1161 1545/1284/1160 1546/1636/1430
f 1230/549/530 1237/660/631 1236/209/207 1229/550/531
f 1318/1809/1548 1317/1689/1463 1312/750/709 1313/749/708
f 1606/1278/1157 1605/1432/1272 1600/564/545 1601/563/544
f 1590/596/572 1589/568/549 1583/567/548 1584/538/519
f 1091/1051/974 1090/436/424 1084/1587/1390 1085/1052/975
f 1206/559/540 1205/558/539 1199/1143/1056 1200/784/736
f 319/1030/131 318/229/227 313/228/226 308/1812/132
f 1356/427/415 1362/1002/929 1361/1003/638 1360/1931/579
f 720/1756/91 719/1637/1431 716/1385/1237 713/1384/92
f 1405/484/469 1404/667/637 1399/666/636 1400/485/470
f 1196/226/224 1203/225/223 1202/462/449 1195/465/452
f 952/1242/1135 951/1499/1323 946/1738/1494 947/1243/1136
f 744/308/302 748/372/363 747/1463/1293 743/309/303
f 1315/1616/1413 1314/1087/1006 1309/902/838 1310/1116/1032
f 875/1512/1332 886/725/691 885/1061/984 874/1064/987
f 765/1843/1329 766/410/398 769/1932/1619
f 766/410/398 767/409/397 769/1933/1620
f 767/409/397 768/1510/1330 769/1934/1621
f 768/1510/1330 765/1509/1329 769/1935/1619
f 1316/1823/317 1320/1936/241 1324/1098/1017 1319/1100/1019
f 1145/842/784 1144/1434/1274 1137/1464/1294 1138/1714/1478
f 555/1068/990 554/288/284 549/287/283 550/1069/991
f 386/1668/1451 392/413/401 397/416/404 391/1669/839
f 1174/1683/317 1179/1654/1441 1172/553/534 1173/1909/580
f 719/1637/1431 723/1755/1510 722/1159/1069 718/1638/1432
f 1411/1338/1203 1414/577/555 1409/576/554 1410/1866/577
f 798/1582/1387 805/95/93 804/98/96 797/1531/1349
f 1308/752/711 1307/751/710 1302/520/501 1303/519/500
f 1346/1239/809 1351/1751/579 1355/1430/1270 1350/542/523
f 901/800/225 906/442/429 900/237/235 895/1722/240
f 738/344/339 742/801/747 741/1831/364 737/345/340
f 1511/787/1508 1517/432/420 1516/213/211 1510/216/214
f 170/1288/1164 169/200/198 154/1695/1465 155/1485/1311
f 553/1937/286 558/1676/285 557/1677/1455 552/1605/1404
f 1069/547/528 1066/546/527 1067/1870/1580 1068/1027/952
f 356/1414/1257 363/1698/1467 362/1938/369 361/1415/372
f 1305/1117/1033 1304/901/837 1299/1428/1268 1300/1152/1062
f 718/1638/1432 717/92/90 714/91/89 715/1269/1151
f 1293/619/594 1299/1428/1268 1298/522/503 1292/620/595
f 1060/1939/241 1063/1940/1622 1058/1622/1419 1059/1674/923
f 572/1147/1058 571/1381/1233 566/1380/1232 567/1148/1059
f 1669/1941/1623 1674/1014/939 1673/1028/953 1668/587/563
f 1433/1942/1624 1432/271/269 1429/270/268 1427/602/577
f 972/1943/1625 971/468/455 981/1944/241 970/1945/317
f 781/1922/225 779/1142/1055 780/1141/1054 770/1946/241
f 1536/480/465 1541/479/464 1540/1923/1613 1535/1790/1530
f 1636/1549/1362 1635/1513/1333 1626/1518/1338 1629/1517/1337
f 856/628/603 855/627/602 850/1556/1366 851/1686/1460
f 378/1095/1014 377/1621/1418 370/1620/1417 371/1525/1345
f 1244/1947/1501 1243/1948/1626 1239/500/482 1234/499/225
f 303/1134/1049 309/131/129 308/134/132 302/1949/1394
f 1537/481/466 1536/480/465 1531/1119/1035 1532/852/793
f 869/700/668 864/633/608 870/1950/1627
f 864/633/608 865/632/607 870/1951/1628
f 865/632/607 866/1848/1565 870/1952/1629
f 866/1848/1565 867/1847/1564 870/1953/1630
f 867/1847/1564 868/1846/1563 870/1954/1631
f 868/1846/1563 869/1849/668 870/1955/1627
f 1132/1732/1490 1131/854/795 1126/853/794 1127/1733/1491
f 876/1511/1331 877/1643/1435 875/1512/1332
f 1327/517/498 1337/516/497 1336/1887/1118 1326/737/700
f 241/265/263 244/262/260 233/261/259 234/263/261
f 1627/1519/1339 1626/1518/1338 1625/1850/1566 1624/1872/1581
f 344/1185/1090 350/1184/1089 355/1416/1258 349/1896/1290
f 887/726/692 886/725/691 878/1642/1434
f 1584/538/519 1583/567/548 1578/1083/1004 1579/539/520
f 1665/953/884 1669/1941/1623 1668/587/563 1664/590/566
f 330/194/192 336/193/191 335/979/908 329/867/803
f 218/250/248 226/249/247 225/1815/184 217/864/187
f 1459/1533/1351 1458/1524/1344 1452/946/877 1453/690/658
f 1093/809/755 1092/808/754 1086/1050/973 1087/1179/1084
f 246/1132/1047 245/1128/1045 241/265/263 242/610/585
f 1651/1365/1225 1650/1680/1458 1645/1679/1457 1646/1454/1286
f 1113/1535/1352 1119/1801/1540 1124/1921/241 1118/1881/774
f 1094/1624/1421 1100/1360/1222 1099/806/752 1093/809/755
f 1572/658/629 1571/657/628 1565/1795/1534 1566/1379/1231
f 86/109/107 101/108/106 100/149/147 85/1024/949
f 794/1700/1469 801/1796/1535 800/1810/317 799/1797/317
f 927/895/831 926/776/731 919/775/730 920/984/914
f 998/1048/971 997/1613/1410 991/1597/1398 992/1596/1397
f 424/940/871 423/1190/1095 417/1480/1306 418/941/872
f 1570/1612/1409 1569/1611/1408 1563/1545/1361 1564/1811/1549
f 1384/1091/1010 1388/1350/1212 1387/1562/1371 1383/1828/1553
f 1207/898/834 1212/897/833 1211/556/537 1206/559/540
f 1314/1087/1006 1323/1099/1018 1318/1809/1548 1313/749/708
f 1493/1652/1439 1497/1839/1558 1496/528/509 1492/531/512
f 711/1386/1238 716/1385/1237 715/1269/1151 710/1270/1152
f 1414/577/555 1418/1337/1202 1417/1019/944 1413/578/556
f 846/1687/1461 845/1555/1365 839/1634/1428 840/384/375
f 1124/1769/241 1123/915/849 1117/831/775 1118/830/774
f 836/733/426 841/383/374 835/382/373 830/1692/426
f 883/1956/241 888/1745/1500 879/1920/1612 882/1957/580
f 306/1343/1206 305/1342/1205 299/622/597 300/1522/1342
f 1615/1474/1300 1619/1473/1299 1618/1958/1632 1614/1792/1531
f 1544/1287/1163 1548/325/320 1539/324/319 1540/1923/1613
f 955/1959/118 964/1960/1633 969/1961/1634
f 964/1960/1635 965/406/394 969/1962/1636
f 965/406/394 966/1097/1016 969/1963/1637
f 966/1097/1016 967/1841/1560 969/1964/1638
f 967/1841/1560 968/1840/1559 969/1965/1639
f 968/1840/1640 955/1966/118 969/1967/1634
f 1261/943/874 1267/349/343 1266/1777/426 1265/1968/317
f 974/469/456 973/1969/1641 975/1806/1541
f 976/1890/1592 975/1806/1541 973/1969/1641
f 980/1970/1642 979/1971/1643 977/1891/1593
f 980/1970/1642 970/1972/317 979/1971/1643
f 981/1973/241 979/1971/1643 970/1972/317
f 587/1496/1320 591/1865/1575 590/1901/1596 586/1507/1327
f 882/1957/580 879/1920/1612 880/1974/1644 881/1975/1645
f 985/1599/1400 978/1889/1591 986/1199/1100
f 979/1971/1643 981/1973/241 986/1199/1100
f 987/1200/318 986/1199/1100 981/1973/241
f 979/1971/1643 986/1199/1100 978/1889/1591 977/1891/1593
f 710/1270/1152 707/267/265 708/266/264 709/1976/1646
f 1034/366/359 1033/673/642 1027/1410/1255 1028/367/360
f 903/389/380 902/774/729 896/241/239 897/1844/1562
f 994/1977/317 999/1045/968 993/1198/1099 988/1197/317
f 1585/537/518 1591/1033/957 1590/596/572 1584/538/519
f 446/1743/1498 451/948/879 450/949/880 445/1832/1555
f 1605/1432/1272 1610/1431/1271 1609/1794/1533 1604/638/611
f 95/155/153 94/115/113 62/55/55 67/54/54
f 1412/1326/1194 1416/1018/943 1415/1506/579 1411/1778/1203
f 1610/1431/1271 1615/1474/1300 1614/1792/1531 1609/1794/1533
f 1487/612/587 1493/1652/1439 1492/531/512 1486/1322/1190
f 487/1000/927 485/1978/1647 486/1564/1373
f 1221/1246/1138 1227/1245/1137 1226/1744/1499 1220/1656/1443
f 1673/1028/953 1672/1648/1437 1667/588/564 1668/587/563
f 108/117/115 107/1630/1425 92/1186/1091 93/118/116
f 421/1043/966 426/1042/965 425/1780/1377 420/1646/870
f 703/1928/1105 702/1104/1023 699/697/665 696/1691/1106
f 698/698/666 697/1203/1103 693/124/122 694/699/667
f 1639/1515/1335 1638/1742/1497 1633/1552/1364 1634/1516/1336
f 278/74/74 287/73/73 288/670/639 289/1979/1295
f 369/130/128 368/129/127 363/1698/1467 364/1267/1149
f 759/929/862 763/928/861 762/412/400 758/735/698
f 1060/1894/241 1061/836/778 1064/1980/1648
f 1061/836/778 1055/835/777 1064/1981/1649
f 1055/835/1650 1056/1982/1651 1064/1983/1652
f 1056/1982/1653 1062/1022/947 1064/1984/1654
f 1062/1022/947 1063/1940/1622 1064/1985/1655
f 1063/1940/1622 1060/1939/241 1064/1986/1648
f 861/635/610 860/634/609 853/1826/1552 854/818/763
f 921/983/913 928/894/830 927/895/831 920/984/914
f 854/818/763 853/1826/1552 848/1718/1481 849/1557/1367
f 1676/1347/225 1677/1279/574 1679/1012/937 1675/1015/940
f 1306/1115/426 1311/1822/580 1315/1616/1413 1310/1116/1032
f 450/1852/880 455/1534/800 459/1169/1075 454/1250/1139
f 656/106/104 659/105/103 654/353/347 655/352/346
f 1352/428/416 1356/427/415 1360/1931/579 1351/874/579
f 1102/1125/1042 1101/1492/1318 1096/437/425 1097/1126/1043
f 754/1073/995 753/451/438 750/450/437 751/1074/996
f 1013/965/896 1018/1282/1159 1023/1283/317 1012/966/317
f 967/1841/1560 966/1097/1016 962/1096/1015 963/1842/1561
f 1047/742/574 1046/741/704 1041/997/924 1036/996/923
f 1193/785/737 1192/770/727 1187/769/726 1188/1154/1064
f 1152/1862/1570 1151/840/782 1146/839/781 1147/597/573
f 1492/531/512 1491/530/511 1485/1706/1474 1486/1322/1190
f 1675/1015/940 1674/1014/939 1669/1941/1623 1670/1107/1025
f 960/1437/1276 968/1436/1275 963/1842/1561 959/1482/1308
f 597/1566/1375 596/1406/1251 595/1439/1110 594/1987/1109
f 404/1988/1656 401/100/1657 402/1591/1658
f 35/40/40 32/4/4 27/18/18 33/38/38
f 178/1532/1350 177/196/194 163/197/195 164/1053/976
f 305/1342/1205 311/900/836 310/1060/983 304/1133/1048
f 1170/1789/1529 1177/1418/1260 1176/1419/1261 1169/802/748
f 841/383/374 847/732/696 846/1687/1461 840/384/375
f 367/379/370 372/1504/1325 371/1525/1345 366/1318/1186
f 489/1989/593 498/1301/592 497/1082/1003 496/1911/1603
f 1154/1804/326 1149/1433/1273 1155/1990/1659
f 1149/1433/1273 1150/841/783 1155/1991/1660
f 1150/841/783 1151/840/782 1155/1992/1661
f 1151/840/782 1152/1862/1570 1155/1993/1662
f 1152/1862/1570 1153/332/327 1155/1994/1663
f 1153/332/327 1154/331/326 1155/1995/1659
f 1630/1996/326 1632/1548/225 1629/1517/1337 1628/1520/1340
f 1616/1475/1301 1615/1474/1300 1610/1431/1271 1611/1277/1156
f 471/1729/1488 475/883/817 479/1412/1008 470/1770/1007
f 986/1199/1100 993/1198/1099 992/1596/1397 985/1599/1400
f 301/1572/1379 307/1594/1395 306/1343/1206 300/1522/1342
f 850/1556/1366 855/627/602 854/818/763 849/1557/1367
f 1160/805/751 1157/804/750 1158/832/776 1159/1396/1243
f 561/1324/1192 560/653/624 554/288/284 555/1068/990
f 121/1057/980 137/1056/979 136/179/177 120/1488/1314
f 617/1710/1476 616/827/771 612/826/770 613/1309/1177
f 105/488/472 121/1057/980 120/1488/1314 104/489/473
f 525/294/290 530/1486/1312 529/1799/1280 524/295/291
f 1097/1126/1043 1096/437/425 1090/436/424 1091/1051/974
f 1188/1154/1064 1187/769/726 1181/1366/1226 1182/1155/1065
f 1466/1724/1483 1471/1775/1522 1470/1776/1523 1465/1725/1484
f 521/573/551 527/1363/1224 526/1814/1550 520/574/552
f 534/1448/1154 543/1883/1153 542/1289/1165 538/1201/1101
f 823/392/382 829/391/381 828/1153/1063 822/1578/1385
f 122/1058/981 121/1057/980 105/488/472 106/1483/1309
f 505/1544/1360 504/820/765 500/932/865 501/931/864
f 1670/1107/1025 1669/1941/1623 1665/953/884 1666/121/119
f 1332/1540/1356 1331/1021/946 1330/518/499 1329/1864/1574
f 894/1723/241 893/236/234 888/1745/1500 883/1956/241
f 1246/1688/1462 1245/1997/1664 1240/206/204
f 1555/509/490 1554/508/489 1562/1547/574 1553/1998/426
f 1243/1948/1626 1244/1947/1501 1249/1999/1665
f 1244/2000/1501 1245/1997/1666 1250/2001/1667
f 1245/1997/1664 1246/1688/1462 1250/2002/1668
f 1246/1688/1462 1247/1398/1245 1250/2003/1669
f 1247/1398/1245 1248/1397/1244 1250/2004/1670
f 1248/1397/1244 1249/1999/1665 1250/2005/1671
f 1249/1999/1665 1244/2006/1501 1250/2007/1667
f 956/399/388 964/407/395 955/400/318
f 1253/1747/1502 1252/944/875 1260/1641/225
f 1255/945/876 1254/1748/1503 1256/2008/1672
f 1257/2009/1673 1256/2008/1672 1254/1748/1503
f 1257/2009/1673 1258/2010/1674 1256/2008/1672
f 1259/2011/1675 1256/2008/1672 1258/2010/1674
f 1259/2011/1675 1258/2010/1674 1251/2012/317
f 1260/2013/225 1251/2012/317 1258/2010/1674
f 1265/1968/317 1251/1640/317 1261/943/874
f 1167/1910/225 1165/552/533 1166/1773/1520 1156/2014/317
f 1262/942/873 1255/945/876 1263/1874/1582
f 1256/2008/1672 1263/1874/1582 1255/945/876
f 1256/2008/1672 1259/2011/1675 1263/1874/1582
f 1264/1875/1583 1263/1874/1582 1259/2011/1675
f 1264/1875/1583 1259/2011/1675 1265/2015/317
f 1251/2012/317 1265/2015/317 1259/2011/1675
f 1501/1913/1605 1500/2016/1676 1495/529/510 1496/528/509
f 1130/1768/1519 1135/523/504 1134/526/507 1129/1420/1262
f 898/1371/1228 904/386/377 903/389/380 897/1844/1562
f 145/1359/1221 160/955/886 143/973/902 144/972/901
f 1082/1457/1289 1088/1627/1422 1087/1179/1084 1081/1181/1086
f 257/1633/1427 260/1632/1426 255/144/142 256/968/897
f 544/1884/1209 553/1937/286 552/1605/1404 548/1606/1405
f 1379/1092/1011 1384/1091/1010 1383/1828/1553 1378/1678/1456
f 1005/1393/580 1004/1046/969 999/1045/968 994/1977/317
f 298/1136/1051 297/1135/1050 290/1182/1087 291/623/598
f 1089/1625/426 1094/1624/1421 1088/1627/1422 1083/1818/426
f 739/310/304 738/344/339 733/343/338 734/1661/1448
f 722/1159/1069 721/1158/1068 717/92/90 718/1638/1432
f 513/2017/767 514/356/350 518/359/352 512/562/543
f 954/1664/389 953/1241/1134 948/1240/1133 943/2018/317
f 1168/803/749 1175/1628/1423 1174/1857/317 1173/1764/580
f 1239/500/482 1243/1948/1626 1242/1400/1247 1238/659/630
f 1529/728/694 1534/1893/1594 1538/2019/769 1533/729/695
f 297/1135/1050 303/1134/1049 302/1949/1394 296/2020/1396
f 1320/1898/241 1321/1878/1589 1325/2021/1677
f 1321/1878/1589 1322/1808/1547 1325/2022/1678
f 1322/1808/1547 1323/1807/1546 1325/2023/1679
f 1323/1807/1680 1324/1098/1681 1325/2024/1682
f 1324/1098/1017 1320/1936/241 1325/2025/1677
f 943/2018/317 948/1240/1133 941/1254/1142 942/1253/225
f 852/744/705 857/1389/1239 856/628/603 851/1686/1460
f 1121/1188/1093 1128/1421/1263 1127/1733/1491 1120/1344/1207
f 175/212/210 184/211/209 183/444/431 174/870/806
f 1588/1631/317 1593/1784/580 1597/566/547 1592/1034/958
f 822/1578/1385 821/1426/1266 815/1234/1129 816/1487/1313
f 1280/1409/1254 1279/1219/1116 1273/1218/1115 1274/1445/1278
f 1283/259/257 1282/258/256 1277/368/361 1278/1220/1117
f 931/1256/426 936/1255/1143 930/1162/1071 925/1161/317
f 1591/1033/957 1596/565/546 1595/594/570 1590/596/572
f 270/140/1683 274/312/1684 273/311/1685 269/1404/1686
f 1214/298/293 1221/1246/1138 1220/1656/1443 1213/896/832
f 1302/520/501 1307/751/710 1306/1296/426 1301/1830/317
f 748/372/363 752/1071/993 751/1074/996 747/1463/1293
f 508/1715/768 513/2017/767 512/562/543 507/1716/1479
f 1422/1856/577 1421/1541/1357 1418/1337/1202 1415/1336/579
f 1558/1470/1297 1565/1795/1534 1564/1811/1549 1557/507/488
f 1539/324/319 1543/326/321 1538/2019/769
f 1468/336/331 1473/686/655 1472/1726/1485 1467/337/332
f 290/1182/1087 297/1135/1050 296/2020/1396 295/1730/71
f 396/1214/1113 403/1589/1590 402/1591/1579 395/1039/962
f 1390/2026/579 1381/2027/579 1391/2028/1687
f 1386/1859/1569 1391/2028/1687 1381/2027/579
f 1386/1859/1569 1387/1562/1371 1391/2028/1687
f 1392/1561/1370 1391/2028/1687 1387/1562/1371
f 1617/2029/241 1621/2030/1688 1620/1472/1298 1616/1475/1301
f 1381/2031/579 1390/2032/579 1389/1349/1211
f 1390/2026/579 1391/2028/1687 1394/2033/1689
f 1391/2028/1687 1392/1561/1370 1394/2034/1690
f 1392/1561/1370 1393/1560/1369 1394/2035/1691
f 1393/1560/1369 1389/2036/1692 1394/2037/1693
f 1389/2036/1692 1390/2032/579 1394/2038/1689
f 1243/1948/1626 1249/1999/1665 1248/1397/1244 1242/1400/1247
f 550/1069/991 549/287/283 545/281/277 546/280/276
f 611/1310/1178 610/876/810 606/305/299 607/1369/1227
f 1485/1706/1474 1491/530/511 1490/1788/673 1489/1707/1475
f 1541/479/464 1545/1284/1160 1544/1287/1163 1540/1923/1613
f 1433/2039/1624 1427/1194/577 1430/2040/1694
f 1431/272/270 1430/2040/1695 1428/273/271
f 1433/2039/1624 1430/2040/1694 1434/2041/1696
f 1430/2040/1695 1431/272/270 1434/2042/1697
f 1431/272/270 1432/271/269 1434/2043/1698
f 1432/271/269 1433/1942/1624 1434/2044/1696
f 1424/715/681 1423/1192/1097 1419/1017/942 1420/1016/941
f 880/1974/1644 879/1920/1612 878/1642/1434 877/1643/1435
f 165/199/197 179/198/196 178/1532/1350 164/1053/976
f 299/622/597 305/1342/1205 298/1136/1051 291/623/598
f 682/493/477 687/492/476 686/1273/1155 681/1330/1197
f 1520/1335/1201 1525/727/693 1524/730/695 1519/1537/1354
f 652/845/787 657/844/786 656/1817/104 655/1569/346
f 511/561/542 517/560/541 516/575/553 510/1543/1359
f 1002/1635/1429 1009/168/166 1008/171/169 1001/1658/1445
f 1226/1744/1499 1225/548/529 1219/1657/1444 1220/1656/1443
f 1467/337/332 1466/1724/1483 1461/591/567 1462/338/333
f 790/919/853 796/1530/1348 795/1699/1468 789/920/854
f 1366/1377/638 1375/1882/579 1374/629/604 1370/630/605
f 1489/1892/1475 1490/1879/673 1494/1651/1438 1488/611/586
f 819/1320/1188 825/580/558 824/583/225 818/1739/225
f 485/2045/1699 487/1000/927 488/999/926
f 1440/921/1218 1448/947/878 1447/914/848 1439/1383/1236
f 884/1062/985 889/240/238 894/243/241 883/1824/241
f 1428/273/271 1430/1193/1098 1423/1192/1097 1424/715/681
f 377/1621/1418 382/767/724 381/1623/1420 376/127/125
f 1495/529/510 1500/2016/1676 1499/1787/933
f 1381/2031/579 1389/1349/1211 1385/1090/1009
f 974/469/456 971/468/455 972/1943/1625 973/1969/1641
f 1389/2036/1692 1393/1560/1369 1388/1350/1212
f 1499/2046/933 1500/2016/1676 1503/2047/1700
f 1500/2016/1676 1501/1913/1605 1503/2048/1701
f 1501/1913/1605 1502/1912/1604 1503/2049/1702
f 1502/1912/1604 1498/1916/1607 1503/2050/1703
f 1498/1916/1704 1499/2051/933 1503/2052/1700
f 1682/2053/1705 1681/1855/1568 1673/1854/1567
f 1618/1958/1632 1613/1793/1532 1614/1792/1531
f 1646/1454/1286 1645/1679/1457 1640/1514/1334 1641/1455/1287
f 1108/1536/1353 1107/1493/1319 1101/1492/1318 1102/1125/1042
f 580/1508/1328 579/1303/1174 575/328/323 576/1427/1267
f 1663/589/565 1667/588/564 1671/1650/241 1662/925/118
f 961/408/396 964/407/395 956/399/388 957/1109/1027
f 407/756/715 415/1645/1436 419/1647/869 406/2054/1450
f 1378/1678/1456 1377/1820/1551 1371/760/719 1372/541/522
f 1534/1893/1594 1539/1924/1614 1538/2019/769
f 404/2055/1706 403/1589/1707 398/1888/1708
f 1263/1874/1582 1269/1491/1317 1268/350/344 1262/942/873
f 183/444/431 182/203/201 173/205/203 174/870/806
f 848/1718/1481 853/1826/1552 858/1827/225 842/2056/240
f 1547/2057/695 1543/2058/321 1548/325/320
f 1549/1286/1162 1548/325/320 1544/1287/1163
f 1377/1820/1551 1382/1829/1554 1381/1860/579 1376/1821/1492
f 1547/2057/695 1548/325/320 1552/2059/1709
f 1548/325/320 1549/1286/1162 1552/2060/1710
f 1549/1286/1162 1550/1285/1161 1552/2061/1711
f 1550/1285/1161 1551/1930/1618 1552/2062/1712
f 1551/1930/1618 1547/2063/695 1552/2064/1709
f 1265/2015/317 1266/1443/426 1270/1446/1279 1264/1875/1583
f 1138/1714/1478 1137/1464/1294 1131/854/795 1132/1732/1490
f 1634/1516/1336 1633/1552/1364 1622/1551/1363 1625/1850/1566
f 1058/1622/1419 1063/1940/1622 1062/1022/947 1057/1023/948
f 862/626/601 866/1848/1565 865/632/607 861/635/610
f 721/1158/1068 725/1157/1067 728/1713/1477 724/1737/1493
f 1212/897/833 1219/1657/1444 1218/1382/1234 1211/556/537
f 1360/1752/579 1361/1376/638 1365/907/842 1359/909/844
f 1510/216/1713 1509/215/1714 1505/1122/1715 1506/788/1716
f 507/1716/1479 506/1542/1358 502/1032/956 503/1081/1002
f 730/1662/1449 729/571/550 725/1157/1067 726/1156/1066
f 385/906/813 384/905/841 379/1094/1013 374/1503/814
f 510/1543/1359 509/821/766 504/820/765 505/1544/1360
f 571/1381/1233 577/1653/1440 576/1427/1267 570/1174/1079
f 1450/912/846 1456/592/568 1455/1076/933 1454/1835/657
f 936/1255/1143 941/1254/1142 940/1579/1386 935/1207/1107
f 1223/1166/1074 1228/1601/1402 1233/1603/426 1222/1167/426
f 828/1153/1063 827/720/686 821/1426/1266 822/1578/1385
f 560/653/624 564/1175/1080 568/1895/1057 559/654/625
f 363/1698/1467 368/129/127 373/1550/1326 362/1938/369
f 833/721/687 839/1634/1428 838/838/780 832/722/688
f 1608/496/480 1613/1793/1532 1617/2065/241 1612/497/481
f 634/2066/1608 635/2067/1610 633/1760/1512 631/1476/1302
f 1672/1648/1437 1681/1855/1568 1677/2068/574 1676/1649/225
f 1617/2069/241 1613/2070/1717 1621/2071/1688
f 1613/2070/1718 1618/1958/1719 1621/2072/1720
f 1618/1958/1632 1619/1473/1299 1621/2073/1721
f 1619/1473/1299 1620/1472/1298 1621/2074/1722
f 872/1170/1076 871/1063/986 882/1825/580 881/2075/1645
f 776/404/392 775/403/391 774/419/407 773/1697/1466
f 1631/2076/426 1630/1996/326 1628/1520/1340
f 417/1480/1306 423/1190/1095 422/1044/967 416/1481/1307
f 712/1762/1514 711/1386/1238 710/1270/1152 709/1976/1646
f 1636/1549/1362 1629/1517/1337 1632/1548/225
f 951/1499/1323 958/1498/1322 957/1109/1027 950/584/560
f 1642/1453/241 1647/1364/923 1651/1365/1225 1646/1454/1286
f 197/1049/972 206/434/422 205/153/151 196/1230/1125
f 533/1202/1102 532/702/669 527/1363/1224 528/1362/1223
f 997/1613/1410 1002/1635/1429 1001/1658/1445 996/1614/1411
f 1477/397/386 1476/396/385 1471/1775/1522 1472/1726/1485
f 541/1290/1166 547/1585/1388 546/280/276 540/283/279
f 112/1897/960 111/1442/1277 96/1356/1217 81/1819/721
f 614/1308/773 615/1709/772 617/1710/1476 613/1309/1177
f 484/1459/1256 485/2077/1372 488/999/926 483/1001/928
f 85/1024/949 84/1358/1220 12/23/23 17/29/29
f 1237/660/631 1241/1399/1246 1240/206/204 1236/209/207
f 971/468/455 982/320/315 987/323/318 981/1944/241
f 1680/2078/574 1677/2068/574 1681/2079/1723
f 1543/1644/321 1547/2063/695 1551/1930/1618 1546/1636/1430
f 1682/2053/1705 1673/1854/1567 1683/1876/1584
f 1678/1013/938 1683/1876/1584 1673/1854/1567
f 1680/2078/574 1681/2079/1723 1685/2080/1724
f 1681/2079/1725 1682/2053/1726 1685/2081/1727
f 1682/2053/1705 1683/1876/1584 1685/2082/1728
f 1683/1876/1584 1684/1281/1158 1685/2083/1729
f 1684/1281/1158 1680/1280/574 1685/2084/1724
f 847/732/696 852/744/705 851/1686/1460 846/1687/1461
f 408/757/716 407/756/715 406/2054/1450 405/2085/1602
